<?xml version="1.0"?>
<gpx xmlns="http://www.topografix.com/GPX/1/1" xmlns:xsi="http://www.w3.org/2001/XMLSchema-instance" version="1.1" creator="AllTrails.com" xsi:schemaLocation="http://www.topografix.com/GPX/1/1 http://www.topografix.com/GPX/1/1/gpx.xsd">
  <metadata>
    <name><![CDATA[PF345 — Shut-In Trail]]></name>
    <desc><![CDATA[]]></desc>
    <link href="http://www.alltrails.com">
      <text>AllTrails, LLC</text>
    </link>
    <bounds minlat="35.41793" minlon="-82.74765" maxlat="35.50181" maxlon="-82.59361"/>
  </metadata>
  <trk>
    <name><![CDATA[PF345 — Shut-In Trail]]></name>
    <src>AllTrails</src>
    <trkseg>
      <trkpt lat="35.41793" lon="-82.74765">
        <ele>1520.84</ele>
      </trkpt>
      <trkpt lat="35.41794" lon="-82.74761">
        <ele>1521.01</ele>
      </trkpt>
      <trkpt lat="35.41795" lon="-82.74759">
        <ele>1521.4</ele>
      </trkpt>
      <trkpt lat="35.41797" lon="-82.74752">
        <ele>1521.49</ele>
      </trkpt>
      <trkpt lat="35.41801" lon="-82.74749">
        <ele>1522.44</ele>
      </trkpt>
      <trkpt lat="35.41808" lon="-82.74747">
        <ele>1524.08</ele>
      </trkpt>
      <trkpt lat="35.41814" lon="-82.74745">
        <ele>1525.11</ele>
      </trkpt>
      <trkpt lat="35.41819" lon="-82.74745">
        <ele>1527.22</ele>
      </trkpt>
      <trkpt lat="35.41825" lon="-82.74744">
        <ele>1529.72</ele>
      </trkpt>
      <trkpt lat="35.41831" lon="-82.74745">
        <ele>1532.11</ele>
      </trkpt>
      <trkpt lat="35.41836" lon="-82.74745">
        <ele>1533.58</ele>
      </trkpt>
      <trkpt lat="35.41841" lon="-82.74742">
        <ele>1534.66</ele>
      </trkpt>
      <trkpt lat="35.41846" lon="-82.74738">
        <ele>1535.48</ele>
      </trkpt>
      <trkpt lat="35.41851" lon="-82.74735">
        <ele>1536.47</ele>
      </trkpt>
      <trkpt lat="35.41856" lon="-82.74733">
        <ele>1537.28</ele>
      </trkpt>
      <trkpt lat="35.41861" lon="-82.7473">
        <ele>1537.66</ele>
      </trkpt>
      <trkpt lat="35.41866" lon="-82.74727">
        <ele>1538.6</ele>
      </trkpt>
      <trkpt lat="35.41871" lon="-82.74724">
        <ele>1540.12</ele>
      </trkpt>
      <trkpt lat="35.41879" lon="-82.74716">
        <ele>1541.77</ele>
      </trkpt>
      <trkpt lat="35.41879" lon="-82.74716">
        <ele>1541.77</ele>
      </trkpt>
      <trkpt lat="35.41884" lon="-82.74714">
        <ele>1542.47</ele>
      </trkpt>
      <trkpt lat="35.4189" lon="-82.74711">
        <ele>1542.82</ele>
      </trkpt>
      <trkpt lat="35.41895" lon="-82.74708">
        <ele>1543.25</ele>
      </trkpt>
      <trkpt lat="35.41901" lon="-82.74706">
        <ele>1544.27</ele>
      </trkpt>
      <trkpt lat="35.41906" lon="-82.74703">
        <ele>1545.24</ele>
      </trkpt>
      <trkpt lat="35.41911" lon="-82.747">
        <ele>1545.49</ele>
      </trkpt>
      <trkpt lat="35.41916" lon="-82.74698">
        <ele>1546.54</ele>
      </trkpt>
      <trkpt lat="35.4192" lon="-82.74694">
        <ele>1547.66</ele>
      </trkpt>
      <trkpt lat="35.41924" lon="-82.7469">
        <ele>1548.52</ele>
      </trkpt>
      <trkpt lat="35.41928" lon="-82.74686">
        <ele>1549.32</ele>
      </trkpt>
      <trkpt lat="35.41933" lon="-82.74682">
        <ele>1550.71</ele>
      </trkpt>
      <trkpt lat="35.41936" lon="-82.74677">
        <ele>1550.85</ele>
      </trkpt>
      <trkpt lat="35.4194" lon="-82.74673">
        <ele>1551.54</ele>
      </trkpt>
      <trkpt lat="35.41943" lon="-82.74668">
        <ele>1550.78</ele>
      </trkpt>
      <trkpt lat="35.41947" lon="-82.74665">
        <ele>1552.03</ele>
      </trkpt>
      <trkpt lat="35.41951" lon="-82.7466">
        <ele>1552.36</ele>
      </trkpt>
      <trkpt lat="35.41955" lon="-82.74659">
        <ele>1554.77</ele>
      </trkpt>
      <trkpt lat="35.4196" lon="-82.74662">
        <ele>1559.23</ele>
      </trkpt>
      <trkpt lat="35.41965" lon="-82.74665">
        <ele>1562.38</ele>
      </trkpt>
      <trkpt lat="35.4197" lon="-82.74664">
        <ele>1564.14</ele>
      </trkpt>
      <trkpt lat="35.41973" lon="-82.74659">
        <ele>1565.25</ele>
      </trkpt>
      <trkpt lat="35.41977" lon="-82.74655">
        <ele>1565.78</ele>
      </trkpt>
      <trkpt lat="35.41981" lon="-82.74651">
        <ele>1566.39</ele>
      </trkpt>
      <trkpt lat="35.41985" lon="-82.74649">
        <ele>1567.67</ele>
      </trkpt>
      <trkpt lat="35.4199" lon="-82.74653">
        <ele>1570.25</ele>
      </trkpt>
      <trkpt lat="35.41995" lon="-82.74656">
        <ele>1572.23</ele>
      </trkpt>
      <trkpt lat="35.42001" lon="-82.74656">
        <ele>1574.2</ele>
      </trkpt>
      <trkpt lat="35.42006" lon="-82.74653">
        <ele>1576.08</ele>
      </trkpt>
      <trkpt lat="35.4201" lon="-82.74649">
        <ele>1578.16</ele>
      </trkpt>
      <trkpt lat="35.42015" lon="-82.74646">
        <ele>1579.77</ele>
      </trkpt>
      <trkpt lat="35.4202" lon="-82.74646">
        <ele>1581.6</ele>
      </trkpt>
      <trkpt lat="35.42026" lon="-82.74646">
        <ele>1584.04</ele>
      </trkpt>
      <trkpt lat="35.42032" lon="-82.74646">
        <ele>1586.24</ele>
      </trkpt>
      <trkpt lat="35.42037" lon="-82.74645">
        <ele>1587.99</ele>
      </trkpt>
      <trkpt lat="35.42042" lon="-82.74643">
        <ele>1590.14</ele>
      </trkpt>
      <trkpt lat="35.42047" lon="-82.74641">
        <ele>1592.25</ele>
      </trkpt>
      <trkpt lat="35.42052" lon="-82.74638">
        <ele>1593.75</ele>
      </trkpt>
      <trkpt lat="35.42056" lon="-82.74639">
        <ele>1595.2</ele>
      </trkpt>
      <trkpt lat="35.42058" lon="-82.74639">
        <ele>1596.07</ele>
      </trkpt>
      <trkpt lat="35.42063" lon="-82.74639">
        <ele>1598.23</ele>
      </trkpt>
      <trkpt lat="35.42067" lon="-82.74641">
        <ele>1600.35</ele>
      </trkpt>
      <trkpt lat="35.4207" lon="-82.74646">
        <ele>1602.14</ele>
      </trkpt>
      <trkpt lat="35.42073" lon="-82.7465">
        <ele>1603.51</ele>
      </trkpt>
      <trkpt lat="35.42076" lon="-82.74645">
        <ele>1604.55</ele>
      </trkpt>
      <trkpt lat="35.4208" lon="-82.74641">
        <ele>1605.43</ele>
      </trkpt>
      <trkpt lat="35.42084" lon="-82.74644">
        <ele>1606.66</ele>
      </trkpt>
      <trkpt lat="35.42088" lon="-82.74646">
        <ele>1607.66</ele>
      </trkpt>
      <trkpt lat="35.42093" lon="-82.74647">
        <ele>1608.8</ele>
      </trkpt>
      <trkpt lat="35.42097" lon="-82.74643">
        <ele>1608.36</ele>
      </trkpt>
      <trkpt lat="35.42101" lon="-82.7464">
        <ele>1608.15</ele>
      </trkpt>
      <trkpt lat="35.42107" lon="-82.74638">
        <ele>1607.34</ele>
      </trkpt>
      <trkpt lat="35.42112" lon="-82.74639">
        <ele>1608.02</ele>
      </trkpt>
      <trkpt lat="35.42118" lon="-82.74638">
        <ele>1607.5</ele>
      </trkpt>
      <trkpt lat="35.42124" lon="-82.74638">
        <ele>1606.85</ele>
      </trkpt>
      <trkpt lat="35.4213" lon="-82.74637">
        <ele>1605.6</ele>
      </trkpt>
      <trkpt lat="35.42136" lon="-82.74636">
        <ele>1605.59</ele>
      </trkpt>
      <trkpt lat="35.42141" lon="-82.74633">
        <ele>1605.28</ele>
      </trkpt>
      <trkpt lat="35.42147" lon="-82.74631">
        <ele>1605.02</ele>
      </trkpt>
      <trkpt lat="35.4215" lon="-82.74626">
        <ele>1604.8</ele>
      </trkpt>
      <trkpt lat="35.42154" lon="-82.74622">
        <ele>1604.37</ele>
      </trkpt>
      <trkpt lat="35.42158" lon="-82.74618">
        <ele>1603.95</ele>
      </trkpt>
      <trkpt lat="35.42163" lon="-82.74614">
        <ele>1603.81</ele>
      </trkpt>
      <trkpt lat="35.42167" lon="-82.74611">
        <ele>1603.95</ele>
      </trkpt>
      <trkpt lat="35.42172" lon="-82.74608">
        <ele>1603.48</ele>
      </trkpt>
      <trkpt lat="35.42177" lon="-82.74603">
        <ele>1603.88</ele>
      </trkpt>
      <trkpt lat="35.4218" lon="-82.746">
        <ele>1603.89</ele>
      </trkpt>
      <trkpt lat="35.42184" lon="-82.74596">
        <ele>1603.92</ele>
      </trkpt>
      <trkpt lat="35.42188" lon="-82.74592">
        <ele>1603.96</ele>
      </trkpt>
      <trkpt lat="35.42192" lon="-82.74587">
        <ele>1603.84</ele>
      </trkpt>
      <trkpt lat="35.42196" lon="-82.74583">
        <ele>1604.17</ele>
      </trkpt>
      <trkpt lat="35.42199" lon="-82.74579">
        <ele>1604.49</ele>
      </trkpt>
      <trkpt lat="35.42203" lon="-82.74575">
        <ele>1604.92</ele>
      </trkpt>
      <trkpt lat="35.42206" lon="-82.7457">
        <ele>1605.0</ele>
      </trkpt>
      <trkpt lat="35.4221" lon="-82.74566">
        <ele>1605.0</ele>
      </trkpt>
      <trkpt lat="35.42214" lon="-82.74561">
        <ele>1605.09</ele>
      </trkpt>
      <trkpt lat="35.42218" lon="-82.74557">
        <ele>1605.92</ele>
      </trkpt>
      <trkpt lat="35.42221" lon="-82.74552">
        <ele>1606.58</ele>
      </trkpt>
      <trkpt lat="35.42224" lon="-82.74547">
        <ele>1607.18</ele>
      </trkpt>
      <trkpt lat="35.42227" lon="-82.74542">
        <ele>1607.31</ele>
      </trkpt>
      <trkpt lat="35.42231" lon="-82.74538">
        <ele>1608.7</ele>
      </trkpt>
      <trkpt lat="35.42234" lon="-82.74533">
        <ele>1608.05</ele>
      </trkpt>
      <trkpt lat="35.42237" lon="-82.74528">
        <ele>1607.82</ele>
      </trkpt>
      <trkpt lat="35.42241" lon="-82.74524">
        <ele>1607.8</ele>
      </trkpt>
      <trkpt lat="35.42244" lon="-82.74519">
        <ele>1606.82</ele>
      </trkpt>
      <trkpt lat="35.42248" lon="-82.74515">
        <ele>1606.26</ele>
      </trkpt>
      <trkpt lat="35.42251" lon="-82.74509">
        <ele>1605.14</ele>
      </trkpt>
      <trkpt lat="35.42251" lon="-82.74503">
        <ele>1603.26</ele>
      </trkpt>
      <trkpt lat="35.42252" lon="-82.74497">
        <ele>1601.68</ele>
      </trkpt>
      <trkpt lat="35.42251" lon="-82.74491">
        <ele>1599.41</ele>
      </trkpt>
      <trkpt lat="35.42254" lon="-82.74486">
        <ele>1598.25</ele>
      </trkpt>
      <trkpt lat="35.42256" lon="-82.74481">
        <ele>1596.75</ele>
      </trkpt>
      <trkpt lat="35.42259" lon="-82.74477">
        <ele>1595.99</ele>
      </trkpt>
      <trkpt lat="35.42262" lon="-82.74472">
        <ele>1594.49</ele>
      </trkpt>
      <trkpt lat="35.42267" lon="-82.74468">
        <ele>1593.47</ele>
      </trkpt>
      <trkpt lat="35.42271" lon="-82.74464">
        <ele>1591.59</ele>
      </trkpt>
      <trkpt lat="35.42275" lon="-82.7446">
        <ele>1589.4</ele>
      </trkpt>
      <trkpt lat="35.4228" lon="-82.74457">
        <ele>1587.87</ele>
      </trkpt>
      <trkpt lat="35.42284" lon="-82.74453">
        <ele>1585.75</ele>
      </trkpt>
      <trkpt lat="35.42288" lon="-82.74449">
        <ele>1584.63</ele>
      </trkpt>
      <trkpt lat="35.42293" lon="-82.74447">
        <ele>1584.65</ele>
      </trkpt>
      <trkpt lat="35.42298" lon="-82.74443">
        <ele>1583.72</ele>
      </trkpt>
      <trkpt lat="35.42302" lon="-82.74439">
        <ele>1582.85</ele>
      </trkpt>
      <trkpt lat="35.42306" lon="-82.74435">
        <ele>1582.01</ele>
      </trkpt>
      <trkpt lat="35.42309" lon="-82.7443">
        <ele>1581.04</ele>
      </trkpt>
      <trkpt lat="35.42312" lon="-82.74425">
        <ele>1579.77</ele>
      </trkpt>
      <trkpt lat="35.42316" lon="-82.7442">
        <ele>1578.77</ele>
      </trkpt>
      <trkpt lat="35.42319" lon="-82.74416">
        <ele>1577.71</ele>
      </trkpt>
      <trkpt lat="35.42322" lon="-82.74411">
        <ele>1575.55</ele>
      </trkpt>
      <trkpt lat="35.42328" lon="-82.74409">
        <ele>1574.26</ele>
      </trkpt>
      <trkpt lat="35.42336" lon="-82.74405">
        <ele>1571.93</ele>
      </trkpt>
      <trkpt lat="35.42336" lon="-82.74405">
        <ele>1571.93</ele>
      </trkpt>
      <trkpt lat="35.42339" lon="-82.74404">
        <ele>1571.28</ele>
      </trkpt>
      <trkpt lat="35.42342" lon="-82.74403">
        <ele>1570.64</ele>
      </trkpt>
      <trkpt lat="35.42346" lon="-82.744">
        <ele>1568.79</ele>
      </trkpt>
      <trkpt lat="35.42348" lon="-82.74394">
        <ele>1566.49</ele>
      </trkpt>
      <trkpt lat="35.42346" lon="-82.74389">
        <ele>1565.3</ele>
      </trkpt>
      <trkpt lat="35.42342" lon="-82.74386">
        <ele>1565.11</ele>
      </trkpt>
      <trkpt lat="35.42339" lon="-82.74381">
        <ele>1563.5</ele>
      </trkpt>
      <trkpt lat="35.42342" lon="-82.74377">
        <ele>1561.86</ele>
      </trkpt>
      <trkpt lat="35.42347" lon="-82.74376">
        <ele>1560.67</ele>
      </trkpt>
      <trkpt lat="35.4235" lon="-82.74373">
        <ele>1559.11</ele>
      </trkpt>
      <trkpt lat="35.42349" lon="-82.74367">
        <ele>1556.96</ele>
      </trkpt>
      <trkpt lat="35.42346" lon="-82.74362">
        <ele>1555.59</ele>
      </trkpt>
      <trkpt lat="35.4235" lon="-82.74361">
        <ele>1554.35</ele>
      </trkpt>
      <trkpt lat="35.42357" lon="-82.74359">
        <ele>1552.1</ele>
      </trkpt>
      <trkpt lat="35.42358" lon="-82.74358">
        <ele>1551.55</ele>
      </trkpt>
      <trkpt lat="35.42364" lon="-82.74356">
        <ele>1549.27</ele>
      </trkpt>
      <trkpt lat="35.42367" lon="-82.7435">
        <ele>1546.75</ele>
      </trkpt>
      <trkpt lat="35.42366" lon="-82.74343">
        <ele>1545.56</ele>
      </trkpt>
      <trkpt lat="35.42365" lon="-82.74337">
        <ele>1543.42</ele>
      </trkpt>
      <trkpt lat="35.42364" lon="-82.74331">
        <ele>1541.24</ele>
      </trkpt>
      <trkpt lat="35.42367" lon="-82.74325">
        <ele>1539.3</ele>
      </trkpt>
      <trkpt lat="35.4237" lon="-82.7432">
        <ele>1537.66</ele>
      </trkpt>
      <trkpt lat="35.42372" lon="-82.74314">
        <ele>1535.33</ele>
      </trkpt>
      <trkpt lat="35.42375" lon="-82.74309">
        <ele>1533.12</ele>
      </trkpt>
      <trkpt lat="35.42378" lon="-82.74303">
        <ele>1531.12</ele>
      </trkpt>
      <trkpt lat="35.4238" lon="-82.74297">
        <ele>1529.14</ele>
      </trkpt>
      <trkpt lat="35.42383" lon="-82.74292">
        <ele>1526.75</ele>
      </trkpt>
      <trkpt lat="35.42387" lon="-82.74289">
        <ele>1525.51</ele>
      </trkpt>
      <trkpt lat="35.42391" lon="-82.74284">
        <ele>1523.71</ele>
      </trkpt>
      <trkpt lat="35.42395" lon="-82.7428">
        <ele>1522.4</ele>
      </trkpt>
      <trkpt lat="35.42399" lon="-82.74276">
        <ele>1521.47</ele>
      </trkpt>
      <trkpt lat="35.42402" lon="-82.74271">
        <ele>1520.31</ele>
      </trkpt>
      <trkpt lat="35.42405" lon="-82.74266">
        <ele>1519.66</ele>
      </trkpt>
      <trkpt lat="35.42408" lon="-82.74261">
        <ele>1519.09</ele>
      </trkpt>
      <trkpt lat="35.42412" lon="-82.74256">
        <ele>1518.15</ele>
      </trkpt>
      <trkpt lat="35.42415" lon="-82.74251">
        <ele>1517.86</ele>
      </trkpt>
      <trkpt lat="35.42419" lon="-82.74247">
        <ele>1516.59</ele>
      </trkpt>
      <trkpt lat="35.42421" lon="-82.74242">
        <ele>1515.61</ele>
      </trkpt>
      <trkpt lat="35.42421" lon="-82.74235">
        <ele>1513.96</ele>
      </trkpt>
      <trkpt lat="35.42419" lon="-82.74229">
        <ele>1512.4</ele>
      </trkpt>
      <trkpt lat="35.42419" lon="-82.74223">
        <ele>1510.94</ele>
      </trkpt>
      <trkpt lat="35.42422" lon="-82.74217">
        <ele>1509.3</ele>
      </trkpt>
      <trkpt lat="35.42427" lon="-82.74214">
        <ele>1507.79</ele>
      </trkpt>
      <trkpt lat="35.42431" lon="-82.7421">
        <ele>1504.38</ele>
      </trkpt>
      <trkpt lat="35.42436" lon="-82.74207">
        <ele>1501.3</ele>
      </trkpt>
      <trkpt lat="35.42441" lon="-82.74204">
        <ele>1499.48</ele>
      </trkpt>
      <trkpt lat="35.42446" lon="-82.74201">
        <ele>1497.66</ele>
      </trkpt>
      <trkpt lat="35.42452" lon="-82.742">
        <ele>1496.58</ele>
      </trkpt>
      <trkpt lat="35.42458" lon="-82.74198">
        <ele>1495.07</ele>
      </trkpt>
      <trkpt lat="35.42463" lon="-82.74195">
        <ele>1493.24</ele>
      </trkpt>
      <trkpt lat="35.42468" lon="-82.74192">
        <ele>1491.94</ele>
      </trkpt>
      <trkpt lat="35.42473" lon="-82.74189">
        <ele>1490.53</ele>
      </trkpt>
      <trkpt lat="35.42478" lon="-82.74186">
        <ele>1488.67</ele>
      </trkpt>
      <trkpt lat="35.42483" lon="-82.74184">
        <ele>1487.51</ele>
      </trkpt>
      <trkpt lat="35.4249" lon="-82.74182">
        <ele>1486.94</ele>
      </trkpt>
      <trkpt lat="35.42494" lon="-82.74179">
        <ele>1485.41</ele>
      </trkpt>
      <trkpt lat="35.42497" lon="-82.74173">
        <ele>1482.43</ele>
      </trkpt>
      <trkpt lat="35.42499" lon="-82.74167">
        <ele>1478.32</ele>
      </trkpt>
      <trkpt lat="35.42504" lon="-82.74164">
        <ele>1476.68</ele>
      </trkpt>
      <trkpt lat="35.4251" lon="-82.74163">
        <ele>1476.34</ele>
      </trkpt>
      <trkpt lat="35.42516" lon="-82.74161">
        <ele>1474.82</ele>
      </trkpt>
      <trkpt lat="35.42522" lon="-82.7416">
        <ele>1473.91</ele>
      </trkpt>
      <trkpt lat="35.42528" lon="-82.7416">
        <ele>1473.51</ele>
      </trkpt>
      <trkpt lat="35.42533" lon="-82.74161">
        <ele>1472.43</ele>
      </trkpt>
      <trkpt lat="35.42538" lon="-82.74159">
        <ele>1470.96</ele>
      </trkpt>
      <trkpt lat="35.4254" lon="-82.74153">
        <ele>1469.41</ele>
      </trkpt>
      <trkpt lat="35.42543" lon="-82.74148">
        <ele>1467.65</ele>
      </trkpt>
      <trkpt lat="35.42548" lon="-82.74145">
        <ele>1465.49</ele>
      </trkpt>
      <trkpt lat="35.42554" lon="-82.74143">
        <ele>1463.3</ele>
      </trkpt>
      <trkpt lat="35.4256" lon="-82.74143">
        <ele>1462.19</ele>
      </trkpt>
      <trkpt lat="35.42565" lon="-82.74142">
        <ele>1461.3</ele>
      </trkpt>
      <trkpt lat="35.42571" lon="-82.74142">
        <ele>1460.0</ele>
      </trkpt>
      <trkpt lat="35.42577" lon="-82.74141">
        <ele>1458.6</ele>
      </trkpt>
      <trkpt lat="35.42583" lon="-82.74141">
        <ele>1457.3</ele>
      </trkpt>
      <trkpt lat="35.42589" lon="-82.74139">
        <ele>1455.79</ele>
      </trkpt>
      <trkpt lat="35.42595" lon="-82.74137">
        <ele>1454.28</ele>
      </trkpt>
      <trkpt lat="35.42601" lon="-82.74135">
        <ele>1452.76</ele>
      </trkpt>
      <trkpt lat="35.42607" lon="-82.74134">
        <ele>1451.36</ele>
      </trkpt>
      <trkpt lat="35.42613" lon="-82.74132">
        <ele>1449.8</ele>
      </trkpt>
      <trkpt lat="35.42618" lon="-82.74129">
        <ele>1448.44</ele>
      </trkpt>
      <trkpt lat="35.42623" lon="-82.74126">
        <ele>1446.87</ele>
      </trkpt>
      <trkpt lat="35.42628" lon="-82.74123">
        <ele>1445.4</ele>
      </trkpt>
      <trkpt lat="35.42633" lon="-82.7412">
        <ele>1443.86</ele>
      </trkpt>
      <trkpt lat="35.42638" lon="-82.74118">
        <ele>1442.24</ele>
      </trkpt>
      <trkpt lat="35.42644" lon="-82.74116">
        <ele>1441.19</ele>
      </trkpt>
      <trkpt lat="35.4265" lon="-82.74114">
        <ele>1440.11</ele>
      </trkpt>
      <trkpt lat="35.42656" lon="-82.74112">
        <ele>1439.25</ele>
      </trkpt>
      <trkpt lat="35.42662" lon="-82.7411">
        <ele>1438.88</ele>
      </trkpt>
      <trkpt lat="35.42668" lon="-82.7411">
        <ele>1438.88</ele>
      </trkpt>
      <trkpt lat="35.42674" lon="-82.7411">
        <ele>1438.88</ele>
      </trkpt>
      <trkpt lat="35.4268" lon="-82.74109">
        <ele>1438.87</ele>
      </trkpt>
      <trkpt lat="35.42685" lon="-82.7411">
        <ele>1439.0</ele>
      </trkpt>
      <trkpt lat="35.42691" lon="-82.74108">
        <ele>1439.0</ele>
      </trkpt>
      <trkpt lat="35.42696" lon="-82.74105">
        <ele>1439.0</ele>
      </trkpt>
      <trkpt lat="35.42698" lon="-82.741">
        <ele>1438.88</ele>
      </trkpt>
      <trkpt lat="35.42703" lon="-82.74096">
        <ele>1438.95</ele>
      </trkpt>
      <trkpt lat="35.42706" lon="-82.74091">
        <ele>1438.83</ele>
      </trkpt>
      <trkpt lat="35.4271" lon="-82.74087">
        <ele>1438.4</ele>
      </trkpt>
      <trkpt lat="35.42715" lon="-82.74084">
        <ele>1438.07</ele>
      </trkpt>
      <trkpt lat="35.42719" lon="-82.7408">
        <ele>1437.51</ele>
      </trkpt>
      <trkpt lat="35.42723" lon="-82.74076">
        <ele>1437.19</ele>
      </trkpt>
      <trkpt lat="35.42727" lon="-82.74072">
        <ele>1436.55</ele>
      </trkpt>
      <trkpt lat="35.42732" lon="-82.74069">
        <ele>1435.93</ele>
      </trkpt>
      <trkpt lat="35.42735" lon="-82.74064">
        <ele>1435.29</ele>
      </trkpt>
      <trkpt lat="35.42741" lon="-82.74062">
        <ele>1435.72</ele>
      </trkpt>
      <trkpt lat="35.42746" lon="-82.74059">
        <ele>1435.94</ele>
      </trkpt>
      <trkpt lat="35.42751" lon="-82.74056">
        <ele>1436.15</ele>
      </trkpt>
      <trkpt lat="35.42756" lon="-82.74053">
        <ele>1436.37</ele>
      </trkpt>
      <trkpt lat="35.4276" lon="-82.7405">
        <ele>1436.48</ele>
      </trkpt>
      <trkpt lat="35.42765" lon="-82.74047">
        <ele>1436.7</ele>
      </trkpt>
      <trkpt lat="35.42771" lon="-82.74047">
        <ele>1437.06</ele>
      </trkpt>
      <trkpt lat="35.42777" lon="-82.74047">
        <ele>1437.01</ele>
      </trkpt>
      <trkpt lat="35.42782" lon="-82.74047">
        <ele>1436.97</ele>
      </trkpt>
      <trkpt lat="35.42788" lon="-82.74046">
        <ele>1436.87</ele>
      </trkpt>
      <trkpt lat="35.42794" lon="-82.74045">
        <ele>1436.21</ele>
      </trkpt>
      <trkpt lat="35.428" lon="-82.74043">
        <ele>1436.0</ele>
      </trkpt>
      <trkpt lat="35.42806" lon="-82.74041">
        <ele>1436.0</ele>
      </trkpt>
      <trkpt lat="35.42812" lon="-82.74039">
        <ele>1436.0</ele>
      </trkpt>
      <trkpt lat="35.42818" lon="-82.74037">
        <ele>1435.65</ele>
      </trkpt>
      <trkpt lat="35.42824" lon="-82.74036">
        <ele>1434.9</ele>
      </trkpt>
      <trkpt lat="35.4283" lon="-82.74034">
        <ele>1434.67</ele>
      </trkpt>
      <trkpt lat="35.42836" lon="-82.74032">
        <ele>1434.19</ele>
      </trkpt>
      <trkpt lat="35.42842" lon="-82.7403">
        <ele>1433.79</ele>
      </trkpt>
      <trkpt lat="35.42848" lon="-82.74028">
        <ele>1433.39</ele>
      </trkpt>
      <trkpt lat="35.42854" lon="-82.74027">
        <ele>1432.62</ele>
      </trkpt>
      <trkpt lat="35.4286" lon="-82.74024">
        <ele>1431.66</ele>
      </trkpt>
      <trkpt lat="35.42865" lon="-82.74021">
        <ele>1430.74</ele>
      </trkpt>
      <trkpt lat="35.4287" lon="-82.74018">
        <ele>1429.87</ele>
      </trkpt>
      <trkpt lat="35.42875" lon="-82.74015">
        <ele>1428.74</ele>
      </trkpt>
      <trkpt lat="35.42879" lon="-82.74011">
        <ele>1428.15</ele>
      </trkpt>
      <trkpt lat="35.42884" lon="-82.74008">
        <ele>1427.04</ele>
      </trkpt>
      <trkpt lat="35.42889" lon="-82.74006">
        <ele>1426.29</ele>
      </trkpt>
      <trkpt lat="35.42894" lon="-82.74003">
        <ele>1425.47</ele>
      </trkpt>
      <trkpt lat="35.42898" lon="-82.73999">
        <ele>1424.57</ele>
      </trkpt>
      <trkpt lat="35.42903" lon="-82.73996">
        <ele>1423.2</ele>
      </trkpt>
      <trkpt lat="35.42909" lon="-82.73993">
        <ele>1422.4</ele>
      </trkpt>
      <trkpt lat="35.42913" lon="-82.73989">
        <ele>1421.29</ele>
      </trkpt>
      <trkpt lat="35.42917" lon="-82.73986">
        <ele>1420.46</ele>
      </trkpt>
      <trkpt lat="35.42922" lon="-82.73983">
        <ele>1419.88</ele>
      </trkpt>
      <trkpt lat="35.42927" lon="-82.7398">
        <ele>1419.44</ele>
      </trkpt>
      <trkpt lat="35.42931" lon="-82.73976">
        <ele>1418.32</ele>
      </trkpt>
      <trkpt lat="35.42936" lon="-82.73973">
        <ele>1418.07</ele>
      </trkpt>
      <trkpt lat="35.42941" lon="-82.7397">
        <ele>1417.34</ele>
      </trkpt>
      <trkpt lat="35.42945" lon="-82.73966">
        <ele>1416.62</ele>
      </trkpt>
      <trkpt lat="35.4295" lon="-82.73963">
        <ele>1416.0</ele>
      </trkpt>
      <trkpt lat="35.42954" lon="-82.73959">
        <ele>1415.08</ele>
      </trkpt>
      <trkpt lat="35.42958" lon="-82.73955">
        <ele>1413.69</ele>
      </trkpt>
      <trkpt lat="35.42961" lon="-82.7395">
        <ele>1412.56</ele>
      </trkpt>
      <trkpt lat="35.42965" lon="-82.73946">
        <ele>1411.47</ele>
      </trkpt>
      <trkpt lat="35.42967" lon="-82.73939">
        <ele>1409.11</ele>
      </trkpt>
      <trkpt lat="35.42969" lon="-82.73933">
        <ele>1407.36</ele>
      </trkpt>
      <trkpt lat="35.4297" lon="-82.73926">
        <ele>1405.54</ele>
      </trkpt>
      <trkpt lat="35.42973" lon="-82.73921">
        <ele>1404.33</ele>
      </trkpt>
      <trkpt lat="35.42978" lon="-82.73917">
        <ele>1403.06</ele>
      </trkpt>
      <trkpt lat="35.42981" lon="-82.73913">
        <ele>1402.13</ele>
      </trkpt>
      <trkpt lat="35.42985" lon="-82.73909">
        <ele>1400.52</ele>
      </trkpt>
      <trkpt lat="35.42988" lon="-82.73904">
        <ele>1398.53</ele>
      </trkpt>
      <trkpt lat="35.4299" lon="-82.73898">
        <ele>1396.85</ele>
      </trkpt>
      <trkpt lat="35.42993" lon="-82.73892">
        <ele>1394.18</ele>
      </trkpt>
      <trkpt lat="35.42995" lon="-82.73886">
        <ele>1392.06</ele>
      </trkpt>
      <trkpt lat="35.42997" lon="-82.7388">
        <ele>1390.12</ele>
      </trkpt>
      <trkpt lat="35.42999" lon="-82.73874">
        <ele>1388.72</ele>
      </trkpt>
      <trkpt lat="35.43002" lon="-82.73868">
        <ele>1387.29</ele>
      </trkpt>
      <trkpt lat="35.43004" lon="-82.73862">
        <ele>1385.68</ele>
      </trkpt>
      <trkpt lat="35.43006" lon="-82.73856">
        <ele>1384.16</ele>
      </trkpt>
      <trkpt lat="35.43009" lon="-82.7385">
        <ele>1383.5</ele>
      </trkpt>
      <trkpt lat="35.4301" lon="-82.73844">
        <ele>1382.29</ele>
      </trkpt>
      <trkpt lat="35.43014" lon="-82.7384">
        <ele>1381.31</ele>
      </trkpt>
      <trkpt lat="35.43017" lon="-82.73835">
        <ele>1380.78</ele>
      </trkpt>
      <trkpt lat="35.43021" lon="-82.73831">
        <ele>1380.36</ele>
      </trkpt>
      <trkpt lat="35.43023" lon="-82.73824">
        <ele>1379.47</ele>
      </trkpt>
      <trkpt lat="35.43025" lon="-82.73818">
        <ele>1379.11</ele>
      </trkpt>
      <trkpt lat="35.43027" lon="-82.73812">
        <ele>1379.03</ele>
      </trkpt>
      <trkpt lat="35.43029" lon="-82.73805">
        <ele>1378.06</ele>
      </trkpt>
      <trkpt lat="35.43033" lon="-82.73801">
        <ele>1378.27</ele>
      </trkpt>
      <trkpt lat="35.43037" lon="-82.73797">
        <ele>1379.98</ele>
      </trkpt>
      <trkpt lat="35.43041" lon="-82.73793">
        <ele>1379.95</ele>
      </trkpt>
      <trkpt lat="35.43045" lon="-82.7379">
        <ele>1380.49</ele>
      </trkpt>
      <trkpt lat="35.4305" lon="-82.73787">
        <ele>1380.6</ele>
      </trkpt>
      <trkpt lat="35.43055" lon="-82.73784">
        <ele>1380.37</ele>
      </trkpt>
      <trkpt lat="35.43059" lon="-82.7378">
        <ele>1380.76</ele>
      </trkpt>
      <trkpt lat="35.43065" lon="-82.73778">
        <ele>1380.96</ele>
      </trkpt>
      <trkpt lat="35.43068" lon="-82.73772">
        <ele>1380.66</ele>
      </trkpt>
      <trkpt lat="35.43071" lon="-82.73767">
        <ele>1380.44</ele>
      </trkpt>
      <trkpt lat="35.43073" lon="-82.73762">
        <ele>1380.74</ele>
      </trkpt>
      <trkpt lat="35.43075" lon="-82.73756">
        <ele>1380.48</ele>
      </trkpt>
      <trkpt lat="35.43079" lon="-82.73751">
        <ele>1379.52</ele>
      </trkpt>
      <trkpt lat="35.43081" lon="-82.73745">
        <ele>1379.25</ele>
      </trkpt>
      <trkpt lat="35.43083" lon="-82.73739">
        <ele>1379.02</ele>
      </trkpt>
      <trkpt lat="35.43085" lon="-82.73733">
        <ele>1379.0</ele>
      </trkpt>
      <trkpt lat="35.43088" lon="-82.73727">
        <ele>1378.76</ele>
      </trkpt>
      <trkpt lat="35.43089" lon="-82.7372">
        <ele>1378.61</ele>
      </trkpt>
      <trkpt lat="35.4309" lon="-82.73713">
        <ele>1378.72</ele>
      </trkpt>
      <trkpt lat="35.43092" lon="-82.73706">
        <ele>1378.89</ele>
      </trkpt>
      <trkpt lat="35.43093" lon="-82.73699">
        <ele>1379.0</ele>
      </trkpt>
      <trkpt lat="35.43094" lon="-82.73692">
        <ele>1379.0</ele>
      </trkpt>
      <trkpt lat="35.43096" lon="-82.73685">
        <ele>1379.0</ele>
      </trkpt>
      <trkpt lat="35.43097" lon="-82.73678">
        <ele>1379.0</ele>
      </trkpt>
      <trkpt lat="35.43098" lon="-82.73671">
        <ele>1378.69</ele>
      </trkpt>
      <trkpt lat="35.431" lon="-82.73664">
        <ele>1378.08</ele>
      </trkpt>
      <trkpt lat="35.43101" lon="-82.73657">
        <ele>1377.82</ele>
      </trkpt>
      <trkpt lat="35.43101" lon="-82.73651">
        <ele>1376.52</ele>
      </trkpt>
      <trkpt lat="35.43098" lon="-82.73645">
        <ele>1374.9</ele>
      </trkpt>
      <trkpt lat="35.43094" lon="-82.7364">
        <ele>1373.39</ele>
      </trkpt>
      <trkpt lat="35.43094" lon="-82.73633">
        <ele>1371.88</ele>
      </trkpt>
      <trkpt lat="35.43096" lon="-82.73626">
        <ele>1370.73</ele>
      </trkpt>
      <trkpt lat="35.43097" lon="-82.73619">
        <ele>1369.73</ele>
      </trkpt>
      <trkpt lat="35.43098" lon="-82.73612">
        <ele>1368.89</ele>
      </trkpt>
      <trkpt lat="35.431" lon="-82.73605">
        <ele>1368.74</ele>
      </trkpt>
      <trkpt lat="35.43102" lon="-82.73599">
        <ele>1368.69</ele>
      </trkpt>
      <trkpt lat="35.43103" lon="-82.73593">
        <ele>1368.16</ele>
      </trkpt>
      <trkpt lat="35.43107" lon="-82.73588">
        <ele>1368.56</ele>
      </trkpt>
      <trkpt lat="35.43111" lon="-82.73584">
        <ele>1368.99</ele>
      </trkpt>
      <trkpt lat="35.43114" lon="-82.73579">
        <ele>1368.69</ele>
      </trkpt>
      <trkpt lat="35.43117" lon="-82.73574">
        <ele>1368.37</ele>
      </trkpt>
      <trkpt lat="35.4312" lon="-82.73569">
        <ele>1368.57</ele>
      </trkpt>
      <trkpt lat="35.43122" lon="-82.73563">
        <ele>1368.84</ele>
      </trkpt>
      <trkpt lat="35.43125" lon="-82.73557">
        <ele>1368.84</ele>
      </trkpt>
      <trkpt lat="35.43128" lon="-82.73552">
        <ele>1368.67</ele>
      </trkpt>
      <trkpt lat="35.4313" lon="-82.73546">
        <ele>1368.91</ele>
      </trkpt>
      <trkpt lat="35.43132" lon="-82.7354">
        <ele>1369.09</ele>
      </trkpt>
      <trkpt lat="35.43135" lon="-82.73534">
        <ele>1369.03</ele>
      </trkpt>
      <trkpt lat="35.43137" lon="-82.73528">
        <ele>1369.18</ele>
      </trkpt>
      <trkpt lat="35.43138" lon="-82.73521">
        <ele>1369.83</ele>
      </trkpt>
      <trkpt lat="35.4314" lon="-82.73514">
        <ele>1370.25</ele>
      </trkpt>
      <trkpt lat="35.43141" lon="-82.73508">
        <ele>1370.68</ele>
      </trkpt>
      <trkpt lat="35.43142" lon="-82.73501">
        <ele>1371.22</ele>
      </trkpt>
      <trkpt lat="35.43142" lon="-82.73494">
        <ele>1371.98</ele>
      </trkpt>
      <trkpt lat="35.43142" lon="-82.73487">
        <ele>1372.46</ele>
      </trkpt>
      <trkpt lat="35.43143" lon="-82.73481">
        <ele>1372.63</ele>
      </trkpt>
      <trkpt lat="35.43142" lon="-82.73475">
        <ele>1373.6</ele>
      </trkpt>
      <trkpt lat="35.43139" lon="-82.73469">
        <ele>1374.34</ele>
      </trkpt>
      <trkpt lat="35.43138" lon="-82.73462">
        <ele>1374.91</ele>
      </trkpt>
      <trkpt lat="35.43136" lon="-82.73457">
        <ele>1374.89</ele>
      </trkpt>
      <trkpt lat="35.43132" lon="-82.73451">
        <ele>1375.0</ele>
      </trkpt>
      <trkpt lat="35.43129" lon="-82.73446">
        <ele>1375.0</ele>
      </trkpt>
      <trkpt lat="35.43127" lon="-82.7344">
        <ele>1375.48</ele>
      </trkpt>
      <trkpt lat="35.43122" lon="-82.73435">
        <ele>1376.02</ele>
      </trkpt>
      <trkpt lat="35.43122" lon="-82.73428">
        <ele>1376.78</ele>
      </trkpt>
      <trkpt lat="35.43121" lon="-82.73422">
        <ele>1377.42</ele>
      </trkpt>
      <trkpt lat="35.4312" lon="-82.73415">
        <ele>1378.36</ele>
      </trkpt>
      <trkpt lat="35.43119" lon="-82.73409">
        <ele>1379.66</ele>
      </trkpt>
      <trkpt lat="35.43117" lon="-82.73403">
        <ele>1380.48</ele>
      </trkpt>
      <trkpt lat="35.43118" lon="-82.73396">
        <ele>1381.4</ele>
      </trkpt>
      <trkpt lat="35.43117" lon="-82.7339">
        <ele>1382.44</ele>
      </trkpt>
      <trkpt lat="35.43118" lon="-82.73383">
        <ele>1383.38</ele>
      </trkpt>
      <trkpt lat="35.43116" lon="-82.73377">
        <ele>1383.66</ele>
      </trkpt>
      <trkpt lat="35.43115" lon="-82.73371">
        <ele>1383.96</ele>
      </trkpt>
      <trkpt lat="35.43113" lon="-82.73365">
        <ele>1384.58</ele>
      </trkpt>
      <trkpt lat="35.43114" lon="-82.73358">
        <ele>1385.1</ele>
      </trkpt>
      <trkpt lat="35.43114" lon="-82.73352">
        <ele>1385.31</ele>
      </trkpt>
      <trkpt lat="35.43116" lon="-82.73346">
        <ele>1386.16</ele>
      </trkpt>
      <trkpt lat="35.43118" lon="-82.7334">
        <ele>1386.95</ele>
      </trkpt>
      <trkpt lat="35.43121" lon="-82.73334">
        <ele>1387.86</ele>
      </trkpt>
      <trkpt lat="35.43123" lon="-82.73328">
        <ele>1387.88</ele>
      </trkpt>
      <trkpt lat="35.43125" lon="-82.73322">
        <ele>1388.0</ele>
      </trkpt>
      <trkpt lat="35.43127" lon="-82.73315">
        <ele>1388.0</ele>
      </trkpt>
      <trkpt lat="35.43128" lon="-82.73308">
        <ele>1388.61</ele>
      </trkpt>
      <trkpt lat="35.43129" lon="-82.73301">
        <ele>1388.93</ele>
      </trkpt>
      <trkpt lat="35.4313" lon="-82.73294">
        <ele>1388.71</ele>
      </trkpt>
      <trkpt lat="35.43132" lon="-82.73287">
        <ele>1387.74</ele>
      </trkpt>
      <trkpt lat="35.43133" lon="-82.7328">
        <ele>1387.64</ele>
      </trkpt>
      <trkpt lat="35.43134" lon="-82.73273">
        <ele>1387.26</ele>
      </trkpt>
      <trkpt lat="35.43136" lon="-82.73266">
        <ele>1386.73</ele>
      </trkpt>
      <trkpt lat="35.43136" lon="-82.7326">
        <ele>1386.08</ele>
      </trkpt>
      <trkpt lat="35.43136" lon="-82.73253">
        <ele>1385.32</ele>
      </trkpt>
      <trkpt lat="35.43136" lon="-82.73247">
        <ele>1384.57</ele>
      </trkpt>
      <trkpt lat="35.43136" lon="-82.7324">
        <ele>1383.61</ele>
      </trkpt>
      <trkpt lat="35.43135" lon="-82.73234">
        <ele>1382.85</ele>
      </trkpt>
      <trkpt lat="35.43135" lon="-82.73227">
        <ele>1381.89</ele>
      </trkpt>
      <trkpt lat="35.43135" lon="-82.73221">
        <ele>1380.9</ele>
      </trkpt>
      <trkpt lat="35.43134" lon="-82.73214">
        <ele>1379.17</ele>
      </trkpt>
      <trkpt lat="35.43137" lon="-82.73209">
        <ele>1378.65</ele>
      </trkpt>
      <trkpt lat="35.43141" lon="-82.73204">
        <ele>1378.28</ele>
      </trkpt>
      <trkpt lat="35.43144" lon="-82.732">
        <ele>1377.35</ele>
      </trkpt>
      <trkpt lat="35.43148" lon="-82.73196">
        <ele>1376.49</ele>
      </trkpt>
      <trkpt lat="35.43152" lon="-82.73192">
        <ele>1375.32</ele>
      </trkpt>
      <trkpt lat="35.43156" lon="-82.73188">
        <ele>1374.5</ele>
      </trkpt>
      <trkpt lat="35.43161" lon="-82.73185">
        <ele>1373.17</ele>
      </trkpt>
      <trkpt lat="35.43163" lon="-82.73178">
        <ele>1370.93</ele>
      </trkpt>
      <trkpt lat="35.43166" lon="-82.73173">
        <ele>1369.1</ele>
      </trkpt>
      <trkpt lat="35.43168" lon="-82.73167">
        <ele>1366.82</ele>
      </trkpt>
      <trkpt lat="35.43171" lon="-82.73162">
        <ele>1364.79</ele>
      </trkpt>
      <trkpt lat="35.43174" lon="-82.73157">
        <ele>1363.11</ele>
      </trkpt>
      <trkpt lat="35.43176" lon="-82.73151">
        <ele>1361.6</ele>
      </trkpt>
      <trkpt lat="35.43182" lon="-82.73149">
        <ele>1359.87</ele>
      </trkpt>
      <trkpt lat="35.43187" lon="-82.73146">
        <ele>1357.76</ele>
      </trkpt>
      <trkpt lat="35.43192" lon="-82.73143">
        <ele>1355.53</ele>
      </trkpt>
      <trkpt lat="35.43193" lon="-82.73138">
        <ele>1354.22</ele>
      </trkpt>
      <trkpt lat="35.4319" lon="-82.73132">
        <ele>1354.22</ele>
      </trkpt>
      <trkpt lat="35.43187" lon="-82.73126">
        <ele>1353.9</ele>
      </trkpt>
      <trkpt lat="35.43186" lon="-82.7312">
        <ele>1352.88</ele>
      </trkpt>
      <trkpt lat="35.43189" lon="-82.73114">
        <ele>1352.18</ele>
      </trkpt>
      <trkpt lat="35.43194" lon="-82.73111">
        <ele>1351.98</ele>
      </trkpt>
      <trkpt lat="35.432" lon="-82.73109">
        <ele>1350.48</ele>
      </trkpt>
      <trkpt lat="35.43206" lon="-82.73109">
        <ele>1349.33</ele>
      </trkpt>
      <trkpt lat="35.4321" lon="-82.73107">
        <ele>1348.5</ele>
      </trkpt>
      <trkpt lat="35.43216" lon="-82.73108">
        <ele>1347.02</ele>
      </trkpt>
      <trkpt lat="35.4322" lon="-82.73105">
        <ele>1345.72</ele>
      </trkpt>
      <trkpt lat="35.43224" lon="-82.73102">
        <ele>1344.62</ele>
      </trkpt>
      <trkpt lat="35.43227" lon="-82.73097">
        <ele>1343.97</ele>
      </trkpt>
      <trkpt lat="35.43231" lon="-82.73093">
        <ele>1343.1</ele>
      </trkpt>
      <trkpt lat="35.43235" lon="-82.73089">
        <ele>1341.62</ele>
      </trkpt>
      <trkpt lat="35.43239" lon="-82.73085">
        <ele>1340.41</ele>
      </trkpt>
      <trkpt lat="35.43242" lon="-82.7308">
        <ele>1339.28</ele>
      </trkpt>
      <trkpt lat="35.43246" lon="-82.73076">
        <ele>1337.95</ele>
      </trkpt>
      <trkpt lat="35.43248" lon="-82.7307">
        <ele>1337.09</ele>
      </trkpt>
      <trkpt lat="35.43253" lon="-82.73067">
        <ele>1335.26</ele>
      </trkpt>
      <trkpt lat="35.43259" lon="-82.73067">
        <ele>1333.32</ele>
      </trkpt>
      <trkpt lat="35.43264" lon="-82.73069">
        <ele>1331.68</ele>
      </trkpt>
      <trkpt lat="35.4327" lon="-82.73069">
        <ele>1329.36</ele>
      </trkpt>
      <trkpt lat="35.43275" lon="-82.73066">
        <ele>1327.2</ele>
      </trkpt>
      <trkpt lat="35.43277" lon="-82.7306">
        <ele>1325.82</ele>
      </trkpt>
      <trkpt lat="35.43281" lon="-82.73055">
        <ele>1323.9</ele>
      </trkpt>
      <trkpt lat="35.43284" lon="-82.7305">
        <ele>1322.38</ele>
      </trkpt>
      <trkpt lat="35.43283" lon="-82.73044">
        <ele>1321.92</ele>
      </trkpt>
      <trkpt lat="35.43283" lon="-82.73038">
        <ele>1320.91</ele>
      </trkpt>
      <trkpt lat="35.43284" lon="-82.73035">
        <ele>1319.8</ele>
      </trkpt>
      <trkpt lat="35.43287" lon="-82.73034">
        <ele>1318.36</ele>
      </trkpt>
      <trkpt lat="35.4329" lon="-82.73031">
        <ele>1316.74</ele>
      </trkpt>
      <trkpt lat="35.43294" lon="-82.7303">
        <ele>1315.22</ele>
      </trkpt>
      <trkpt lat="35.433" lon="-82.73034">
        <ele>1314.28</ele>
      </trkpt>
      <trkpt lat="35.43304" lon="-82.73039">
        <ele>1313.72</ele>
      </trkpt>
      <trkpt lat="35.43307" lon="-82.73045">
        <ele>1313.39</ele>
      </trkpt>
      <trkpt lat="35.4331" lon="-82.7305">
        <ele>1312.77</ele>
      </trkpt>
      <trkpt lat="35.43312" lon="-82.73056">
        <ele>1312.22</ele>
      </trkpt>
      <trkpt lat="35.43317" lon="-82.73061">
        <ele>1310.29</ele>
      </trkpt>
      <trkpt lat="35.43322" lon="-82.73064">
        <ele>1308.67</ele>
      </trkpt>
      <trkpt lat="35.43328" lon="-82.73064">
        <ele>1306.73</ele>
      </trkpt>
      <trkpt lat="35.43334" lon="-82.73063">
        <ele>1304.78</ele>
      </trkpt>
      <trkpt lat="35.4334" lon="-82.73061">
        <ele>1302.84</ele>
      </trkpt>
      <trkpt lat="35.43346" lon="-82.73059">
        <ele>1301.13</ele>
      </trkpt>
      <trkpt lat="35.43351" lon="-82.73056">
        <ele>1300.14</ele>
      </trkpt>
      <trkpt lat="35.43356" lon="-82.73053">
        <ele>1298.78</ele>
      </trkpt>
      <trkpt lat="35.43361" lon="-82.7305">
        <ele>1297.63</ele>
      </trkpt>
      <trkpt lat="35.43365" lon="-82.73047">
        <ele>1297.08</ele>
      </trkpt>
      <trkpt lat="35.43369" lon="-82.73043">
        <ele>1296.3</ele>
      </trkpt>
      <trkpt lat="35.43374" lon="-82.73039">
        <ele>1295.22</ele>
      </trkpt>
      <trkpt lat="35.43378" lon="-82.73038">
        <ele>1294.35</ele>
      </trkpt>
      <trkpt lat="35.43384" lon="-82.73038">
        <ele>1293.53</ele>
      </trkpt>
      <trkpt lat="35.43389" lon="-82.73039">
        <ele>1292.99</ele>
      </trkpt>
      <trkpt lat="35.43394" lon="-82.73036">
        <ele>1292.45</ele>
      </trkpt>
      <trkpt lat="35.43398" lon="-82.73032">
        <ele>1292.02</ele>
      </trkpt>
      <trkpt lat="35.43402" lon="-82.73028">
        <ele>1291.58</ele>
      </trkpt>
      <trkpt lat="35.43405" lon="-82.73023">
        <ele>1291.64</ele>
      </trkpt>
      <trkpt lat="35.43411" lon="-82.73021">
        <ele>1291.84</ele>
      </trkpt>
      <trkpt lat="35.43416" lon="-82.73018">
        <ele>1292.0</ele>
      </trkpt>
      <trkpt lat="35.43421" lon="-82.73015">
        <ele>1292.0</ele>
      </trkpt>
      <trkpt lat="35.43426" lon="-82.73013">
        <ele>1292.0</ele>
      </trkpt>
      <trkpt lat="35.43431" lon="-82.73009">
        <ele>1291.38</ele>
      </trkpt>
      <trkpt lat="35.43435" lon="-82.73008">
        <ele>1290.75</ele>
      </trkpt>
      <trkpt lat="35.4344" lon="-82.7301">
        <ele>1291.08</ele>
      </trkpt>
      <trkpt lat="35.43446" lon="-82.73011">
        <ele>1291.19</ele>
      </trkpt>
      <trkpt lat="35.43451" lon="-82.73013">
        <ele>1291.4</ele>
      </trkpt>
      <trkpt lat="35.43457" lon="-82.73011">
        <ele>1291.48</ele>
      </trkpt>
      <trkpt lat="35.43463" lon="-82.73011">
        <ele>1292.0</ele>
      </trkpt>
      <trkpt lat="35.43469" lon="-82.7301">
        <ele>1292.0</ele>
      </trkpt>
      <trkpt lat="35.43474" lon="-82.7301">
        <ele>1292.18</ele>
      </trkpt>
      <trkpt lat="35.4348" lon="-82.7301">
        <ele>1292.77</ele>
      </trkpt>
      <trkpt lat="35.43486" lon="-82.73009">
        <ele>1293.0</ele>
      </trkpt>
      <trkpt lat="35.43492" lon="-82.73009">
        <ele>1293.14</ele>
      </trkpt>
      <trkpt lat="35.43497" lon="-82.73006">
        <ele>1293.68</ele>
      </trkpt>
      <trkpt lat="35.43502" lon="-82.73003">
        <ele>1294.36</ele>
      </trkpt>
      <trkpt lat="35.43507" lon="-82.73">
        <ele>1295.51</ele>
      </trkpt>
      <trkpt lat="35.43512" lon="-82.72997">
        <ele>1296.07</ele>
      </trkpt>
      <trkpt lat="35.43517" lon="-82.72994">
        <ele>1296.73</ele>
      </trkpt>
      <trkpt lat="35.43522" lon="-82.72992">
        <ele>1297.7</ele>
      </trkpt>
      <trkpt lat="35.43527" lon="-82.72989">
        <ele>1298.64</ele>
      </trkpt>
      <trkpt lat="35.43532" lon="-82.72986">
        <ele>1299.18</ele>
      </trkpt>
      <trkpt lat="35.43537" lon="-82.72982">
        <ele>1299.99</ele>
      </trkpt>
      <trkpt lat="35.43541" lon="-82.72978">
        <ele>1300.21</ele>
      </trkpt>
      <trkpt lat="35.43545" lon="-82.72974">
        <ele>1300.75</ele>
      </trkpt>
      <trkpt lat="35.43549" lon="-82.7297">
        <ele>1301.12</ele>
      </trkpt>
      <trkpt lat="35.43552" lon="-82.72966">
        <ele>1301.36</ele>
      </trkpt>
      <trkpt lat="35.43556" lon="-82.72962">
        <ele>1301.84</ele>
      </trkpt>
      <trkpt lat="35.43561" lon="-82.72958">
        <ele>1301.83</ele>
      </trkpt>
      <trkpt lat="35.43565" lon="-82.72954">
        <ele>1302.07</ele>
      </trkpt>
      <trkpt lat="35.43569" lon="-82.7295">
        <ele>1302.28</ele>
      </trkpt>
      <trkpt lat="35.43574" lon="-82.72947">
        <ele>1303.25</ele>
      </trkpt>
      <trkpt lat="35.43579" lon="-82.72944">
        <ele>1303.97</ele>
      </trkpt>
      <trkpt lat="35.43583" lon="-82.72941">
        <ele>1304.18</ele>
      </trkpt>
      <trkpt lat="35.43589" lon="-82.72939">
        <ele>1304.54</ele>
      </trkpt>
      <trkpt lat="35.43591" lon="-82.72933">
        <ele>1304.18</ele>
      </trkpt>
      <trkpt lat="35.43593" lon="-82.72928">
        <ele>1303.43</ele>
      </trkpt>
      <trkpt lat="35.43594" lon="-82.72923">
        <ele>1302.42</ele>
      </trkpt>
      <trkpt lat="35.43597" lon="-82.72918">
        <ele>1301.7</ele>
      </trkpt>
      <trkpt lat="35.43599" lon="-82.72914">
        <ele>1301.43</ele>
      </trkpt>
      <trkpt lat="35.436" lon="-82.72908">
        <ele>1301.24</ele>
      </trkpt>
      <trkpt lat="35.43602" lon="-82.72902">
        <ele>1300.84</ele>
      </trkpt>
      <trkpt lat="35.43604" lon="-82.72896">
        <ele>1300.05</ele>
      </trkpt>
      <trkpt lat="35.43605" lon="-82.72889">
        <ele>1299.04</ele>
      </trkpt>
      <trkpt lat="35.43607" lon="-82.72882">
        <ele>1298.18</ele>
      </trkpt>
      <trkpt lat="35.43608" lon="-82.72875">
        <ele>1297.32</ele>
      </trkpt>
      <trkpt lat="35.43609" lon="-82.72868">
        <ele>1296.58</ele>
      </trkpt>
      <trkpt lat="35.43611" lon="-82.72862">
        <ele>1296.14</ele>
      </trkpt>
      <trkpt lat="35.43613" lon="-82.72856">
        <ele>1295.8</ele>
      </trkpt>
      <trkpt lat="35.43615" lon="-82.7285">
        <ele>1295.2</ele>
      </trkpt>
      <trkpt lat="35.43618" lon="-82.72844">
        <ele>1294.65</ele>
      </trkpt>
      <trkpt lat="35.4362" lon="-82.72838">
        <ele>1293.87</ele>
      </trkpt>
      <trkpt lat="35.43622" lon="-82.72832">
        <ele>1293.74</ele>
      </trkpt>
      <trkpt lat="35.43623" lon="-82.72825">
        <ele>1293.52</ele>
      </trkpt>
      <trkpt lat="35.43625" lon="-82.72818">
        <ele>1293.84</ele>
      </trkpt>
      <trkpt lat="35.43626" lon="-82.72811">
        <ele>1293.63</ele>
      </trkpt>
      <trkpt lat="35.43627" lon="-82.72804">
        <ele>1293.41</ele>
      </trkpt>
      <trkpt lat="35.43629" lon="-82.72797">
        <ele>1293.74</ele>
      </trkpt>
      <trkpt lat="35.4363" lon="-82.7279">
        <ele>1293.56</ele>
      </trkpt>
      <trkpt lat="35.4363" lon="-82.72783">
        <ele>1292.8</ele>
      </trkpt>
      <trkpt lat="35.4363" lon="-82.72777">
        <ele>1292.16</ele>
      </trkpt>
      <trkpt lat="35.4363" lon="-82.7277">
        <ele>1291.4</ele>
      </trkpt>
      <trkpt lat="35.4363" lon="-82.72764">
        <ele>1290.75</ele>
      </trkpt>
      <trkpt lat="35.43631" lon="-82.72757">
        <ele>1290.64</ele>
      </trkpt>
      <trkpt lat="35.43632" lon="-82.7275">
        <ele>1290.54</ele>
      </trkpt>
      <trkpt lat="35.43633" lon="-82.72743">
        <ele>1289.67</ele>
      </trkpt>
      <trkpt lat="35.43635" lon="-82.72736">
        <ele>1289.97</ele>
      </trkpt>
      <trkpt lat="35.43636" lon="-82.72729">
        <ele>1289.59</ele>
      </trkpt>
      <trkpt lat="35.43637" lon="-82.72722">
        <ele>1288.75</ele>
      </trkpt>
      <trkpt lat="35.43639" lon="-82.72715">
        <ele>1289.29</ele>
      </trkpt>
      <trkpt lat="35.43639" lon="-82.72709">
        <ele>1288.64</ele>
      </trkpt>
      <trkpt lat="35.4364" lon="-82.72702">
        <ele>1288.72</ele>
      </trkpt>
      <trkpt lat="35.43638" lon="-82.72696">
        <ele>1287.42</ele>
      </trkpt>
      <trkpt lat="35.43637" lon="-82.7269">
        <ele>1287.26</ele>
      </trkpt>
      <trkpt lat="35.43634" lon="-82.72684">
        <ele>1286.02</ele>
      </trkpt>
      <trkpt lat="35.43633" lon="-82.72678">
        <ele>1286.24</ele>
      </trkpt>
      <trkpt lat="35.43631" lon="-82.72672">
        <ele>1286.25</ele>
      </trkpt>
      <trkpt lat="35.4363" lon="-82.72665">
        <ele>1287.78</ele>
      </trkpt>
      <trkpt lat="35.43628" lon="-82.7266">
        <ele>1288.1</ele>
      </trkpt>
      <trkpt lat="35.43625" lon="-82.72654">
        <ele>1288.1</ele>
      </trkpt>
      <trkpt lat="35.43623" lon="-82.72648">
        <ele>1288.74</ele>
      </trkpt>
      <trkpt lat="35.43621" lon="-82.72642">
        <ele>1288.74</ele>
      </trkpt>
      <trkpt lat="35.43617" lon="-82.72636">
        <ele>1288.48</ele>
      </trkpt>
      <trkpt lat="35.43615" lon="-82.72631">
        <ele>1289.24</ele>
      </trkpt>
      <trkpt lat="35.43613" lon="-82.72625">
        <ele>1290.32</ele>
      </trkpt>
      <trkpt lat="35.43609" lon="-82.72619">
        <ele>1290.53</ele>
      </trkpt>
      <trkpt lat="35.43606" lon="-82.72614">
        <ele>1290.86</ele>
      </trkpt>
      <trkpt lat="35.43603" lon="-82.72608">
        <ele>1291.17</ele>
      </trkpt>
      <trkpt lat="35.43599" lon="-82.72603">
        <ele>1290.21</ele>
      </trkpt>
      <trkpt lat="35.43598" lon="-82.72596">
        <ele>1291.18</ele>
      </trkpt>
      <trkpt lat="35.43596" lon="-82.7259">
        <ele>1291.02</ele>
      </trkpt>
      <trkpt lat="35.43597" lon="-82.72584">
        <ele>1291.87</ele>
      </trkpt>
      <trkpt lat="35.43596" lon="-82.72577">
        <ele>1292.16</ele>
      </trkpt>
      <trkpt lat="35.43596" lon="-82.72571">
        <ele>1292.47</ele>
      </trkpt>
      <trkpt lat="35.43596" lon="-82.72564">
        <ele>1292.53</ele>
      </trkpt>
      <trkpt lat="35.43596" lon="-82.72558">
        <ele>1292.94</ele>
      </trkpt>
      <trkpt lat="35.43596" lon="-82.72551">
        <ele>1292.61</ele>
      </trkpt>
      <trkpt lat="35.43598" lon="-82.72545">
        <ele>1292.67</ele>
      </trkpt>
      <trkpt lat="35.43601" lon="-82.72539">
        <ele>1293.01</ele>
      </trkpt>
      <trkpt lat="35.43603" lon="-82.72533">
        <ele>1292.88</ele>
      </trkpt>
      <trkpt lat="35.43605" lon="-82.72527">
        <ele>1292.51</ele>
      </trkpt>
      <trkpt lat="35.43608" lon="-82.72522">
        <ele>1292.08</ele>
      </trkpt>
      <trkpt lat="35.4361" lon="-82.72516">
        <ele>1291.18</ele>
      </trkpt>
      <trkpt lat="35.43614" lon="-82.72511">
        <ele>1291.31</ele>
      </trkpt>
      <trkpt lat="35.43617" lon="-82.72507">
        <ele>1291.18</ele>
      </trkpt>
      <trkpt lat="35.43621" lon="-82.72503">
        <ele>1291.11</ele>
      </trkpt>
      <trkpt lat="35.43625" lon="-82.72498">
        <ele>1290.14</ele>
      </trkpt>
      <trkpt lat="35.4363" lon="-82.72496">
        <ele>1290.35</ele>
      </trkpt>
      <trkpt lat="35.43635" lon="-82.72493">
        <ele>1290.14</ele>
      </trkpt>
      <trkpt lat="35.43641" lon="-82.72491">
        <ele>1290.57</ele>
      </trkpt>
      <trkpt lat="35.43647" lon="-82.72488">
        <ele>1290.27</ele>
      </trkpt>
      <trkpt lat="35.43652" lon="-82.72486">
        <ele>1290.06</ele>
      </trkpt>
      <trkpt lat="35.43657" lon="-82.72483">
        <ele>1288.93</ele>
      </trkpt>
      <trkpt lat="35.43662" lon="-82.7248">
        <ele>1288.69</ele>
      </trkpt>
      <trkpt lat="35.43666" lon="-82.72476">
        <ele>1287.82</ele>
      </trkpt>
      <trkpt lat="35.43672" lon="-82.72474">
        <ele>1290.19</ele>
      </trkpt>
      <trkpt lat="35.43674" lon="-82.72468">
        <ele>1289.75</ele>
      </trkpt>
      <trkpt lat="35.43677" lon="-82.72464">
        <ele>1290.92</ele>
      </trkpt>
      <trkpt lat="35.4368" lon="-82.72458">
        <ele>1291.03</ele>
      </trkpt>
      <trkpt lat="35.43682" lon="-82.72452">
        <ele>1290.26</ele>
      </trkpt>
      <trkpt lat="35.43684" lon="-82.72446">
        <ele>1289.01</ele>
      </trkpt>
      <trkpt lat="35.43686" lon="-82.7244">
        <ele>1287.65</ele>
      </trkpt>
      <trkpt lat="35.43689" lon="-82.72434">
        <ele>1287.63</ele>
      </trkpt>
      <trkpt lat="35.43691" lon="-82.72428">
        <ele>1287.84</ele>
      </trkpt>
      <trkpt lat="35.43693" lon="-82.72422">
        <ele>1288.06</ele>
      </trkpt>
      <trkpt lat="35.43696" lon="-82.72416">
        <ele>1288.86</ele>
      </trkpt>
      <trkpt lat="35.43697" lon="-82.72409">
        <ele>1288.0</ele>
      </trkpt>
      <trkpt lat="35.43697" lon="-82.72403">
        <ele>1287.18</ele>
      </trkpt>
      <trkpt lat="35.43698" lon="-82.72396">
        <ele>1287.63</ele>
      </trkpt>
      <trkpt lat="35.43696" lon="-82.7239">
        <ele>1287.04</ele>
      </trkpt>
      <trkpt lat="35.43695" lon="-82.72383">
        <ele>1287.65</ele>
      </trkpt>
      <trkpt lat="35.43693" lon="-82.72378">
        <ele>1287.26</ele>
      </trkpt>
      <trkpt lat="35.43692" lon="-82.72371">
        <ele>1288.02</ele>
      </trkpt>
      <trkpt lat="35.43689" lon="-82.72365">
        <ele>1286.46</ele>
      </trkpt>
      <trkpt lat="35.43687" lon="-82.7236">
        <ele>1285.47</ele>
      </trkpt>
      <trkpt lat="35.43685" lon="-82.72354">
        <ele>1284.63</ele>
      </trkpt>
      <trkpt lat="35.43684" lon="-82.72347">
        <ele>1284.17</ele>
      </trkpt>
      <trkpt lat="35.43681" lon="-82.72342">
        <ele>1282.42</ele>
      </trkpt>
      <trkpt lat="35.43681" lon="-82.72335">
        <ele>1283.93</ele>
      </trkpt>
      <trkpt lat="35.43677" lon="-82.7233">
        <ele>1282.46</ele>
      </trkpt>
      <trkpt lat="35.43675" lon="-82.72324">
        <ele>1282.52</ele>
      </trkpt>
      <trkpt lat="35.4367" lon="-82.72319">
        <ele>1280.9</ele>
      </trkpt>
      <trkpt lat="35.43669" lon="-82.72313">
        <ele>1281.51</ele>
      </trkpt>
      <trkpt lat="35.43668" lon="-82.72306">
        <ele>1281.81</ele>
      </trkpt>
      <trkpt lat="35.43667" lon="-82.723">
        <ele>1281.82</ele>
      </trkpt>
      <trkpt lat="35.43666" lon="-82.72294">
        <ele>1281.5</ele>
      </trkpt>
      <trkpt lat="35.43666" lon="-82.72287">
        <ele>1281.5</ele>
      </trkpt>
      <trkpt lat="35.43665" lon="-82.72281">
        <ele>1280.86</ele>
      </trkpt>
      <trkpt lat="35.43663" lon="-82.72275">
        <ele>1279.62</ele>
      </trkpt>
      <trkpt lat="35.43664" lon="-82.72268">
        <ele>1280.22</ele>
      </trkpt>
      <trkpt lat="35.43663" lon="-82.72262">
        <ele>1278.92</ele>
      </trkpt>
      <trkpt lat="35.43661" lon="-82.72256">
        <ele>1277.11</ele>
      </trkpt>
      <trkpt lat="35.43661" lon="-82.72249">
        <ele>1276.61</ele>
      </trkpt>
      <trkpt lat="35.4366" lon="-82.72243">
        <ele>1275.2</ele>
      </trkpt>
      <trkpt lat="35.43664" lon="-82.72238">
        <ele>1277.77</ele>
      </trkpt>
      <trkpt lat="35.43667" lon="-82.72233">
        <ele>1279.42</ele>
      </trkpt>
      <trkpt lat="35.43668" lon="-82.72228">
        <ele>1280.01</ele>
      </trkpt>
      <trkpt lat="35.43667" lon="-82.72221">
        <ele>1279.38</ele>
      </trkpt>
      <trkpt lat="35.43666" lon="-82.72215">
        <ele>1279.35</ele>
      </trkpt>
      <trkpt lat="35.43665" lon="-82.72209">
        <ele>1279.35</ele>
      </trkpt>
      <trkpt lat="35.43664" lon="-82.72203">
        <ele>1279.35</ele>
      </trkpt>
      <trkpt lat="35.43667" lon="-82.72198">
        <ele>1281.83</ele>
      </trkpt>
      <trkpt lat="35.43667" lon="-82.72193">
        <ele>1282.52</ele>
      </trkpt>
      <trkpt lat="35.4367" lon="-82.72188">
        <ele>1285.3</ele>
      </trkpt>
      <trkpt lat="35.43669" lon="-82.72181">
        <ele>1285.83</ele>
      </trkpt>
      <trkpt lat="35.43669" lon="-82.72175">
        <ele>1286.61</ele>
      </trkpt>
      <trkpt lat="35.43668" lon="-82.72169">
        <ele>1286.61</ele>
      </trkpt>
      <trkpt lat="35.43669" lon="-82.72162">
        <ele>1288.02</ele>
      </trkpt>
      <trkpt lat="35.43667" lon="-82.72156">
        <ele>1287.22</ele>
      </trkpt>
      <trkpt lat="35.43666" lon="-82.72149">
        <ele>1286.57</ele>
      </trkpt>
      <trkpt lat="35.43664" lon="-82.72143">
        <ele>1285.27</ele>
      </trkpt>
      <trkpt lat="35.43665" lon="-82.72137">
        <ele>1285.92</ele>
      </trkpt>
      <trkpt lat="35.43665" lon="-82.7213">
        <ele>1285.92</ele>
      </trkpt>
      <trkpt lat="35.43666" lon="-82.72123">
        <ele>1286.62</ele>
      </trkpt>
      <trkpt lat="35.43668" lon="-82.72116">
        <ele>1288.12</ele>
      </trkpt>
      <trkpt lat="35.43669" lon="-82.72109">
        <ele>1289.01</ele>
      </trkpt>
      <trkpt lat="35.4367" lon="-82.72102">
        <ele>1289.44</ele>
      </trkpt>
      <trkpt lat="35.43672" lon="-82.72095">
        <ele>1289.88</ele>
      </trkpt>
      <trkpt lat="35.43673" lon="-82.72088">
        <ele>1289.56</ele>
      </trkpt>
      <trkpt lat="35.43674" lon="-82.72081">
        <ele>1289.38</ele>
      </trkpt>
      <trkpt lat="35.43677" lon="-82.72076">
        <ele>1290.14</ele>
      </trkpt>
      <trkpt lat="35.43682" lon="-82.72073">
        <ele>1290.54</ele>
      </trkpt>
      <trkpt lat="35.43688" lon="-82.72071">
        <ele>1290.36</ele>
      </trkpt>
      <trkpt lat="35.43692" lon="-82.72071">
        <ele>1289.93</ele>
      </trkpt>
      <trkpt lat="35.43695" lon="-82.72075">
        <ele>1289.77</ele>
      </trkpt>
      <trkpt lat="35.43699" lon="-82.72078">
        <ele>1288.24</ele>
      </trkpt>
      <trkpt lat="35.43702" lon="-82.72082">
        <ele>1287.43</ele>
      </trkpt>
      <trkpt lat="35.43707" lon="-82.72086">
        <ele>1286.15</ele>
      </trkpt>
      <trkpt lat="35.43712" lon="-82.7209">
        <ele>1284.86</ele>
      </trkpt>
      <trkpt lat="35.43717" lon="-82.72095">
        <ele>1283.89</ele>
      </trkpt>
      <trkpt lat="35.43722" lon="-82.721">
        <ele>1283.48</ele>
      </trkpt>
      <trkpt lat="35.43726" lon="-82.72105">
        <ele>1283.39</ele>
      </trkpt>
      <trkpt lat="35.43731" lon="-82.72109">
        <ele>1282.52</ele>
      </trkpt>
      <trkpt lat="35.43736" lon="-82.72113">
        <ele>1282.35</ele>
      </trkpt>
      <trkpt lat="35.43741" lon="-82.72116">
        <ele>1282.06</ele>
      </trkpt>
      <trkpt lat="35.43746" lon="-82.7212">
        <ele>1282.7</ele>
      </trkpt>
      <trkpt lat="35.43751" lon="-82.72124">
        <ele>1282.5</ele>
      </trkpt>
      <trkpt lat="35.43756" lon="-82.72129">
        <ele>1282.52</ele>
      </trkpt>
      <trkpt lat="35.43761" lon="-82.72134">
        <ele>1282.38</ele>
      </trkpt>
      <trkpt lat="35.43765" lon="-82.72139">
        <ele>1282.17</ele>
      </trkpt>
      <trkpt lat="35.4377" lon="-82.72144">
        <ele>1281.62</ele>
      </trkpt>
      <trkpt lat="35.43775" lon="-82.7215">
        <ele>1281.16</ele>
      </trkpt>
      <trkpt lat="35.43779" lon="-82.72155">
        <ele>1280.08</ele>
      </trkpt>
      <trkpt lat="35.43784" lon="-82.7216">
        <ele>1277.92</ele>
      </trkpt>
      <trkpt lat="35.43788" lon="-82.72165">
        <ele>1276.3</ele>
      </trkpt>
      <trkpt lat="35.43791" lon="-82.72171">
        <ele>1275.6</ele>
      </trkpt>
      <trkpt lat="35.43795" lon="-82.72176">
        <ele>1273.85</ele>
      </trkpt>
      <trkpt lat="35.43798" lon="-82.72182">
        <ele>1273.51</ele>
      </trkpt>
      <trkpt lat="35.43802" lon="-82.72187">
        <ele>1272.93</ele>
      </trkpt>
      <trkpt lat="35.43806" lon="-82.72193">
        <ele>1272.5</ele>
      </trkpt>
      <trkpt lat="35.43811" lon="-82.72198">
        <ele>1271.8</ele>
      </trkpt>
      <trkpt lat="35.43816" lon="-82.72201">
        <ele>1270.96</ele>
      </trkpt>
      <trkpt lat="35.43821" lon="-82.72206">
        <ele>1272.32</ele>
      </trkpt>
      <trkpt lat="35.43826" lon="-82.72208">
        <ele>1272.44</ele>
      </trkpt>
      <trkpt lat="35.43832" lon="-82.7221">
        <ele>1272.01</ele>
      </trkpt>
      <trkpt lat="35.43837" lon="-82.72211">
        <ele>1271.36</ele>
      </trkpt>
      <trkpt lat="35.43842" lon="-82.72213">
        <ele>1271.14</ele>
      </trkpt>
      <trkpt lat="35.43848" lon="-82.72214">
        <ele>1269.7</ele>
      </trkpt>
      <trkpt lat="35.43853" lon="-82.72217">
        <ele>1269.37</ele>
      </trkpt>
      <trkpt lat="35.43858" lon="-82.72218">
        <ele>1268.18</ele>
      </trkpt>
      <trkpt lat="35.43864" lon="-82.7222">
        <ele>1267.42</ele>
      </trkpt>
      <trkpt lat="35.43869" lon="-82.72221">
        <ele>1266.77</ele>
      </trkpt>
      <trkpt lat="35.43874" lon="-82.72223">
        <ele>1266.5</ele>
      </trkpt>
      <trkpt lat="35.4388" lon="-82.72222">
        <ele>1264.9</ele>
      </trkpt>
      <trkpt lat="35.43886" lon="-82.72221">
        <ele>1264.47</ele>
      </trkpt>
      <trkpt lat="35.43891" lon="-82.72218">
        <ele>1263.4</ele>
      </trkpt>
      <trkpt lat="35.43896" lon="-82.72215">
        <ele>1262.65</ele>
      </trkpt>
      <trkpt lat="35.43901" lon="-82.72213">
        <ele>1262.94</ele>
      </trkpt>
      <trkpt lat="35.43906" lon="-82.72209">
        <ele>1263.19</ele>
      </trkpt>
      <trkpt lat="35.4391" lon="-82.72205">
        <ele>1263.3</ele>
      </trkpt>
      <trkpt lat="35.43915" lon="-82.72202">
        <ele>1263.72</ele>
      </trkpt>
      <trkpt lat="35.43919" lon="-82.72198">
        <ele>1263.29</ele>
      </trkpt>
      <trkpt lat="35.43923" lon="-82.72194">
        <ele>1262.86</ele>
      </trkpt>
      <trkpt lat="35.43928" lon="-82.72191">
        <ele>1262.96</ele>
      </trkpt>
      <trkpt lat="35.43933" lon="-82.72189">
        <ele>1263.18</ele>
      </trkpt>
      <trkpt lat="35.43938" lon="-82.72186">
        <ele>1262.66</ele>
      </trkpt>
      <trkpt lat="35.43944" lon="-82.72185">
        <ele>1262.87</ele>
      </trkpt>
      <trkpt lat="35.4395" lon="-82.72184">
        <ele>1261.89</ele>
      </trkpt>
      <trkpt lat="35.43955" lon="-82.72186">
        <ele>1262.0</ele>
      </trkpt>
      <trkpt lat="35.43961" lon="-82.72187">
        <ele>1261.17</ele>
      </trkpt>
      <trkpt lat="35.43966" lon="-82.72188">
        <ele>1260.89</ele>
      </trkpt>
      <trkpt lat="35.43972" lon="-82.72189">
        <ele>1260.67</ele>
      </trkpt>
      <trkpt lat="35.43977" lon="-82.7219">
        <ele>1261.08</ele>
      </trkpt>
      <trkpt lat="35.43983" lon="-82.72189">
        <ele>1260.88</ele>
      </trkpt>
      <trkpt lat="35.43989" lon="-82.72189">
        <ele>1261.79</ele>
      </trkpt>
      <trkpt lat="35.43995" lon="-82.72189">
        <ele>1262.98</ele>
      </trkpt>
      <trkpt lat="35.44001" lon="-82.72187">
        <ele>1263.2</ele>
      </trkpt>
      <trkpt lat="35.44007" lon="-82.72185">
        <ele>1263.41</ele>
      </trkpt>
      <trkpt lat="35.44013" lon="-82.72183">
        <ele>1263.72</ele>
      </trkpt>
      <trkpt lat="35.44019" lon="-82.72181">
        <ele>1264.27</ele>
      </trkpt>
      <trkpt lat="35.44024" lon="-82.72181">
        <ele>1265.11</ele>
      </trkpt>
      <trkpt lat="35.4403" lon="-82.7218">
        <ele>1265.57</ele>
      </trkpt>
      <trkpt lat="35.44036" lon="-82.7218">
        <ele>1266.59</ele>
      </trkpt>
      <trkpt lat="35.44042" lon="-82.72181">
        <ele>1267.73</ele>
      </trkpt>
      <trkpt lat="35.44047" lon="-82.72182">
        <ele>1268.62</ele>
      </trkpt>
      <trkpt lat="35.44053" lon="-82.72183">
        <ele>1269.06</ele>
      </trkpt>
      <trkpt lat="35.44058" lon="-82.72184">
        <ele>1269.49</ele>
      </trkpt>
      <trkpt lat="35.44064" lon="-82.72185">
        <ele>1269.92</ele>
      </trkpt>
      <trkpt lat="35.44069" lon="-82.72186">
        <ele>1269.85</ele>
      </trkpt>
      <trkpt lat="35.44075" lon="-82.72187">
        <ele>1269.78</ele>
      </trkpt>
      <trkpt lat="35.4408" lon="-82.72187">
        <ele>1269.78</ele>
      </trkpt>
      <trkpt lat="35.44086" lon="-82.72186">
        <ele>1269.64</ele>
      </trkpt>
      <trkpt lat="35.44092" lon="-82.72186">
        <ele>1270.29</ele>
      </trkpt>
      <trkpt lat="35.44098" lon="-82.72184">
        <ele>1270.66</ele>
      </trkpt>
      <trkpt lat="35.44104" lon="-82.72182">
        <ele>1271.09</ele>
      </trkpt>
      <trkpt lat="35.4411" lon="-82.7218">
        <ele>1271.52</ele>
      </trkpt>
      <trkpt lat="35.44116" lon="-82.72178">
        <ele>1272.36</ele>
      </trkpt>
      <trkpt lat="35.44121" lon="-82.72176">
        <ele>1273.16</ele>
      </trkpt>
      <trkpt lat="35.44127" lon="-82.72174">
        <ele>1273.75</ele>
      </trkpt>
      <trkpt lat="35.4413" lon="-82.72169">
        <ele>1272.86</ele>
      </trkpt>
      <trkpt lat="35.44134" lon="-82.72165">
        <ele>1272.88</ele>
      </trkpt>
      <trkpt lat="35.44138" lon="-82.7216">
        <ele>1272.55</ele>
      </trkpt>
      <trkpt lat="35.44142" lon="-82.72156">
        <ele>1272.27</ele>
      </trkpt>
      <trkpt lat="35.44145" lon="-82.72151">
        <ele>1271.7</ele>
      </trkpt>
      <trkpt lat="35.44148" lon="-82.72146">
        <ele>1271.26</ele>
      </trkpt>
      <trkpt lat="35.44151" lon="-82.72142">
        <ele>1270.01</ele>
      </trkpt>
      <trkpt lat="35.44155" lon="-82.72137">
        <ele>1269.43</ele>
      </trkpt>
      <trkpt lat="35.44157" lon="-82.72131">
        <ele>1269.03</ele>
      </trkpt>
      <trkpt lat="35.4416" lon="-82.72126">
        <ele>1267.48</ele>
      </trkpt>
      <trkpt lat="35.44163" lon="-82.72121">
        <ele>1266.12</ele>
      </trkpt>
      <trkpt lat="35.44165" lon="-82.72115">
        <ele>1265.21</ele>
      </trkpt>
      <trkpt lat="35.44169" lon="-82.7211">
        <ele>1264.45</ele>
      </trkpt>
      <trkpt lat="35.44172" lon="-82.72105">
        <ele>1263.2</ele>
      </trkpt>
      <trkpt lat="35.44174" lon="-82.72099">
        <ele>1262.11</ele>
      </trkpt>
      <trkpt lat="35.44177" lon="-82.72094">
        <ele>1261.4</ele>
      </trkpt>
      <trkpt lat="35.44181" lon="-82.72089">
        <ele>1260.81</ele>
      </trkpt>
      <trkpt lat="35.44184" lon="-82.72085">
        <ele>1260.84</ele>
      </trkpt>
      <trkpt lat="35.44187" lon="-82.7208">
        <ele>1260.3</ele>
      </trkpt>
      <trkpt lat="35.4419" lon="-82.72075">
        <ele>1260.08</ele>
      </trkpt>
      <trkpt lat="35.44193" lon="-82.7207">
        <ele>1259.81</ele>
      </trkpt>
      <trkpt lat="35.44197" lon="-82.72065">
        <ele>1259.29</ele>
      </trkpt>
      <trkpt lat="35.442" lon="-82.7206">
        <ele>1258.87</ele>
      </trkpt>
      <trkpt lat="35.44203" lon="-82.72055">
        <ele>1258.67</ele>
      </trkpt>
      <trkpt lat="35.44207" lon="-82.72051">
        <ele>1257.69</ele>
      </trkpt>
      <trkpt lat="35.4421" lon="-82.72046">
        <ele>1257.24</ele>
      </trkpt>
      <trkpt lat="35.44214" lon="-82.72043">
        <ele>1256.33</ele>
      </trkpt>
      <trkpt lat="35.44218" lon="-82.72038">
        <ele>1254.68</ele>
      </trkpt>
      <trkpt lat="35.44222" lon="-82.72034">
        <ele>1253.99</ele>
      </trkpt>
      <trkpt lat="35.44223" lon="-82.72027">
        <ele>1251.75</ele>
      </trkpt>
      <trkpt lat="35.44226" lon="-82.72022">
        <ele>1250.13</ele>
      </trkpt>
      <trkpt lat="35.44228" lon="-82.72015">
        <ele>1247.57</ele>
      </trkpt>
      <trkpt lat="35.44234" lon="-82.72013">
        <ele>1247.37</ele>
      </trkpt>
      <trkpt lat="35.44238" lon="-82.72009">
        <ele>1246.59</ele>
      </trkpt>
      <trkpt lat="35.44244" lon="-82.72007">
        <ele>1246.2</ele>
      </trkpt>
      <trkpt lat="35.44247" lon="-82.72003">
        <ele>1245.21</ele>
      </trkpt>
      <trkpt lat="35.4425" lon="-82.71998">
        <ele>1244.78</ele>
      </trkpt>
      <trkpt lat="35.44254" lon="-82.71993">
        <ele>1245.43</ele>
      </trkpt>
      <trkpt lat="35.44257" lon="-82.71988">
        <ele>1245.53</ele>
      </trkpt>
      <trkpt lat="35.4426" lon="-82.71983">
        <ele>1245.38</ele>
      </trkpt>
      <trkpt lat="35.44264" lon="-82.71979">
        <ele>1244.32</ele>
      </trkpt>
      <trkpt lat="35.44268" lon="-82.71975">
        <ele>1243.73</ele>
      </trkpt>
      <trkpt lat="35.44272" lon="-82.71971">
        <ele>1243.14</ele>
      </trkpt>
      <trkpt lat="35.44277" lon="-82.71969">
        <ele>1243.41</ele>
      </trkpt>
      <trkpt lat="35.44282" lon="-82.71965">
        <ele>1242.95</ele>
      </trkpt>
      <trkpt lat="35.44286" lon="-82.71961">
        <ele>1243.03</ele>
      </trkpt>
      <trkpt lat="35.44291" lon="-82.71958">
        <ele>1242.85</ele>
      </trkpt>
      <trkpt lat="35.44296" lon="-82.71955">
        <ele>1243.08</ele>
      </trkpt>
      <trkpt lat="35.44301" lon="-82.71952">
        <ele>1243.83</ele>
      </trkpt>
      <trkpt lat="35.44307" lon="-82.71951">
        <ele>1245.09</ele>
      </trkpt>
      <trkpt lat="35.44313" lon="-82.71949">
        <ele>1245.82</ele>
      </trkpt>
      <trkpt lat="35.44318" lon="-82.71946">
        <ele>1246.66</ele>
      </trkpt>
      <trkpt lat="35.44323" lon="-82.71943">
        <ele>1247.28</ele>
      </trkpt>
      <trkpt lat="35.44328" lon="-82.7194">
        <ele>1248.16</ele>
      </trkpt>
      <trkpt lat="35.44332" lon="-82.71936">
        <ele>1249.6</ele>
      </trkpt>
      <trkpt lat="35.44337" lon="-82.71932">
        <ele>1249.74</ele>
      </trkpt>
      <trkpt lat="35.44342" lon="-82.7193">
        <ele>1249.59</ele>
      </trkpt>
      <trkpt lat="35.44346" lon="-82.71926">
        <ele>1250.35</ele>
      </trkpt>
      <trkpt lat="35.4435" lon="-82.71922">
        <ele>1250.29</ele>
      </trkpt>
      <trkpt lat="35.44355" lon="-82.71919">
        <ele>1250.67</ele>
      </trkpt>
      <trkpt lat="35.44359" lon="-82.71915">
        <ele>1250.96</ele>
      </trkpt>
      <trkpt lat="35.44363" lon="-82.71911">
        <ele>1250.46</ele>
      </trkpt>
      <trkpt lat="35.44368" lon="-82.71908">
        <ele>1251.23</ele>
      </trkpt>
      <trkpt lat="35.44373" lon="-82.71905">
        <ele>1251.65</ele>
      </trkpt>
      <trkpt lat="35.44378" lon="-82.71905">
        <ele>1252.47</ele>
      </trkpt>
      <trkpt lat="35.44384" lon="-82.71906">
        <ele>1253.39</ele>
      </trkpt>
      <trkpt lat="35.44389" lon="-82.71906">
        <ele>1253.99</ele>
      </trkpt>
      <trkpt lat="35.44394" lon="-82.71903">
        <ele>1253.97</ele>
      </trkpt>
      <trkpt lat="35.44398" lon="-82.71898">
        <ele>1254.95</ele>
      </trkpt>
      <trkpt lat="35.44402" lon="-82.71895">
        <ele>1254.05</ele>
      </trkpt>
      <trkpt lat="35.44405" lon="-82.7189">
        <ele>1254.36</ele>
      </trkpt>
      <trkpt lat="35.44409" lon="-82.71886">
        <ele>1254.36</ele>
      </trkpt>
      <trkpt lat="35.44412" lon="-82.71881">
        <ele>1254.07</ele>
      </trkpt>
      <trkpt lat="35.44416" lon="-82.71876">
        <ele>1253.99</ele>
      </trkpt>
      <trkpt lat="35.44419" lon="-82.71871">
        <ele>1253.59</ele>
      </trkpt>
      <trkpt lat="35.44422" lon="-82.71866">
        <ele>1253.55</ele>
      </trkpt>
      <trkpt lat="35.44424" lon="-82.7186">
        <ele>1253.67</ele>
      </trkpt>
      <trkpt lat="35.44427" lon="-82.71855">
        <ele>1254.03</ele>
      </trkpt>
      <trkpt lat="35.44431" lon="-82.7185">
        <ele>1254.9</ele>
      </trkpt>
      <trkpt lat="35.44433" lon="-82.71845">
        <ele>1255.14</ele>
      </trkpt>
      <trkpt lat="35.44436" lon="-82.7184">
        <ele>1255.6</ele>
      </trkpt>
      <trkpt lat="35.44439" lon="-82.71835">
        <ele>1255.79</ele>
      </trkpt>
      <trkpt lat="35.44443" lon="-82.7183">
        <ele>1256.96</ele>
      </trkpt>
      <trkpt lat="35.44446" lon="-82.71825">
        <ele>1257.23</ele>
      </trkpt>
      <trkpt lat="35.44449" lon="-82.7182">
        <ele>1256.6</ele>
      </trkpt>
      <trkpt lat="35.44452" lon="-82.71815">
        <ele>1256.48</ele>
      </trkpt>
      <trkpt lat="35.44455" lon="-82.7181">
        <ele>1256.77</ele>
      </trkpt>
      <trkpt lat="35.44458" lon="-82.71805">
        <ele>1257.3</ele>
      </trkpt>
      <trkpt lat="35.44462" lon="-82.718">
        <ele>1258.03</ele>
      </trkpt>
      <trkpt lat="35.44466" lon="-82.71797">
        <ele>1258.66</ele>
      </trkpt>
      <trkpt lat="35.44469" lon="-82.71792">
        <ele>1258.98</ele>
      </trkpt>
      <trkpt lat="35.44473" lon="-82.71788">
        <ele>1260.07</ele>
      </trkpt>
      <trkpt lat="35.44477" lon="-82.71783">
        <ele>1259.88</ele>
      </trkpt>
      <trkpt lat="35.44482" lon="-82.71781">
        <ele>1260.96</ele>
      </trkpt>
      <trkpt lat="35.44487" lon="-82.71777">
        <ele>1260.98</ele>
      </trkpt>
      <trkpt lat="35.44492" lon="-82.71774">
        <ele>1261.33</ele>
      </trkpt>
      <trkpt lat="35.44497" lon="-82.71772">
        <ele>1261.37</ele>
      </trkpt>
      <trkpt lat="35.44502" lon="-82.71769">
        <ele>1261.67</ele>
      </trkpt>
      <trkpt lat="35.44507" lon="-82.71766">
        <ele>1261.66</ele>
      </trkpt>
      <trkpt lat="35.44513" lon="-82.71764">
        <ele>1261.57</ele>
      </trkpt>
      <trkpt lat="35.44519" lon="-82.71762">
        <ele>1261.39</ele>
      </trkpt>
      <trkpt lat="35.44525" lon="-82.71761">
        <ele>1261.49</ele>
      </trkpt>
      <trkpt lat="35.44531" lon="-82.71759">
        <ele>1261.71</ele>
      </trkpt>
      <trkpt lat="35.44537" lon="-82.71757">
        <ele>1261.49</ele>
      </trkpt>
      <trkpt lat="35.44543" lon="-82.71755">
        <ele>1260.63</ele>
      </trkpt>
      <trkpt lat="35.44549" lon="-82.71753">
        <ele>1259.77</ele>
      </trkpt>
      <trkpt lat="35.44555" lon="-82.71752">
        <ele>1258.69</ele>
      </trkpt>
      <trkpt lat="35.44561" lon="-82.7175">
        <ele>1257.82</ele>
      </trkpt>
      <trkpt lat="35.44566" lon="-82.71747">
        <ele>1257.39</ele>
      </trkpt>
      <trkpt lat="35.44572" lon="-82.71745">
        <ele>1256.53</ele>
      </trkpt>
      <trkpt lat="35.44576" lon="-82.7174">
        <ele>1256.66</ele>
      </trkpt>
      <trkpt lat="35.4458" lon="-82.71736">
        <ele>1256.23</ele>
      </trkpt>
      <trkpt lat="35.44583" lon="-82.71731">
        <ele>1256.07</ele>
      </trkpt>
      <trkpt lat="35.44587" lon="-82.71727">
        <ele>1255.21</ele>
      </trkpt>
      <trkpt lat="35.4459" lon="-82.71722">
        <ele>1254.58</ele>
      </trkpt>
      <trkpt lat="35.44594" lon="-82.71717">
        <ele>1254.26</ele>
      </trkpt>
      <trkpt lat="35.44596" lon="-82.71713">
        <ele>1254.26</ele>
      </trkpt>
      <trkpt lat="35.44599" lon="-82.71709">
        <ele>1253.62</ele>
      </trkpt>
      <trkpt lat="35.44602" lon="-82.71705">
        <ele>1252.97</ele>
      </trkpt>
      <trkpt lat="35.44605" lon="-82.71701">
        <ele>1252.13</ele>
      </trkpt>
      <trkpt lat="35.44608" lon="-82.71696">
        <ele>1251.39</ele>
      </trkpt>
      <trkpt lat="35.44612" lon="-82.71693">
        <ele>1250.59</ele>
      </trkpt>
      <trkpt lat="35.44616" lon="-82.7169">
        <ele>1249.51</ele>
      </trkpt>
      <trkpt lat="35.44621" lon="-82.71689">
        <ele>1248.8</ele>
      </trkpt>
      <trkpt lat="35.44626" lon="-82.71688">
        <ele>1248.42</ele>
      </trkpt>
      <trkpt lat="35.44631" lon="-82.71686">
        <ele>1248.09</ele>
      </trkpt>
      <trkpt lat="35.44636" lon="-82.71685">
        <ele>1247.97</ele>
      </trkpt>
      <trkpt lat="35.44641" lon="-82.71683">
        <ele>1247.76</ele>
      </trkpt>
      <trkpt lat="35.44646" lon="-82.71681">
        <ele>1247.55</ele>
      </trkpt>
      <trkpt lat="35.4465" lon="-82.71678">
        <ele>1247.18</ele>
      </trkpt>
      <trkpt lat="35.44653" lon="-82.71673">
        <ele>1246.85</ele>
      </trkpt>
      <trkpt lat="35.44656" lon="-82.71668">
        <ele>1246.87</ele>
      </trkpt>
      <trkpt lat="35.44659" lon="-82.71663">
        <ele>1246.28</ele>
      </trkpt>
      <trkpt lat="35.44662" lon="-82.71658">
        <ele>1245.59</ele>
      </trkpt>
      <trkpt lat="35.44666" lon="-82.71655">
        <ele>1245.15</ele>
      </trkpt>
      <trkpt lat="35.44673" lon="-82.71651">
        <ele>1243.24</ele>
      </trkpt>
      <trkpt lat="35.44677" lon="-82.71651">
        <ele>1242.92</ele>
      </trkpt>
      <trkpt lat="35.44682" lon="-82.71652">
        <ele>1243.25</ele>
      </trkpt>
      <trkpt lat="35.44688" lon="-82.71653">
        <ele>1243.41</ele>
      </trkpt>
      <trkpt lat="35.44694" lon="-82.71651">
        <ele>1242.63</ele>
      </trkpt>
      <trkpt lat="35.44699" lon="-82.71648">
        <ele>1241.95</ele>
      </trkpt>
      <trkpt lat="35.44701" lon="-82.71642">
        <ele>1240.28</ele>
      </trkpt>
      <trkpt lat="35.44704" lon="-82.71637">
        <ele>1239.25</ele>
      </trkpt>
      <trkpt lat="35.44706" lon="-82.71631">
        <ele>1237.3</ele>
      </trkpt>
      <trkpt lat="35.44709" lon="-82.71625">
        <ele>1236.5</ele>
      </trkpt>
      <trkpt lat="35.44711" lon="-82.71619">
        <ele>1235.86</ele>
      </trkpt>
      <trkpt lat="35.44712" lon="-82.71612">
        <ele>1234.78</ele>
      </trkpt>
      <trkpt lat="35.44714" lon="-82.71605">
        <ele>1234.86</ele>
      </trkpt>
      <trkpt lat="35.44715" lon="-82.71598">
        <ele>1235.1</ele>
      </trkpt>
      <trkpt lat="35.44715" lon="-82.71592">
        <ele>1235.1</ele>
      </trkpt>
      <trkpt lat="35.44715" lon="-82.71585">
        <ele>1235.1</ele>
      </trkpt>
      <trkpt lat="35.44715" lon="-82.71579">
        <ele>1234.63</ele>
      </trkpt>
      <trkpt lat="35.44714" lon="-82.71571">
        <ele>1232.9</ele>
      </trkpt>
      <trkpt lat="35.44713" lon="-82.71566">
        <ele>1231.28</ele>
      </trkpt>
      <trkpt lat="35.44713" lon="-82.7156">
        <ele>1229.46</ele>
      </trkpt>
      <trkpt lat="35.44713" lon="-82.71553">
        <ele>1227.47</ele>
      </trkpt>
      <trkpt lat="35.44714" lon="-82.71546">
        <ele>1226.32</ele>
      </trkpt>
      <trkpt lat="35.44715" lon="-82.71539">
        <ele>1223.55</ele>
      </trkpt>
      <trkpt lat="35.44717" lon="-82.71534">
        <ele>1221.67</ele>
      </trkpt>
      <trkpt lat="35.44722" lon="-82.71531">
        <ele>1221.67</ele>
      </trkpt>
      <trkpt lat="35.44728" lon="-82.71529">
        <ele>1222.61</ele>
      </trkpt>
      <trkpt lat="35.44734" lon="-82.71527">
        <ele>1223.61</ele>
      </trkpt>
      <trkpt lat="35.44739" lon="-82.71524">
        <ele>1224.13</ele>
      </trkpt>
      <trkpt lat="35.44741" lon="-82.71517">
        <ele>1221.3</ele>
      </trkpt>
      <trkpt lat="35.44744" lon="-82.71512">
        <ele>1220.14</ele>
      </trkpt>
      <trkpt lat="35.44746" lon="-82.71506">
        <ele>1218.63</ele>
      </trkpt>
      <trkpt lat="35.44748" lon="-82.71501">
        <ele>1218.05</ele>
      </trkpt>
      <trkpt lat="35.44751" lon="-82.71495">
        <ele>1217.44</ele>
      </trkpt>
      <trkpt lat="35.44753" lon="-82.71489">
        <ele>1216.19</ele>
      </trkpt>
      <trkpt lat="35.44755" lon="-82.71483">
        <ele>1214.9</ele>
      </trkpt>
      <trkpt lat="35.44759" lon="-82.71474">
        <ele>1212.81</ele>
      </trkpt>
      <trkpt lat="35.44761" lon="-82.71472">
        <ele>1212.84</ele>
      </trkpt>
      <trkpt lat="35.44764" lon="-82.71467">
        <ele>1212.3</ele>
      </trkpt>
      <trkpt lat="35.44767" lon="-82.71462">
        <ele>1211.76</ele>
      </trkpt>
      <trkpt lat="35.4477" lon="-82.71457">
        <ele>1211.06</ele>
      </trkpt>
      <trkpt lat="35.44773" lon="-82.71452">
        <ele>1210.38</ele>
      </trkpt>
      <trkpt lat="35.44776" lon="-82.71446">
        <ele>1209.74</ele>
      </trkpt>
      <trkpt lat="35.44779" lon="-82.71441">
        <ele>1208.91</ele>
      </trkpt>
      <trkpt lat="35.44782" lon="-82.71437">
        <ele>1208.15</ele>
      </trkpt>
      <trkpt lat="35.44785" lon="-82.71432">
        <ele>1207.23</ele>
      </trkpt>
      <trkpt lat="35.44789" lon="-82.71427">
        <ele>1207.2</ele>
      </trkpt>
      <trkpt lat="35.44792" lon="-82.71423">
        <ele>1207.2</ele>
      </trkpt>
      <trkpt lat="35.44794" lon="-82.71416">
        <ele>1205.86</ele>
      </trkpt>
      <trkpt lat="35.44796" lon="-82.7141">
        <ele>1205.43</ele>
      </trkpt>
      <trkpt lat="35.44798" lon="-82.71403">
        <ele>1205.26</ele>
      </trkpt>
      <trkpt lat="35.44798" lon="-82.71396">
        <ele>1204.55</ele>
      </trkpt>
      <trkpt lat="35.44798" lon="-82.7139">
        <ele>1204.02</ele>
      </trkpt>
      <trkpt lat="35.44798" lon="-82.71383">
        <ele>1203.4</ele>
      </trkpt>
      <trkpt lat="35.44797" lon="-82.71377">
        <ele>1202.46</ele>
      </trkpt>
      <trkpt lat="35.44796" lon="-82.71371">
        <ele>1201.81</ele>
      </trkpt>
      <trkpt lat="35.44796" lon="-82.71364">
        <ele>1200.43</ele>
      </trkpt>
      <trkpt lat="35.44796" lon="-82.71358">
        <ele>1199.14</ele>
      </trkpt>
      <trkpt lat="35.44796" lon="-82.71351">
        <ele>1197.53</ele>
      </trkpt>
      <trkpt lat="35.44797" lon="-82.71344">
        <ele>1195.98</ele>
      </trkpt>
      <trkpt lat="35.44799" lon="-82.71337">
        <ele>1196.26</ele>
      </trkpt>
      <trkpt lat="35.44799" lon="-82.71325">
        <ele>1194.85</ele>
      </trkpt>
      <trkpt lat="35.44799" lon="-82.71325">
        <ele>1194.85</ele>
      </trkpt>
      <trkpt lat="35.448" lon="-82.71308">
        <ele>1195.69</ele>
      </trkpt>
      <trkpt lat="35.448" lon="-82.71306">
        <ele>1195.78</ele>
      </trkpt>
      <trkpt lat="35.44799" lon="-82.713">
        <ele>1195.82</ele>
      </trkpt>
      <trkpt lat="35.44798" lon="-82.71295">
        <ele>1195.78</ele>
      </trkpt>
      <trkpt lat="35.44796" lon="-82.71289">
        <ele>1195.41</ele>
      </trkpt>
      <trkpt lat="35.44794" lon="-82.71284">
        <ele>1195.99</ele>
      </trkpt>
      <trkpt lat="35.44791" lon="-82.71279">
        <ele>1196.12</ele>
      </trkpt>
      <trkpt lat="35.44788" lon="-82.71274">
        <ele>1196.21</ele>
      </trkpt>
      <trkpt lat="35.44784" lon="-82.7127">
        <ele>1195.44</ele>
      </trkpt>
      <trkpt lat="35.44781" lon="-82.71265">
        <ele>1195.1</ele>
      </trkpt>
      <trkpt lat="35.44778" lon="-82.7126">
        <ele>1194.88</ele>
      </trkpt>
      <trkpt lat="35.44776" lon="-82.71256">
        <ele>1195.52</ele>
      </trkpt>
      <trkpt lat="35.44772" lon="-82.71251">
        <ele>1196.0</ele>
      </trkpt>
      <trkpt lat="35.44769" lon="-82.71247">
        <ele>1196.52</ele>
      </trkpt>
      <trkpt lat="35.44748" lon="-82.71211">
        <ele>1194.17</ele>
      </trkpt>
      <trkpt lat="35.44745" lon="-82.71207">
        <ele>1193.4</ele>
      </trkpt>
      <trkpt lat="35.44742" lon="-82.71203">
        <ele>1192.9</ele>
      </trkpt>
      <trkpt lat="35.44739" lon="-82.71198">
        <ele>1192.91</ele>
      </trkpt>
      <trkpt lat="35.44736" lon="-82.71193">
        <ele>1192.75</ele>
      </trkpt>
      <trkpt lat="35.44733" lon="-82.71189">
        <ele>1192.0</ele>
      </trkpt>
      <trkpt lat="35.4473" lon="-82.71184">
        <ele>1191.6</ele>
      </trkpt>
      <trkpt lat="35.44727" lon="-82.71179">
        <ele>1191.91</ele>
      </trkpt>
      <trkpt lat="35.44724" lon="-82.71175">
        <ele>1192.07</ele>
      </trkpt>
      <trkpt lat="35.44721" lon="-82.7117">
        <ele>1192.39</ele>
      </trkpt>
      <trkpt lat="35.44719" lon="-82.71164">
        <ele>1193.47</ele>
      </trkpt>
      <trkpt lat="35.44716" lon="-82.71159">
        <ele>1193.8</ele>
      </trkpt>
      <trkpt lat="35.44712" lon="-82.71154">
        <ele>1193.73</ele>
      </trkpt>
      <trkpt lat="35.44709" lon="-82.7115">
        <ele>1194.03</ele>
      </trkpt>
      <trkpt lat="35.44706" lon="-82.71145">
        <ele>1194.51</ele>
      </trkpt>
      <trkpt lat="35.44703" lon="-82.7114">
        <ele>1194.46</ele>
      </trkpt>
      <trkpt lat="35.44699" lon="-82.71136">
        <ele>1193.59</ele>
      </trkpt>
      <trkpt lat="35.44696" lon="-82.71132">
        <ele>1193.16</ele>
      </trkpt>
      <trkpt lat="35.44682" lon="-82.7111">
        <ele>1191.13</ele>
      </trkpt>
      <trkpt lat="35.4468" lon="-82.71104">
        <ele>1191.52</ele>
      </trkpt>
      <trkpt lat="35.44676" lon="-82.71098">
        <ele>1191.84</ele>
      </trkpt>
      <trkpt lat="35.44673" lon="-82.71093">
        <ele>1192.28</ele>
      </trkpt>
      <trkpt lat="35.4467" lon="-82.71087">
        <ele>1192.49</ele>
      </trkpt>
      <trkpt lat="35.44667" lon="-82.71081">
        <ele>1193.25</ele>
      </trkpt>
      <trkpt lat="35.44668" lon="-82.71076">
        <ele>1193.79</ele>
      </trkpt>
      <trkpt lat="35.44673" lon="-82.71073">
        <ele>1193.73</ele>
      </trkpt>
      <trkpt lat="35.44679" lon="-82.71073">
        <ele>1191.99</ele>
      </trkpt>
      <trkpt lat="35.44684" lon="-82.71075">
        <ele>1189.8</ele>
      </trkpt>
      <trkpt lat="35.44689" lon="-82.71077">
        <ele>1188.53</ele>
      </trkpt>
      <trkpt lat="35.44694" lon="-82.7108">
        <ele>1188.03</ele>
      </trkpt>
      <trkpt lat="35.447" lon="-82.71082">
        <ele>1187.28</ele>
      </trkpt>
      <trkpt lat="35.44705" lon="-82.71085">
        <ele>1187.33</ele>
      </trkpt>
      <trkpt lat="35.4471" lon="-82.71087">
        <ele>1186.81</ele>
      </trkpt>
      <trkpt lat="35.44716" lon="-82.71088">
        <ele>1185.54</ele>
      </trkpt>
      <trkpt lat="35.44721" lon="-82.7109">
        <ele>1185.0</ele>
      </trkpt>
      <trkpt lat="35.44726" lon="-82.71091">
        <ele>1183.85</ele>
      </trkpt>
      <trkpt lat="35.44732" lon="-82.71093">
        <ele>1183.2</ele>
      </trkpt>
      <trkpt lat="35.44738" lon="-82.71092">
        <ele>1181.21</ele>
      </trkpt>
      <trkpt lat="35.44743" lon="-82.71093">
        <ele>1181.06</ele>
      </trkpt>
      <trkpt lat="35.44749" lon="-82.71092">
        <ele>1179.67</ele>
      </trkpt>
      <trkpt lat="35.44755" lon="-82.71092">
        <ele>1179.55</ele>
      </trkpt>
      <trkpt lat="35.4476" lon="-82.71091">
        <ele>1178.65</ele>
      </trkpt>
      <trkpt lat="35.44766" lon="-82.71092">
        <ele>1178.14</ele>
      </trkpt>
      <trkpt lat="35.44772" lon="-82.71092">
        <ele>1176.84</ele>
      </trkpt>
      <trkpt lat="35.44777" lon="-82.71092">
        <ele>1175.73</ele>
      </trkpt>
      <trkpt lat="35.44783" lon="-82.71091">
        <ele>1174.33</ele>
      </trkpt>
      <trkpt lat="35.44789" lon="-82.71091">
        <ele>1174.14</ele>
      </trkpt>
      <trkpt lat="35.44795" lon="-82.71089">
        <ele>1173.2</ele>
      </trkpt>
      <trkpt lat="35.44801" lon="-82.71087">
        <ele>1172.08</ele>
      </trkpt>
      <trkpt lat="35.44807" lon="-82.71085">
        <ele>1171.24</ele>
      </trkpt>
      <trkpt lat="35.44813" lon="-82.71084">
        <ele>1171.24</ele>
      </trkpt>
      <trkpt lat="35.44819" lon="-82.71082">
        <ele>1171.57</ele>
      </trkpt>
      <trkpt lat="35.44825" lon="-82.7108">
        <ele>1172.14</ele>
      </trkpt>
      <trkpt lat="35.4483" lon="-82.71077">
        <ele>1171.82</ele>
      </trkpt>
      <trkpt lat="35.44835" lon="-82.71074">
        <ele>1171.67</ele>
      </trkpt>
      <trkpt lat="35.4484" lon="-82.71071">
        <ele>1172.13</ele>
      </trkpt>
      <trkpt lat="35.44845" lon="-82.71069">
        <ele>1173.16</ele>
      </trkpt>
      <trkpt lat="35.4485" lon="-82.71065">
        <ele>1172.52</ele>
      </trkpt>
      <trkpt lat="35.44855" lon="-82.71062">
        <ele>1172.2</ele>
      </trkpt>
      <trkpt lat="35.4486" lon="-82.71059">
        <ele>1171.87</ele>
      </trkpt>
      <trkpt lat="35.44864" lon="-82.71055">
        <ele>1170.64</ele>
      </trkpt>
      <trkpt lat="35.44868" lon="-82.71051">
        <ele>1169.77</ele>
      </trkpt>
      <trkpt lat="35.44873" lon="-82.71048">
        <ele>1170.29</ele>
      </trkpt>
      <trkpt lat="35.44877" lon="-82.71045">
        <ele>1170.98</ele>
      </trkpt>
      <trkpt lat="35.44881" lon="-82.71041">
        <ele>1171.54</ele>
      </trkpt>
      <trkpt lat="35.44886" lon="-82.71037">
        <ele>1173.11</ele>
      </trkpt>
      <trkpt lat="35.44889" lon="-82.71032">
        <ele>1173.43</ele>
      </trkpt>
      <trkpt lat="35.44892" lon="-82.71027">
        <ele>1172.98</ele>
      </trkpt>
      <trkpt lat="35.44894" lon="-82.71021">
        <ele>1170.88</ele>
      </trkpt>
      <trkpt lat="35.44899" lon="-82.71018">
        <ele>1170.67</ele>
      </trkpt>
      <trkpt lat="35.44905" lon="-82.71016">
        <ele>1169.57</ele>
      </trkpt>
      <trkpt lat="35.44911" lon="-82.71016">
        <ele>1169.92</ele>
      </trkpt>
      <trkpt lat="35.44917" lon="-82.71016">
        <ele>1170.34</ele>
      </trkpt>
      <trkpt lat="35.44923" lon="-82.71015">
        <ele>1169.3</ele>
      </trkpt>
      <trkpt lat="35.44928" lon="-82.71016">
        <ele>1169.42</ele>
      </trkpt>
      <trkpt lat="35.44934" lon="-82.71017">
        <ele>1169.31</ele>
      </trkpt>
      <trkpt lat="35.44939" lon="-82.71018">
        <ele>1169.72</ele>
      </trkpt>
      <trkpt lat="35.44945" lon="-82.71018">
        <ele>1169.78</ele>
      </trkpt>
      <trkpt lat="35.4495" lon="-82.71015">
        <ele>1168.7</ele>
      </trkpt>
      <trkpt lat="35.44954" lon="-82.71011">
        <ele>1167.0</ele>
      </trkpt>
      <trkpt lat="35.44958" lon="-82.71007">
        <ele>1165.58</ele>
      </trkpt>
      <trkpt lat="35.44962" lon="-82.71003">
        <ele>1164.34</ele>
      </trkpt>
      <trkpt lat="35.44966" lon="-82.70999">
        <ele>1163.77</ele>
      </trkpt>
      <trkpt lat="35.44971" lon="-82.70996">
        <ele>1164.31</ele>
      </trkpt>
      <trkpt lat="35.44974" lon="-82.70991">
        <ele>1162.9</ele>
      </trkpt>
      <trkpt lat="35.44978" lon="-82.70987">
        <ele>1162.88</ele>
      </trkpt>
      <trkpt lat="35.44981" lon="-82.70982">
        <ele>1162.02</ele>
      </trkpt>
      <trkpt lat="35.44985" lon="-82.70978">
        <ele>1162.4</ele>
      </trkpt>
      <trkpt lat="35.44989" lon="-82.70973">
        <ele>1162.4</ele>
      </trkpt>
      <trkpt lat="35.44993" lon="-82.70969">
        <ele>1162.85</ele>
      </trkpt>
      <trkpt lat="35.44996" lon="-82.70964">
        <ele>1162.1</ele>
      </trkpt>
      <trkpt lat="35.45" lon="-82.7096">
        <ele>1161.72</ele>
      </trkpt>
      <trkpt lat="35.45003" lon="-82.70956">
        <ele>1160.88</ele>
      </trkpt>
      <trkpt lat="35.45009" lon="-82.70954">
        <ele>1162.01</ele>
      </trkpt>
      <trkpt lat="35.45013" lon="-82.7095">
        <ele>1160.56</ele>
      </trkpt>
      <trkpt lat="35.45019" lon="-82.70948">
        <ele>1160.25</ele>
      </trkpt>
      <trkpt lat="35.45023" lon="-82.70943">
        <ele>1160.37</ele>
      </trkpt>
      <trkpt lat="35.45027" lon="-82.70939">
        <ele>1162.19</ele>
      </trkpt>
      <trkpt lat="35.45028" lon="-82.70932">
        <ele>1163.05</ele>
      </trkpt>
      <trkpt lat="35.45031" lon="-82.70928">
        <ele>1163.7</ele>
      </trkpt>
      <trkpt lat="35.45033" lon="-82.70921">
        <ele>1163.9</ele>
      </trkpt>
      <trkpt lat="35.45038" lon="-82.70918">
        <ele>1164.9</ele>
      </trkpt>
      <trkpt lat="35.45044" lon="-82.70916">
        <ele>1164.25</ele>
      </trkpt>
      <trkpt lat="35.4505" lon="-82.70914">
        <ele>1164.0</ele>
      </trkpt>
      <trkpt lat="35.45056" lon="-82.70914">
        <ele>1163.97</ele>
      </trkpt>
      <trkpt lat="35.45061" lon="-82.70912">
        <ele>1163.71</ele>
      </trkpt>
      <trkpt lat="35.45067" lon="-82.70914">
        <ele>1163.36</ele>
      </trkpt>
      <trkpt lat="35.45072" lon="-82.70915">
        <ele>1163.32</ele>
      </trkpt>
      <trkpt lat="35.45078" lon="-82.70917">
        <ele>1162.93</ele>
      </trkpt>
      <trkpt lat="35.45084" lon="-82.70916">
        <ele>1163.15</ele>
      </trkpt>
      <trkpt lat="35.45089" lon="-82.70915">
        <ele>1163.47</ele>
      </trkpt>
      <trkpt lat="35.45095" lon="-82.70913">
        <ele>1164.19</ele>
      </trkpt>
      <trkpt lat="35.45101" lon="-82.70913">
        <ele>1164.19</ele>
      </trkpt>
      <trkpt lat="35.45107" lon="-82.70913">
        <ele>1164.19</ele>
      </trkpt>
      <trkpt lat="35.45113" lon="-82.70912">
        <ele>1164.51</ele>
      </trkpt>
      <trkpt lat="35.45118" lon="-82.70912">
        <ele>1164.51</ele>
      </trkpt>
      <trkpt lat="35.45124" lon="-82.70911">
        <ele>1164.44</ele>
      </trkpt>
      <trkpt lat="35.4513" lon="-82.7091">
        <ele>1164.12</ele>
      </trkpt>
      <trkpt lat="35.45136" lon="-82.70908">
        <ele>1164.12</ele>
      </trkpt>
      <trkpt lat="35.45141" lon="-82.70905">
        <ele>1164.55</ele>
      </trkpt>
      <trkpt lat="35.45147" lon="-82.70903">
        <ele>1164.55</ele>
      </trkpt>
      <trkpt lat="35.4515" lon="-82.70898">
        <ele>1165.84</ele>
      </trkpt>
      <trkpt lat="35.45155" lon="-82.70894">
        <ele>1166.27</ele>
      </trkpt>
      <trkpt lat="35.45159" lon="-82.7089">
        <ele>1166.57</ele>
      </trkpt>
      <trkpt lat="35.45163" lon="-82.70887">
        <ele>1166.88</ele>
      </trkpt>
      <trkpt lat="35.45167" lon="-82.70883">
        <ele>1167.19</ele>
      </trkpt>
      <trkpt lat="35.45171" lon="-82.70879">
        <ele>1167.24</ele>
      </trkpt>
      <trkpt lat="35.45175" lon="-82.70875">
        <ele>1167.25</ele>
      </trkpt>
      <trkpt lat="35.45177" lon="-82.70868">
        <ele>1168.13</ele>
      </trkpt>
      <trkpt lat="35.4518" lon="-82.70863">
        <ele>1167.92</ele>
      </trkpt>
      <trkpt lat="35.45181" lon="-82.70856">
        <ele>1169.21</ele>
      </trkpt>
      <trkpt lat="35.45185" lon="-82.70852">
        <ele>1169.01</ele>
      </trkpt>
      <trkpt lat="35.45188" lon="-82.70848">
        <ele>1169.03</ele>
      </trkpt>
      <trkpt lat="35.45193" lon="-82.70844">
        <ele>1168.17</ele>
      </trkpt>
      <trkpt lat="35.45196" lon="-82.70839">
        <ele>1168.73</ele>
      </trkpt>
      <trkpt lat="35.452" lon="-82.70835">
        <ele>1169.15</ele>
      </trkpt>
      <trkpt lat="35.45203" lon="-82.7083">
        <ele>1170.26</ele>
      </trkpt>
      <trkpt lat="35.45207" lon="-82.70826">
        <ele>1170.31</ele>
      </trkpt>
      <trkpt lat="35.45212" lon="-82.70822">
        <ele>1170.21</ele>
      </trkpt>
      <trkpt lat="35.45216" lon="-82.70818">
        <ele>1170.64</ele>
      </trkpt>
      <trkpt lat="35.4522" lon="-82.70814">
        <ele>1171.05</ele>
      </trkpt>
      <trkpt lat="35.45225" lon="-82.70812">
        <ele>1170.62</ele>
      </trkpt>
      <trkpt lat="35.45233" lon="-82.70804">
        <ele>1172.18</ele>
      </trkpt>
      <trkpt lat="35.45233" lon="-82.70804">
        <ele>1172.18</ele>
      </trkpt>
      <trkpt lat="35.45238" lon="-82.70801">
        <ele>1172.07</ele>
      </trkpt>
      <trkpt lat="35.45242" lon="-82.70797">
        <ele>1172.49</ele>
      </trkpt>
      <trkpt lat="35.45246" lon="-82.70793">
        <ele>1173.09</ele>
      </trkpt>
      <trkpt lat="35.45252" lon="-82.7079">
        <ele>1172.54</ele>
      </trkpt>
      <trkpt lat="35.45256" lon="-82.70787">
        <ele>1172.72</ele>
      </trkpt>
      <trkpt lat="35.4526" lon="-82.70783">
        <ele>1173.5</ele>
      </trkpt>
      <trkpt lat="35.45264" lon="-82.70779">
        <ele>1173.94</ele>
      </trkpt>
      <trkpt lat="35.45268" lon="-82.70775">
        <ele>1174.35</ele>
      </trkpt>
      <trkpt lat="35.45271" lon="-82.7077">
        <ele>1175.82</ele>
      </trkpt>
      <trkpt lat="35.45276" lon="-82.70766">
        <ele>1176.47</ele>
      </trkpt>
      <trkpt lat="35.4528" lon="-82.70762">
        <ele>1177.34</ele>
      </trkpt>
      <trkpt lat="35.45284" lon="-82.70758">
        <ele>1178.2</ele>
      </trkpt>
      <trkpt lat="35.45288" lon="-82.70755">
        <ele>1178.63</ele>
      </trkpt>
      <trkpt lat="35.45292" lon="-82.70751">
        <ele>1179.5</ele>
      </trkpt>
      <trkpt lat="35.45296" lon="-82.70747">
        <ele>1180.04</ele>
      </trkpt>
      <trkpt lat="35.453" lon="-82.70742">
        <ele>1180.79</ele>
      </trkpt>
      <trkpt lat="35.45304" lon="-82.70738">
        <ele>1181.52</ele>
      </trkpt>
      <trkpt lat="35.45308" lon="-82.70734">
        <ele>1182.38</ele>
      </trkpt>
      <trkpt lat="35.45312" lon="-82.7073">
        <ele>1183.25</ele>
      </trkpt>
      <trkpt lat="35.45316" lon="-82.70727">
        <ele>1183.75</ele>
      </trkpt>
      <trkpt lat="35.4532" lon="-82.70723">
        <ele>1184.59</ele>
      </trkpt>
      <trkpt lat="35.45324" lon="-82.70719">
        <ele>1185.41</ele>
      </trkpt>
      <trkpt lat="35.45328" lon="-82.70714">
        <ele>1186.75</ele>
      </trkpt>
      <trkpt lat="35.45332" lon="-82.7071">
        <ele>1187.25</ele>
      </trkpt>
      <trkpt lat="35.45336" lon="-82.70706">
        <ele>1188.04</ele>
      </trkpt>
      <trkpt lat="35.4534" lon="-82.70702">
        <ele>1188.83</ele>
      </trkpt>
      <trkpt lat="35.45344" lon="-82.70698">
        <ele>1189.6</ele>
      </trkpt>
      <trkpt lat="35.45349" lon="-82.70695">
        <ele>1189.48</ele>
      </trkpt>
      <trkpt lat="35.45353" lon="-82.70692">
        <ele>1189.79</ele>
      </trkpt>
      <trkpt lat="35.45358" lon="-82.70688">
        <ele>1191.09</ele>
      </trkpt>
      <trkpt lat="35.45363" lon="-82.70685">
        <ele>1191.84</ele>
      </trkpt>
      <trkpt lat="35.45367" lon="-82.70681">
        <ele>1192.56</ele>
      </trkpt>
      <trkpt lat="35.45371" lon="-82.70677">
        <ele>1193.59</ele>
      </trkpt>
      <trkpt lat="35.45376" lon="-82.70674">
        <ele>1193.73</ele>
      </trkpt>
      <trkpt lat="35.45381" lon="-82.70672">
        <ele>1194.0</ele>
      </trkpt>
      <trkpt lat="35.45386" lon="-82.70669">
        <ele>1195.18</ele>
      </trkpt>
      <trkpt lat="35.45392" lon="-82.70667">
        <ele>1196.26</ele>
      </trkpt>
      <trkpt lat="35.45398" lon="-82.70665">
        <ele>1197.16</ele>
      </trkpt>
      <trkpt lat="35.45404" lon="-82.70663">
        <ele>1198.03</ele>
      </trkpt>
      <trkpt lat="35.45409" lon="-82.7066">
        <ele>1198.55</ele>
      </trkpt>
      <trkpt lat="35.45412" lon="-82.70655">
        <ele>1198.63</ele>
      </trkpt>
      <trkpt lat="35.45412" lon="-82.70655">
        <ele>1198.63</ele>
      </trkpt>
      <trkpt lat="35.45413" lon="-82.70648">
        <ele>1198.98</ele>
      </trkpt>
      <trkpt lat="35.45413" lon="-82.70641">
        <ele>1198.23</ele>
      </trkpt>
      <trkpt lat="35.4541" lon="-82.70635">
        <ele>1196.92</ele>
      </trkpt>
      <trkpt lat="35.45404" lon="-82.70633">
        <ele>1197.33</ele>
      </trkpt>
      <trkpt lat="35.45399" lon="-82.7063">
        <ele>1197.86</ele>
      </trkpt>
      <trkpt lat="35.45396" lon="-82.70626">
        <ele>1197.77</ele>
      </trkpt>
      <trkpt lat="35.45393" lon="-82.70621">
        <ele>1197.77</ele>
      </trkpt>
      <trkpt lat="35.4539" lon="-82.70615">
        <ele>1197.99</ele>
      </trkpt>
      <trkpt lat="35.45387" lon="-82.70609">
        <ele>1198.16</ele>
      </trkpt>
      <trkpt lat="35.45384" lon="-82.70604">
        <ele>1198.05</ele>
      </trkpt>
      <trkpt lat="35.4538" lon="-82.70598">
        <ele>1198.03</ele>
      </trkpt>
      <trkpt lat="35.45378" lon="-82.70592">
        <ele>1197.82</ele>
      </trkpt>
      <trkpt lat="35.45376" lon="-82.70587">
        <ele>1198.36</ele>
      </trkpt>
      <trkpt lat="35.45373" lon="-82.70581">
        <ele>1199.26</ele>
      </trkpt>
      <trkpt lat="35.45372" lon="-82.70574">
        <ele>1198.94</ele>
      </trkpt>
      <trkpt lat="35.45371" lon="-82.70568">
        <ele>1198.94</ele>
      </trkpt>
      <trkpt lat="35.4537" lon="-82.70562">
        <ele>1198.9</ele>
      </trkpt>
      <trkpt lat="35.4537" lon="-82.70555">
        <ele>1198.14</ele>
      </trkpt>
      <trkpt lat="35.4537" lon="-82.70549">
        <ele>1197.49</ele>
      </trkpt>
      <trkpt lat="35.45369" lon="-82.70543">
        <ele>1197.69</ele>
      </trkpt>
      <trkpt lat="35.45369" lon="-82.70536">
        <ele>1197.59</ele>
      </trkpt>
      <trkpt lat="35.4537" lon="-82.70529">
        <ele>1197.16</ele>
      </trkpt>
      <trkpt lat="35.4537" lon="-82.70523">
        <ele>1197.16</ele>
      </trkpt>
      <trkpt lat="35.4537" lon="-82.70516">
        <ele>1197.16</ele>
      </trkpt>
      <trkpt lat="35.45371" lon="-82.70509">
        <ele>1196.73</ele>
      </trkpt>
      <trkpt lat="35.45373" lon="-82.705">
        <ele>1195.86</ele>
      </trkpt>
      <trkpt lat="35.45374" lon="-82.70495">
        <ele>1195.1</ele>
      </trkpt>
      <trkpt lat="35.45374" lon="-82.70489">
        <ele>1194.64</ele>
      </trkpt>
      <trkpt lat="35.45375" lon="-82.70482">
        <ele>1193.56</ele>
      </trkpt>
      <trkpt lat="35.45373" lon="-82.70476">
        <ele>1193.72</ele>
      </trkpt>
      <trkpt lat="35.45372" lon="-82.7047">
        <ele>1193.41</ele>
      </trkpt>
      <trkpt lat="35.45369" lon="-82.70464">
        <ele>1193.13</ele>
      </trkpt>
      <trkpt lat="35.45367" lon="-82.70458">
        <ele>1192.46</ele>
      </trkpt>
      <trkpt lat="35.45365" lon="-82.70452">
        <ele>1191.82</ele>
      </trkpt>
      <trkpt lat="35.45362" lon="-82.70446">
        <ele>1191.17</ele>
      </trkpt>
      <trkpt lat="35.45362" lon="-82.7044">
        <ele>1190.09</ele>
      </trkpt>
      <trkpt lat="35.45364" lon="-82.70434">
        <ele>1189.22</ele>
      </trkpt>
      <trkpt lat="35.45367" lon="-82.70429">
        <ele>1189.39</ele>
      </trkpt>
      <trkpt lat="35.45369" lon="-82.70423">
        <ele>1189.34</ele>
      </trkpt>
      <trkpt lat="35.45372" lon="-82.70417">
        <ele>1189.03</ele>
      </trkpt>
      <trkpt lat="35.45373" lon="-82.7041">
        <ele>1187.97</ele>
      </trkpt>
      <trkpt lat="35.45374" lon="-82.70403">
        <ele>1187.31</ele>
      </trkpt>
      <trkpt lat="35.45374" lon="-82.70397">
        <ele>1186.74</ele>
      </trkpt>
      <trkpt lat="35.45371" lon="-82.70391">
        <ele>1186.08</ele>
      </trkpt>
      <trkpt lat="35.4537" lon="-82.70385">
        <ele>1186.43</ele>
      </trkpt>
      <trkpt lat="35.45367" lon="-82.70379">
        <ele>1186.63</ele>
      </trkpt>
      <trkpt lat="35.45366" lon="-82.70373">
        <ele>1186.23</ele>
      </trkpt>
      <trkpt lat="35.45366" lon="-82.70367">
        <ele>1185.94</ele>
      </trkpt>
      <trkpt lat="35.45365" lon="-82.7036">
        <ele>1185.15</ele>
      </trkpt>
      <trkpt lat="35.45368" lon="-82.70354">
        <ele>1187.29</ele>
      </trkpt>
      <trkpt lat="35.45371" lon="-82.70349">
        <ele>1188.97</ele>
      </trkpt>
      <trkpt lat="35.45373" lon="-82.70343">
        <ele>1189.26</ele>
      </trkpt>
      <trkpt lat="35.45375" lon="-82.70337">
        <ele>1189.8</ele>
      </trkpt>
      <trkpt lat="35.45377" lon="-82.7033">
        <ele>1190.79</ele>
      </trkpt>
      <trkpt lat="35.45377" lon="-82.70324">
        <ele>1191.44</ele>
      </trkpt>
      <trkpt lat="35.45377" lon="-82.70317">
        <ele>1191.98</ele>
      </trkpt>
      <trkpt lat="35.45377" lon="-82.70311">
        <ele>1192.44</ele>
      </trkpt>
      <trkpt lat="35.45377" lon="-82.70304">
        <ele>1192.98</ele>
      </trkpt>
      <trkpt lat="35.45377" lon="-82.70297">
        <ele>1193.53</ele>
      </trkpt>
      <trkpt lat="35.45379" lon="-82.7029">
        <ele>1195.29</ele>
      </trkpt>
      <trkpt lat="35.4538" lon="-82.70283">
        <ele>1196.44</ele>
      </trkpt>
      <trkpt lat="35.45381" lon="-82.70277">
        <ele>1197.01</ele>
      </trkpt>
      <trkpt lat="35.45383" lon="-82.7027">
        <ele>1197.31</ele>
      </trkpt>
      <trkpt lat="35.45384" lon="-82.70263">
        <ele>1198.03</ele>
      </trkpt>
      <trkpt lat="35.45385" lon="-82.70256">
        <ele>1198.94</ele>
      </trkpt>
      <trkpt lat="35.45387" lon="-82.70249">
        <ele>1200.29</ele>
      </trkpt>
      <trkpt lat="35.45388" lon="-82.70242">
        <ele>1201.48</ele>
      </trkpt>
      <trkpt lat="35.45389" lon="-82.70235">
        <ele>1202.61</ele>
      </trkpt>
      <trkpt lat="35.45391" lon="-82.70228">
        <ele>1203.23</ele>
      </trkpt>
      <trkpt lat="35.45392" lon="-82.70221">
        <ele>1204.04</ele>
      </trkpt>
      <trkpt lat="35.45392" lon="-82.70214">
        <ele>1204.3</ele>
      </trkpt>
      <trkpt lat="35.45392" lon="-82.70208">
        <ele>1204.87</ele>
      </trkpt>
      <trkpt lat="35.45392" lon="-82.70201">
        <ele>1205.43</ele>
      </trkpt>
      <trkpt lat="35.45392" lon="-82.70194">
        <ele>1205.75</ele>
      </trkpt>
      <trkpt lat="35.45392" lon="-82.70188">
        <ele>1206.83</ele>
      </trkpt>
      <trkpt lat="35.45394" lon="-82.70181">
        <ele>1208.0</ele>
      </trkpt>
      <trkpt lat="35.45394" lon="-82.70174">
        <ele>1208.76</ele>
      </trkpt>
      <trkpt lat="35.45395" lon="-82.70167">
        <ele>1209.62</ele>
      </trkpt>
      <trkpt lat="35.45393" lon="-82.70161">
        <ele>1210.06</ele>
      </trkpt>
      <trkpt lat="35.45392" lon="-82.70155">
        <ele>1211.03</ele>
      </trkpt>
      <trkpt lat="35.45391" lon="-82.70149">
        <ele>1212.74</ele>
      </trkpt>
      <trkpt lat="35.4539" lon="-82.70143">
        <ele>1213.62</ele>
      </trkpt>
      <trkpt lat="35.45389" lon="-82.70137">
        <ele>1214.42</ele>
      </trkpt>
      <trkpt lat="35.45389" lon="-82.7013">
        <ele>1215.93</ele>
      </trkpt>
      <trkpt lat="35.45389" lon="-82.70123">
        <ele>1216.03</ele>
      </trkpt>
      <trkpt lat="35.45388" lon="-82.70117">
        <ele>1215.52</ele>
      </trkpt>
      <trkpt lat="35.45389" lon="-82.7011">
        <ele>1216.17</ele>
      </trkpt>
      <trkpt lat="35.45387" lon="-82.70104">
        <ele>1215.75</ele>
      </trkpt>
      <trkpt lat="35.45386" lon="-82.70098">
        <ele>1215.57</ele>
      </trkpt>
      <trkpt lat="35.45385" lon="-82.70092">
        <ele>1215.35</ele>
      </trkpt>
      <trkpt lat="35.45384" lon="-82.70086">
        <ele>1215.26</ele>
      </trkpt>
      <trkpt lat="35.45382" lon="-82.70079">
        <ele>1215.12</ele>
      </trkpt>
      <trkpt lat="35.45381" lon="-82.70073">
        <ele>1215.36</ele>
      </trkpt>
      <trkpt lat="35.45379" lon="-82.70067">
        <ele>1215.66</ele>
      </trkpt>
      <trkpt lat="35.45377" lon="-82.70061">
        <ele>1215.54</ele>
      </trkpt>
      <trkpt lat="35.45375" lon="-82.70055">
        <ele>1215.53</ele>
      </trkpt>
      <trkpt lat="35.45371" lon="-82.7005">
        <ele>1217.01</ele>
      </trkpt>
      <trkpt lat="35.45369" lon="-82.70044">
        <ele>1217.86</ele>
      </trkpt>
      <trkpt lat="35.45366" lon="-82.70038">
        <ele>1218.37</ele>
      </trkpt>
      <trkpt lat="35.45363" lon="-82.70033">
        <ele>1219.74</ele>
      </trkpt>
      <trkpt lat="35.45361" lon="-82.70027">
        <ele>1220.94</ele>
      </trkpt>
      <trkpt lat="35.45356" lon="-82.70022">
        <ele>1222.17</ele>
      </trkpt>
      <trkpt lat="35.45351" lon="-82.70019">
        <ele>1224.13</ele>
      </trkpt>
      <trkpt lat="35.45346" lon="-82.70016">
        <ele>1225.26</ele>
      </trkpt>
      <trkpt lat="35.45341" lon="-82.70012">
        <ele>1226.07</ele>
      </trkpt>
      <trkpt lat="35.45336" lon="-82.70008">
        <ele>1226.67</ele>
      </trkpt>
      <trkpt lat="35.45331" lon="-82.70003">
        <ele>1227.34</ele>
      </trkpt>
      <trkpt lat="35.45326" lon="-82.69998">
        <ele>1228.37</ele>
      </trkpt>
      <trkpt lat="35.45323" lon="-82.69992">
        <ele>1228.1</ele>
      </trkpt>
      <trkpt lat="35.45319" lon="-82.69987">
        <ele>1227.82</ele>
      </trkpt>
      <trkpt lat="35.45317" lon="-82.69981">
        <ele>1227.8</ele>
      </trkpt>
      <trkpt lat="35.45315" lon="-82.69975">
        <ele>1228.67</ele>
      </trkpt>
      <trkpt lat="35.45313" lon="-82.69969">
        <ele>1228.87</ele>
      </trkpt>
      <trkpt lat="35.4531" lon="-82.69963">
        <ele>1229.0</ele>
      </trkpt>
      <trkpt lat="35.45309" lon="-82.69957">
        <ele>1228.76</ele>
      </trkpt>
      <trkpt lat="35.45307" lon="-82.69951">
        <ele>1228.8</ele>
      </trkpt>
      <trkpt lat="35.45306" lon="-82.69945">
        <ele>1228.91</ele>
      </trkpt>
      <trkpt lat="35.45305" lon="-82.69939">
        <ele>1228.33</ele>
      </trkpt>
      <trkpt lat="35.45304" lon="-82.69932">
        <ele>1227.89</ele>
      </trkpt>
      <trkpt lat="35.45302" lon="-82.69926">
        <ele>1228.0</ele>
      </trkpt>
      <trkpt lat="35.45301" lon="-82.6992">
        <ele>1228.31</ele>
      </trkpt>
      <trkpt lat="35.453" lon="-82.69914">
        <ele>1228.6</ele>
      </trkpt>
      <trkpt lat="35.453" lon="-82.69907">
        <ele>1228.56</ele>
      </trkpt>
      <trkpt lat="35.45299" lon="-82.69901">
        <ele>1228.02</ele>
      </trkpt>
      <trkpt lat="35.45298" lon="-82.69895">
        <ele>1227.48</ele>
      </trkpt>
      <trkpt lat="35.45297" lon="-82.69888">
        <ele>1226.83</ele>
      </trkpt>
      <trkpt lat="35.45297" lon="-82.69882">
        <ele>1226.18</ele>
      </trkpt>
      <trkpt lat="35.453" lon="-82.69876">
        <ele>1224.74</ele>
      </trkpt>
      <trkpt lat="35.45303" lon="-82.69871">
        <ele>1223.83</ele>
      </trkpt>
      <trkpt lat="35.45305" lon="-82.69865">
        <ele>1222.78</ele>
      </trkpt>
      <trkpt lat="35.45307" lon="-82.69859">
        <ele>1221.42</ele>
      </trkpt>
      <trkpt lat="35.45309" lon="-82.69852">
        <ele>1220.03</ele>
      </trkpt>
      <trkpt lat="35.4531" lon="-82.69845">
        <ele>1218.14</ele>
      </trkpt>
      <trkpt lat="35.45311" lon="-82.69838">
        <ele>1216.89</ele>
      </trkpt>
      <trkpt lat="35.45314" lon="-82.69832">
        <ele>1216.52</ele>
      </trkpt>
      <trkpt lat="35.45316" lon="-82.69827">
        <ele>1215.5</ele>
      </trkpt>
      <trkpt lat="35.45318" lon="-82.6982">
        <ele>1213.93</ele>
      </trkpt>
      <trkpt lat="35.4532" lon="-82.69815">
        <ele>1213.03</ele>
      </trkpt>
      <trkpt lat="35.45323" lon="-82.69809">
        <ele>1211.6</ele>
      </trkpt>
      <trkpt lat="35.45324" lon="-82.69802">
        <ele>1210.21</ele>
      </trkpt>
      <trkpt lat="35.45326" lon="-82.69796">
        <ele>1208.71</ele>
      </trkpt>
      <trkpt lat="35.45328" lon="-82.6979">
        <ele>1207.11</ele>
      </trkpt>
      <trkpt lat="35.45331" lon="-82.69784">
        <ele>1206.25</ele>
      </trkpt>
      <trkpt lat="35.45333" lon="-82.69778">
        <ele>1205.92</ele>
      </trkpt>
      <trkpt lat="35.45335" lon="-82.69772">
        <ele>1204.44</ele>
      </trkpt>
      <trkpt lat="35.45337" lon="-82.69765">
        <ele>1203.14</ele>
      </trkpt>
      <trkpt lat="35.45339" lon="-82.69759">
        <ele>1202.57</ele>
      </trkpt>
      <trkpt lat="35.45341" lon="-82.69753">
        <ele>1202.04</ele>
      </trkpt>
      <trkpt lat="35.45343" lon="-82.69747">
        <ele>1201.6</ele>
      </trkpt>
      <trkpt lat="35.45347" lon="-82.69742">
        <ele>1200.6</ele>
      </trkpt>
      <trkpt lat="35.4535" lon="-82.69737">
        <ele>1199.55</ele>
      </trkpt>
      <trkpt lat="35.45352" lon="-82.69732">
        <ele>1199.02</ele>
      </trkpt>
      <trkpt lat="35.45355" lon="-82.69727">
        <ele>1196.88</ele>
      </trkpt>
      <trkpt lat="35.45358" lon="-82.69722">
        <ele>1195.58</ele>
      </trkpt>
      <trkpt lat="35.45362" lon="-82.69717">
        <ele>1194.22</ele>
      </trkpt>
      <trkpt lat="35.45365" lon="-82.69712">
        <ele>1192.63</ele>
      </trkpt>
      <trkpt lat="35.45368" lon="-82.69707">
        <ele>1190.9</ele>
      </trkpt>
      <trkpt lat="35.45371" lon="-82.69702">
        <ele>1189.23</ele>
      </trkpt>
      <trkpt lat="35.45374" lon="-82.69697">
        <ele>1187.56</ele>
      </trkpt>
      <trkpt lat="35.45378" lon="-82.69692">
        <ele>1186.59</ele>
      </trkpt>
      <trkpt lat="35.45381" lon="-82.69688">
        <ele>1185.08</ele>
      </trkpt>
      <trkpt lat="35.45385" lon="-82.69684">
        <ele>1183.64</ele>
      </trkpt>
      <trkpt lat="35.45388" lon="-82.69679">
        <ele>1182.54</ele>
      </trkpt>
      <trkpt lat="35.45392" lon="-82.69675">
        <ele>1180.96</ele>
      </trkpt>
      <trkpt lat="35.45396" lon="-82.6967">
        <ele>1179.23</ele>
      </trkpt>
      <trkpt lat="35.45399" lon="-82.69665">
        <ele>1178.15</ele>
      </trkpt>
      <trkpt lat="35.45402" lon="-82.6966">
        <ele>1176.19</ele>
      </trkpt>
      <trkpt lat="35.45405" lon="-82.69655">
        <ele>1175.08</ele>
      </trkpt>
      <trkpt lat="35.45408" lon="-82.6965">
        <ele>1174.32</ele>
      </trkpt>
      <trkpt lat="35.45412" lon="-82.69645">
        <ele>1172.65</ele>
      </trkpt>
      <trkpt lat="35.45415" lon="-82.69641">
        <ele>1171.99</ele>
      </trkpt>
      <trkpt lat="35.45418" lon="-82.69636">
        <ele>1170.91</ele>
      </trkpt>
      <trkpt lat="35.45421" lon="-82.69631">
        <ele>1169.7</ele>
      </trkpt>
      <trkpt lat="35.45424" lon="-82.69626">
        <ele>1168.84</ele>
      </trkpt>
      <trkpt lat="35.45428" lon="-82.69621">
        <ele>1168.11</ele>
      </trkpt>
      <trkpt lat="35.45431" lon="-82.69616">
        <ele>1166.89</ele>
      </trkpt>
      <trkpt lat="35.45434" lon="-82.69611">
        <ele>1166.57</ele>
      </trkpt>
      <trkpt lat="35.45437" lon="-82.69606">
        <ele>1164.92</ele>
      </trkpt>
      <trkpt lat="35.45439" lon="-82.696">
        <ele>1163.31</ele>
      </trkpt>
      <trkpt lat="35.45442" lon="-82.69594">
        <ele>1162.55</ele>
      </trkpt>
      <trkpt lat="35.45445" lon="-82.69589">
        <ele>1162.15</ele>
      </trkpt>
      <trkpt lat="35.45447" lon="-82.69584">
        <ele>1161.1</ele>
      </trkpt>
      <trkpt lat="35.45449" lon="-82.69578">
        <ele>1159.84</ele>
      </trkpt>
      <trkpt lat="35.45452" lon="-82.69572">
        <ele>1159.18</ele>
      </trkpt>
      <trkpt lat="35.45454" lon="-82.69566">
        <ele>1158.12</ele>
      </trkpt>
      <trkpt lat="35.45454" lon="-82.69559">
        <ele>1156.66</ele>
      </trkpt>
      <trkpt lat="35.45455" lon="-82.69552">
        <ele>1155.01</ele>
      </trkpt>
      <trkpt lat="35.45453" lon="-82.69546">
        <ele>1153.74</ele>
      </trkpt>
      <trkpt lat="35.45452" lon="-82.6954">
        <ele>1152.64</ele>
      </trkpt>
      <trkpt lat="35.4545" lon="-82.69534">
        <ele>1151.07</ele>
      </trkpt>
      <trkpt lat="35.45449" lon="-82.69528">
        <ele>1149.99</ele>
      </trkpt>
      <trkpt lat="35.45448" lon="-82.69522">
        <ele>1149.3</ele>
      </trkpt>
      <trkpt lat="35.45447" lon="-82.69516">
        <ele>1148.63</ele>
      </trkpt>
      <trkpt lat="35.45444" lon="-82.6951">
        <ele>1146.84</ele>
      </trkpt>
      <trkpt lat="35.45443" lon="-82.69503">
        <ele>1146.22</ele>
      </trkpt>
      <trkpt lat="35.45441" lon="-82.69498">
        <ele>1145.14</ele>
      </trkpt>
      <trkpt lat="35.45437" lon="-82.69492">
        <ele>1142.98</ele>
      </trkpt>
      <trkpt lat="35.45435" lon="-82.69486">
        <ele>1142.92</ele>
      </trkpt>
      <trkpt lat="35.45433" lon="-82.6948">
        <ele>1143.02</ele>
      </trkpt>
      <trkpt lat="35.45429" lon="-82.69475">
        <ele>1141.83</ele>
      </trkpt>
      <trkpt lat="35.45427" lon="-82.69469">
        <ele>1142.12</ele>
      </trkpt>
      <trkpt lat="35.45425" lon="-82.69463">
        <ele>1142.69</ele>
      </trkpt>
      <trkpt lat="35.45421" lon="-82.69458">
        <ele>1142.76</ele>
      </trkpt>
      <trkpt lat="35.45418" lon="-82.69452">
        <ele>1143.63</ele>
      </trkpt>
      <trkpt lat="35.45414" lon="-82.69447">
        <ele>1143.3</ele>
      </trkpt>
      <trkpt lat="35.45411" lon="-82.69441">
        <ele>1143.01</ele>
      </trkpt>
      <trkpt lat="35.45406" lon="-82.69436">
        <ele>1142.2</ele>
      </trkpt>
      <trkpt lat="35.45405" lon="-82.6943">
        <ele>1142.67</ele>
      </trkpt>
      <trkpt lat="35.45403" lon="-82.69424">
        <ele>1142.56</ele>
      </trkpt>
      <trkpt lat="35.45401" lon="-82.69418">
        <ele>1142.25</ele>
      </trkpt>
      <trkpt lat="35.45397" lon="-82.69412">
        <ele>1141.75</ele>
      </trkpt>
      <trkpt lat="35.45393" lon="-82.69407">
        <ele>1141.47</ele>
      </trkpt>
      <trkpt lat="35.4539" lon="-82.69401">
        <ele>1141.73</ele>
      </trkpt>
      <trkpt lat="35.45385" lon="-82.69396">
        <ele>1141.12</ele>
      </trkpt>
      <trkpt lat="35.45384" lon="-82.6939">
        <ele>1140.99</ele>
      </trkpt>
      <trkpt lat="35.45382" lon="-82.69384">
        <ele>1141.0</ele>
      </trkpt>
      <trkpt lat="35.45381" lon="-82.69378">
        <ele>1141.0</ele>
      </trkpt>
      <trkpt lat="35.45378" lon="-82.69372">
        <ele>1140.97</ele>
      </trkpt>
      <trkpt lat="35.45377" lon="-82.69366">
        <ele>1140.87</ele>
      </trkpt>
      <trkpt lat="35.45375" lon="-82.69355">
        <ele>1140.5</ele>
      </trkpt>
      <trkpt lat="35.45375" lon="-82.69353">
        <ele>1140.5</ele>
      </trkpt>
      <trkpt lat="35.45374" lon="-82.69347">
        <ele>1140.19</ele>
      </trkpt>
      <trkpt lat="35.45374" lon="-82.6934">
        <ele>1139.89</ele>
      </trkpt>
      <trkpt lat="35.45373" lon="-82.69334">
        <ele>1139.74</ele>
      </trkpt>
      <trkpt lat="35.45372" lon="-82.69328">
        <ele>1140.3</ele>
      </trkpt>
      <trkpt lat="35.45372" lon="-82.69321">
        <ele>1140.86</ele>
      </trkpt>
      <trkpt lat="35.45372" lon="-82.69315">
        <ele>1141.28</ele>
      </trkpt>
      <trkpt lat="35.45371" lon="-82.69309">
        <ele>1142.36</ele>
      </trkpt>
      <trkpt lat="35.45371" lon="-82.69302">
        <ele>1143.11</ele>
      </trkpt>
      <trkpt lat="35.45371" lon="-82.69295">
        <ele>1143.86</ele>
      </trkpt>
      <trkpt lat="35.45372" lon="-82.69289">
        <ele>1143.95</ele>
      </trkpt>
      <trkpt lat="35.4537" lon="-82.69283">
        <ele>1145.61</ele>
      </trkpt>
      <trkpt lat="35.45371" lon="-82.69276">
        <ele>1145.85</ele>
      </trkpt>
      <trkpt lat="35.45368" lon="-82.6927">
        <ele>1148.12</ele>
      </trkpt>
      <trkpt lat="35.45363" lon="-82.69267">
        <ele>1151.31</ele>
      </trkpt>
      <trkpt lat="35.45359" lon="-82.69265">
        <ele>1153.44</ele>
      </trkpt>
      <trkpt lat="35.45357" lon="-82.69262">
        <ele>1154.74</ele>
      </trkpt>
      <trkpt lat="35.45355" lon="-82.69259">
        <ele>1156.05</ele>
      </trkpt>
      <trkpt lat="35.45352" lon="-82.69254">
        <ele>1158.65</ele>
      </trkpt>
      <trkpt lat="35.45348" lon="-82.6925">
        <ele>1160.42</ele>
      </trkpt>
      <trkpt lat="35.45345" lon="-82.69244">
        <ele>1162.52</ele>
      </trkpt>
      <trkpt lat="35.45343" lon="-82.6924">
        <ele>1164.15</ele>
      </trkpt>
      <trkpt lat="35.45345" lon="-82.69236">
        <ele>1164.88</ele>
      </trkpt>
      <trkpt lat="35.45347" lon="-82.6923">
        <ele>1166.05</ele>
      </trkpt>
      <trkpt lat="35.45351" lon="-82.69226">
        <ele>1166.05</ele>
      </trkpt>
      <trkpt lat="35.45354" lon="-82.69221">
        <ele>1166.7</ele>
      </trkpt>
      <trkpt lat="35.45357" lon="-82.69216">
        <ele>1167.35</ele>
      </trkpt>
      <trkpt lat="35.4536" lon="-82.69211">
        <ele>1168.18</ele>
      </trkpt>
      <trkpt lat="35.45363" lon="-82.69206">
        <ele>1169.45</ele>
      </trkpt>
      <trkpt lat="35.45367" lon="-82.69201">
        <ele>1169.97</ele>
      </trkpt>
      <trkpt lat="35.45369" lon="-82.69195">
        <ele>1171.26</ele>
      </trkpt>
      <trkpt lat="35.45372" lon="-82.6919">
        <ele>1172.09</ele>
      </trkpt>
      <trkpt lat="35.45375" lon="-82.69185">
        <ele>1173.06</ele>
      </trkpt>
      <trkpt lat="35.45378" lon="-82.69179">
        <ele>1174.36</ele>
      </trkpt>
      <trkpt lat="35.45381" lon="-82.69174">
        <ele>1175.33</ele>
      </trkpt>
      <trkpt lat="35.45383" lon="-82.6917">
        <ele>1176.19</ele>
      </trkpt>
      <trkpt lat="35.45385" lon="-82.69165">
        <ele>1177.2</ele>
      </trkpt>
      <trkpt lat="35.45385" lon="-82.6916">
        <ele>1178.28</ele>
      </trkpt>
      <trkpt lat="35.45383" lon="-82.69154">
        <ele>1180.01</ele>
      </trkpt>
      <trkpt lat="35.45379" lon="-82.69149">
        <ele>1181.95</ele>
      </trkpt>
      <trkpt lat="35.45375" lon="-82.69143">
        <ele>1183.56</ele>
      </trkpt>
      <trkpt lat="35.45371" lon="-82.69138">
        <ele>1184.96</ele>
      </trkpt>
      <trkpt lat="35.45366" lon="-82.69133">
        <ele>1186.11</ele>
      </trkpt>
      <trkpt lat="35.45361" lon="-82.69128">
        <ele>1187.0</ele>
      </trkpt>
      <trkpt lat="35.45356" lon="-82.69123">
        <ele>1187.0</ele>
      </trkpt>
      <trkpt lat="35.45353" lon="-82.69117">
        <ele>1187.0</ele>
      </trkpt>
      <trkpt lat="35.45353" lon="-82.69111">
        <ele>1187.0</ele>
      </trkpt>
      <trkpt lat="35.45354" lon="-82.69104">
        <ele>1186.82</ele>
      </trkpt>
      <trkpt lat="35.45356" lon="-82.69097">
        <ele>1186.26</ele>
      </trkpt>
      <trkpt lat="35.45357" lon="-82.6909">
        <ele>1185.72</ele>
      </trkpt>
      <trkpt lat="35.45358" lon="-82.69083">
        <ele>1184.98</ele>
      </trkpt>
      <trkpt lat="35.4536" lon="-82.69076">
        <ele>1184.3</ele>
      </trkpt>
      <trkpt lat="35.45361" lon="-82.69069">
        <ele>1184.01</ele>
      </trkpt>
      <trkpt lat="35.45362" lon="-82.69062">
        <ele>1183.63</ele>
      </trkpt>
      <trkpt lat="35.45363" lon="-82.69055">
        <ele>1183.0</ele>
      </trkpt>
      <trkpt lat="35.45363" lon="-82.69049">
        <ele>1183.0</ele>
      </trkpt>
      <trkpt lat="35.45363" lon="-82.69042">
        <ele>1182.54</ele>
      </trkpt>
      <trkpt lat="35.45362" lon="-82.69036">
        <ele>1181.9</ele>
      </trkpt>
      <trkpt lat="35.45361" lon="-82.6903">
        <ele>1181.23</ele>
      </trkpt>
      <trkpt lat="35.4536" lon="-82.69023">
        <ele>1180.36</ele>
      </trkpt>
      <trkpt lat="35.45358" lon="-82.69017">
        <ele>1179.5</ele>
      </trkpt>
      <trkpt lat="35.45356" lon="-82.69011">
        <ele>1178.64</ele>
      </trkpt>
      <trkpt lat="35.45355" lon="-82.69005">
        <ele>1177.88</ele>
      </trkpt>
      <trkpt lat="35.45353" lon="-82.68999">
        <ele>1176.92</ele>
      </trkpt>
      <trkpt lat="35.45352" lon="-82.68993">
        <ele>1175.52</ele>
      </trkpt>
      <trkpt lat="35.45351" lon="-82.68987">
        <ele>1174.47</ele>
      </trkpt>
      <trkpt lat="35.45349" lon="-82.68981">
        <ele>1173.3</ele>
      </trkpt>
      <trkpt lat="35.45348" lon="-82.68974">
        <ele>1171.89</ele>
      </trkpt>
      <trkpt lat="35.45349" lon="-82.68968">
        <ele>1171.24</ele>
      </trkpt>
      <trkpt lat="35.45347" lon="-82.68961">
        <ele>1170.16</ele>
      </trkpt>
      <trkpt lat="35.45346" lon="-82.68955">
        <ele>1169.19</ele>
      </trkpt>
      <trkpt lat="35.45345" lon="-82.68949">
        <ele>1168.49</ele>
      </trkpt>
      <trkpt lat="35.45344" lon="-82.68943">
        <ele>1167.69</ele>
      </trkpt>
      <trkpt lat="35.45342" lon="-82.68937">
        <ele>1166.38</ele>
      </trkpt>
      <trkpt lat="35.45341" lon="-82.68931">
        <ele>1165.55</ele>
      </trkpt>
      <trkpt lat="35.4534" lon="-82.68924">
        <ele>1164.79</ele>
      </trkpt>
      <trkpt lat="35.45338" lon="-82.68918">
        <ele>1164.14</ele>
      </trkpt>
      <trkpt lat="35.45338" lon="-82.68912">
        <ele>1162.99</ele>
      </trkpt>
      <trkpt lat="35.45336" lon="-82.68906">
        <ele>1161.8</ele>
      </trkpt>
      <trkpt lat="35.45335" lon="-82.689">
        <ele>1161.06</ele>
      </trkpt>
      <trkpt lat="35.45333" lon="-82.68894">
        <ele>1160.07</ele>
      </trkpt>
      <trkpt lat="35.45332" lon="-82.68887">
        <ele>1158.48</ele>
      </trkpt>
      <trkpt lat="35.4533" lon="-82.68882">
        <ele>1157.42</ele>
      </trkpt>
      <trkpt lat="35.45331" lon="-82.68875">
        <ele>1156.37</ele>
      </trkpt>
      <trkpt lat="35.4533" lon="-82.68868">
        <ele>1155.04</ele>
      </trkpt>
      <trkpt lat="35.4533" lon="-82.68862">
        <ele>1153.51</ele>
      </trkpt>
      <trkpt lat="35.4533" lon="-82.68855">
        <ele>1152.62</ele>
      </trkpt>
      <trkpt lat="35.4533" lon="-82.68849">
        <ele>1151.66</ele>
      </trkpt>
      <trkpt lat="35.4533" lon="-82.68842">
        <ele>1150.19</ele>
      </trkpt>
      <trkpt lat="35.45333" lon="-82.68836">
        <ele>1150.19</ele>
      </trkpt>
      <trkpt lat="35.45335" lon="-82.6883">
        <ele>1148.87</ele>
      </trkpt>
      <trkpt lat="35.45337" lon="-82.68824">
        <ele>1147.38</ele>
      </trkpt>
      <trkpt lat="35.45339" lon="-82.68818">
        <ele>1146.7</ele>
      </trkpt>
      <trkpt lat="35.45342" lon="-82.68812">
        <ele>1146.57</ele>
      </trkpt>
      <trkpt lat="35.45342" lon="-82.68806">
        <ele>1145.92</ele>
      </trkpt>
      <trkpt lat="35.45343" lon="-82.68799">
        <ele>1144.53</ele>
      </trkpt>
      <trkpt lat="35.45341" lon="-82.68793">
        <ele>1143.07</ele>
      </trkpt>
      <trkpt lat="35.4534" lon="-82.68787">
        <ele>1142.0</ele>
      </trkpt>
      <trkpt lat="35.45339" lon="-82.6878">
        <ele>1141.24</ele>
      </trkpt>
      <trkpt lat="35.45338" lon="-82.68774">
        <ele>1140.79</ele>
      </trkpt>
      <trkpt lat="35.45337" lon="-82.68768">
        <ele>1140.55</ele>
      </trkpt>
      <trkpt lat="35.45335" lon="-82.68762">
        <ele>1140.12</ele>
      </trkpt>
      <trkpt lat="35.45334" lon="-82.68755">
        <ele>1139.96</ele>
      </trkpt>
      <trkpt lat="35.45333" lon="-82.68749">
        <ele>1139.92</ele>
      </trkpt>
      <trkpt lat="35.45332" lon="-82.68743">
        <ele>1139.6</ele>
      </trkpt>
      <trkpt lat="35.45331" lon="-82.68737">
        <ele>1139.24</ele>
      </trkpt>
      <trkpt lat="35.45331" lon="-82.6873">
        <ele>1139.24</ele>
      </trkpt>
      <trkpt lat="35.45331" lon="-82.68724">
        <ele>1139.24</ele>
      </trkpt>
      <trkpt lat="35.45331" lon="-82.68717">
        <ele>1139.39</ele>
      </trkpt>
      <trkpt lat="35.45332" lon="-82.6871">
        <ele>1140.08</ele>
      </trkpt>
      <trkpt lat="35.45332" lon="-82.68704">
        <ele>1140.82</ele>
      </trkpt>
      <trkpt lat="35.45332" lon="-82.68697">
        <ele>1141.58</ele>
      </trkpt>
      <trkpt lat="35.45331" lon="-82.68691">
        <ele>1142.03</ele>
      </trkpt>
      <trkpt lat="35.45329" lon="-82.68685">
        <ele>1142.07</ele>
      </trkpt>
      <trkpt lat="35.45329" lon="-82.68679">
        <ele>1142.38</ele>
      </trkpt>
      <trkpt lat="35.45327" lon="-82.68672">
        <ele>1142.74</ele>
      </trkpt>
      <trkpt lat="35.45326" lon="-82.68666">
        <ele>1143.28</ele>
      </trkpt>
      <trkpt lat="35.45325" lon="-82.6866">
        <ele>1143.82</ele>
      </trkpt>
      <trkpt lat="35.45324" lon="-82.68653">
        <ele>1144.46</ele>
      </trkpt>
      <trkpt lat="35.45324" lon="-82.68647">
        <ele>1144.98</ele>
      </trkpt>
      <trkpt lat="35.45323" lon="-82.68641">
        <ele>1144.86</ele>
      </trkpt>
      <trkpt lat="35.45322" lon="-82.68634">
        <ele>1145.3</ele>
      </trkpt>
      <trkpt lat="35.45322" lon="-82.68628">
        <ele>1145.91</ele>
      </trkpt>
      <trkpt lat="35.45322" lon="-82.68621">
        <ele>1146.5</ele>
      </trkpt>
      <trkpt lat="35.45322" lon="-82.68615">
        <ele>1147.13</ele>
      </trkpt>
      <trkpt lat="35.45323" lon="-82.68608">
        <ele>1148.1</ele>
      </trkpt>
      <trkpt lat="35.45323" lon="-82.68602">
        <ele>1148.75</ele>
      </trkpt>
      <trkpt lat="35.45323" lon="-82.68595">
        <ele>1148.77</ele>
      </trkpt>
      <trkpt lat="35.45323" lon="-82.68588">
        <ele>1149.21</ele>
      </trkpt>
      <trkpt lat="35.45323" lon="-82.68582">
        <ele>1149.64</ele>
      </trkpt>
      <trkpt lat="35.45323" lon="-82.68575">
        <ele>1149.55</ele>
      </trkpt>
      <trkpt lat="35.45323" lon="-82.68569">
        <ele>1149.54</ele>
      </trkpt>
      <trkpt lat="35.45323" lon="-82.68562">
        <ele>1149.8</ele>
      </trkpt>
      <trkpt lat="35.45324" lon="-82.68555">
        <ele>1150.96</ele>
      </trkpt>
      <trkpt lat="35.45322" lon="-82.68549">
        <ele>1150.04</ele>
      </trkpt>
      <trkpt lat="35.45323" lon="-82.68543">
        <ele>1150.85</ele>
      </trkpt>
      <trkpt lat="35.45323" lon="-82.68536">
        <ele>1151.42</ele>
      </trkpt>
      <trkpt lat="35.45323" lon="-82.68529">
        <ele>1151.42</ele>
      </trkpt>
      <trkpt lat="35.45323" lon="-82.68523">
        <ele>1150.84</ele>
      </trkpt>
      <trkpt lat="35.45324" lon="-82.68516">
        <ele>1150.13</ele>
      </trkpt>
      <trkpt lat="35.45326" lon="-82.68509">
        <ele>1148.88</ele>
      </trkpt>
      <trkpt lat="35.45328" lon="-82.68503">
        <ele>1146.64</ele>
      </trkpt>
      <trkpt lat="35.45329" lon="-82.68496">
        <ele>1143.56</ele>
      </trkpt>
      <trkpt lat="35.45333" lon="-82.68492">
        <ele>1144.43</ele>
      </trkpt>
      <trkpt lat="35.45337" lon="-82.68487">
        <ele>1142.92</ele>
      </trkpt>
      <trkpt lat="35.45341" lon="-82.68483">
        <ele>1142.16</ele>
      </trkpt>
      <trkpt lat="35.45344" lon="-82.68479">
        <ele>1141.46</ele>
      </trkpt>
      <trkpt lat="35.45348" lon="-82.68474">
        <ele>1141.35</ele>
      </trkpt>
      <trkpt lat="35.45349" lon="-82.68468">
        <ele>1138.73</ele>
      </trkpt>
      <trkpt lat="35.45353" lon="-82.68463">
        <ele>1138.76</ele>
      </trkpt>
      <trkpt lat="35.45355" lon="-82.68457">
        <ele>1137.04</ele>
      </trkpt>
      <trkpt lat="35.45357" lon="-82.68451">
        <ele>1135.72</ele>
      </trkpt>
      <trkpt lat="35.45359" lon="-82.68445">
        <ele>1134.64</ele>
      </trkpt>
      <trkpt lat="35.45363" lon="-82.6844">
        <ele>1135.13</ele>
      </trkpt>
      <trkpt lat="35.45365" lon="-82.68434">
        <ele>1133.98</ele>
      </trkpt>
      <trkpt lat="35.45367" lon="-82.68428">
        <ele>1133.76</ele>
      </trkpt>
      <trkpt lat="35.45369" lon="-82.68422">
        <ele>1133.54</ele>
      </trkpt>
      <trkpt lat="35.45372" lon="-82.68416">
        <ele>1134.32</ele>
      </trkpt>
      <trkpt lat="35.45374" lon="-82.6841">
        <ele>1135.13</ele>
      </trkpt>
      <trkpt lat="35.45376" lon="-82.68404">
        <ele>1135.89</ele>
      </trkpt>
      <trkpt lat="35.45378" lon="-82.68399">
        <ele>1136.86</ele>
      </trkpt>
      <trkpt lat="35.45381" lon="-82.68393">
        <ele>1137.92</ele>
      </trkpt>
      <trkpt lat="35.45383" lon="-82.68387">
        <ele>1138.07</ele>
      </trkpt>
      <trkpt lat="35.45384" lon="-82.6838">
        <ele>1136.93</ele>
      </trkpt>
      <trkpt lat="35.45385" lon="-82.68373">
        <ele>1135.33</ele>
      </trkpt>
      <trkpt lat="35.45387" lon="-82.68366">
        <ele>1133.79</ele>
      </trkpt>
      <trkpt lat="35.45389" lon="-82.6836">
        <ele>1132.59</ele>
      </trkpt>
      <trkpt lat="35.45391" lon="-82.68353">
        <ele>1130.86</ele>
      </trkpt>
      <trkpt lat="35.45394" lon="-82.68349">
        <ele>1130.77</ele>
      </trkpt>
      <trkpt lat="35.45398" lon="-82.68344">
        <ele>1130.66</ele>
      </trkpt>
      <trkpt lat="35.45401" lon="-82.68339">
        <ele>1129.6</ele>
      </trkpt>
      <trkpt lat="35.45407" lon="-82.6833">
        <ele>1128.32</ele>
      </trkpt>
      <trkpt lat="35.45407" lon="-82.68329">
        <ele>1127.89</ele>
      </trkpt>
      <trkpt lat="35.45411" lon="-82.68325">
        <ele>1128.38</ele>
      </trkpt>
      <trkpt lat="35.45414" lon="-82.6832">
        <ele>1127.67</ele>
      </trkpt>
      <trkpt lat="35.45417" lon="-82.68315">
        <ele>1127.26</ele>
      </trkpt>
      <trkpt lat="35.4542" lon="-82.6831">
        <ele>1127.05</ele>
      </trkpt>
      <trkpt lat="35.45423" lon="-82.68305">
        <ele>1126.54</ele>
      </trkpt>
      <trkpt lat="35.45426" lon="-82.68299">
        <ele>1125.9</ele>
      </trkpt>
      <trkpt lat="35.45428" lon="-82.68293">
        <ele>1124.6</ele>
      </trkpt>
      <trkpt lat="35.4543" lon="-82.68287">
        <ele>1123.31</ele>
      </trkpt>
      <trkpt lat="35.45432" lon="-82.6828">
        <ele>1122.45</ele>
      </trkpt>
      <trkpt lat="35.45432" lon="-82.68274">
        <ele>1121.7</ele>
      </trkpt>
      <trkpt lat="35.45433" lon="-82.68267">
        <ele>1121.61</ele>
      </trkpt>
      <trkpt lat="35.45431" lon="-82.68261">
        <ele>1121.83</ele>
      </trkpt>
      <trkpt lat="35.4543" lon="-82.68255">
        <ele>1122.46</ele>
      </trkpt>
      <trkpt lat="35.45429" lon="-82.68248">
        <ele>1123.36</ele>
      </trkpt>
      <trkpt lat="35.45427" lon="-82.68242">
        <ele>1124.63</ele>
      </trkpt>
      <trkpt lat="35.45426" lon="-82.68236">
        <ele>1125.5</ele>
      </trkpt>
      <trkpt lat="35.45426" lon="-82.68229">
        <ele>1126.26</ele>
      </trkpt>
      <trkpt lat="35.45427" lon="-82.68223">
        <ele>1126.91</ele>
      </trkpt>
      <trkpt lat="35.45425" lon="-82.68216">
        <ele>1126.7</ele>
      </trkpt>
      <trkpt lat="35.45427" lon="-82.6821">
        <ele>1126.68</ele>
      </trkpt>
      <trkpt lat="35.45425" lon="-82.68204">
        <ele>1125.73</ele>
      </trkpt>
      <trkpt lat="35.45423" lon="-82.68197">
        <ele>1124.56</ele>
      </trkpt>
      <trkpt lat="35.45421" lon="-82.68192">
        <ele>1123.81</ele>
      </trkpt>
      <trkpt lat="35.4542" lon="-82.68185">
        <ele>1123.33</ele>
      </trkpt>
      <trkpt lat="35.45418" lon="-82.68179">
        <ele>1122.28</ele>
      </trkpt>
      <trkpt lat="35.45416" lon="-82.68173">
        <ele>1121.2</ele>
      </trkpt>
      <trkpt lat="35.45413" lon="-82.68168">
        <ele>1119.78</ele>
      </trkpt>
      <trkpt lat="35.45409" lon="-82.68163">
        <ele>1118.57</ele>
      </trkpt>
      <trkpt lat="35.45403" lon="-82.6816">
        <ele>1117.67</ele>
      </trkpt>
      <trkpt lat="35.45398" lon="-82.68157">
        <ele>1116.91</ele>
      </trkpt>
      <trkpt lat="35.45393" lon="-82.68153">
        <ele>1115.12</ele>
      </trkpt>
      <trkpt lat="35.45388" lon="-82.6815">
        <ele>1113.71</ele>
      </trkpt>
      <trkpt lat="35.45384" lon="-82.68146">
        <ele>1112.31</ele>
      </trkpt>
      <trkpt lat="35.45379" lon="-82.68143">
        <ele>1110.83</ele>
      </trkpt>
      <trkpt lat="35.45377" lon="-82.68138">
        <ele>1110.34</ele>
      </trkpt>
      <trkpt lat="35.45374" lon="-82.68133">
        <ele>1109.15</ele>
      </trkpt>
      <trkpt lat="35.45371" lon="-82.68128">
        <ele>1108.12</ele>
      </trkpt>
      <trkpt lat="35.45371" lon="-82.68121">
        <ele>1108.07</ele>
      </trkpt>
      <trkpt lat="35.45372" lon="-82.68114">
        <ele>1107.49</ele>
      </trkpt>
      <trkpt lat="35.45373" lon="-82.68108">
        <ele>1106.61</ele>
      </trkpt>
      <trkpt lat="35.45374" lon="-82.68101">
        <ele>1105.17</ele>
      </trkpt>
      <trkpt lat="35.45374" lon="-82.68094">
        <ele>1103.36</ele>
      </trkpt>
      <trkpt lat="35.45374" lon="-82.68088">
        <ele>1102.01</ele>
      </trkpt>
      <trkpt lat="35.45374" lon="-82.68081">
        <ele>1100.5</ele>
      </trkpt>
      <trkpt lat="35.45374" lon="-82.68074">
        <ele>1098.98</ele>
      </trkpt>
      <trkpt lat="35.45376" lon="-82.68069">
        <ele>1097.69</ele>
      </trkpt>
      <trkpt lat="35.45378" lon="-82.68062">
        <ele>1096.16</ele>
      </trkpt>
      <trkpt lat="35.45382" lon="-82.68058">
        <ele>1095.27</ele>
      </trkpt>
      <trkpt lat="35.45385" lon="-82.68053">
        <ele>1093.87</ele>
      </trkpt>
      <trkpt lat="35.45389" lon="-82.68049">
        <ele>1092.56</ele>
      </trkpt>
      <trkpt lat="35.45391" lon="-82.68043">
        <ele>1090.56</ele>
      </trkpt>
      <trkpt lat="35.45391" lon="-82.68036">
        <ele>1088.75</ele>
      </trkpt>
      <trkpt lat="35.4539" lon="-82.6803">
        <ele>1088.79</ele>
      </trkpt>
      <trkpt lat="35.45391" lon="-82.68024">
        <ele>1088.23</ele>
      </trkpt>
      <trkpt lat="35.45391" lon="-82.68017">
        <ele>1087.77</ele>
      </trkpt>
      <trkpt lat="35.45393" lon="-82.68011">
        <ele>1087.56</ele>
      </trkpt>
      <trkpt lat="35.45394" lon="-82.68004">
        <ele>1087.19</ele>
      </trkpt>
      <trkpt lat="35.45398" lon="-82.68">
        <ele>1087.0</ele>
      </trkpt>
      <trkpt lat="35.45402" lon="-82.67995">
        <ele>1087.22</ele>
      </trkpt>
      <trkpt lat="35.45406" lon="-82.67991">
        <ele>1087.82</ele>
      </trkpt>
      <trkpt lat="35.45409" lon="-82.67987">
        <ele>1089.04</ele>
      </trkpt>
      <trkpt lat="35.45413" lon="-82.67983">
        <ele>1089.9</ele>
      </trkpt>
      <trkpt lat="35.45417" lon="-82.67979">
        <ele>1090.77</ele>
      </trkpt>
      <trkpt lat="35.45421" lon="-82.67975">
        <ele>1091.63</ele>
      </trkpt>
      <trkpt lat="35.45426" lon="-82.67971">
        <ele>1092.38</ele>
      </trkpt>
      <trkpt lat="35.4543" lon="-82.67967">
        <ele>1092.81</ele>
      </trkpt>
      <trkpt lat="35.45434" lon="-82.67963">
        <ele>1093.24</ele>
      </trkpt>
      <trkpt lat="35.45437" lon="-82.67958">
        <ele>1094.31</ele>
      </trkpt>
      <trkpt lat="35.45441" lon="-82.67955">
        <ele>1094.41</ele>
      </trkpt>
      <trkpt lat="35.45444" lon="-82.6795">
        <ele>1095.28</ele>
      </trkpt>
      <trkpt lat="35.45449" lon="-82.67946">
        <ele>1095.51</ele>
      </trkpt>
      <trkpt lat="35.45452" lon="-82.67941">
        <ele>1096.42</ele>
      </trkpt>
      <trkpt lat="35.45456" lon="-82.67937">
        <ele>1096.92</ele>
      </trkpt>
      <trkpt lat="35.45459" lon="-82.67932">
        <ele>1097.54</ele>
      </trkpt>
      <trkpt lat="35.45463" lon="-82.67928">
        <ele>1097.55</ele>
      </trkpt>
      <trkpt lat="35.45467" lon="-82.67924">
        <ele>1098.19</ele>
      </trkpt>
      <trkpt lat="35.45471" lon="-82.67921">
        <ele>1098.73</ele>
      </trkpt>
      <trkpt lat="35.45476" lon="-82.67917">
        <ele>1099.48</ele>
      </trkpt>
      <trkpt lat="35.45481" lon="-82.67914">
        <ele>1099.9</ele>
      </trkpt>
      <trkpt lat="35.45486" lon="-82.67911">
        <ele>1100.84</ele>
      </trkpt>
      <trkpt lat="35.45491" lon="-82.67908">
        <ele>1101.81</ele>
      </trkpt>
      <trkpt lat="35.45497" lon="-82.67906">
        <ele>1102.46</ele>
      </trkpt>
      <trkpt lat="35.45503" lon="-82.67905">
        <ele>1102.78</ele>
      </trkpt>
      <trkpt lat="35.45509" lon="-82.67903">
        <ele>1103.43</ele>
      </trkpt>
      <trkpt lat="35.45514" lon="-82.679">
        <ele>1104.81</ele>
      </trkpt>
      <trkpt lat="35.45519" lon="-82.67897">
        <ele>1106.5</ele>
      </trkpt>
      <trkpt lat="35.45524" lon="-82.67894">
        <ele>1107.79</ele>
      </trkpt>
      <trkpt lat="35.45531" lon="-82.6789">
        <ele>1109.48</ele>
      </trkpt>
      <trkpt lat="35.45534" lon="-82.67889">
        <ele>1109.94</ele>
      </trkpt>
      <trkpt lat="35.4554" lon="-82.67887">
        <ele>1110.82</ele>
      </trkpt>
      <trkpt lat="35.45546" lon="-82.67885">
        <ele>1111.68</ele>
      </trkpt>
      <trkpt lat="35.45552" lon="-82.67883">
        <ele>1112.54</ele>
      </trkpt>
      <trkpt lat="35.45558" lon="-82.67881">
        <ele>1113.63</ele>
      </trkpt>
      <trkpt lat="35.45564" lon="-82.67881">
        <ele>1114.19</ele>
      </trkpt>
      <trkpt lat="35.4557" lon="-82.6788">
        <ele>1114.24</ele>
      </trkpt>
      <trkpt lat="35.45576" lon="-82.67881">
        <ele>1113.08</ele>
      </trkpt>
      <trkpt lat="35.45581" lon="-82.67881">
        <ele>1112.62</ele>
      </trkpt>
      <trkpt lat="35.45586" lon="-82.67878">
        <ele>1113.7</ele>
      </trkpt>
      <trkpt lat="35.4559" lon="-82.67874">
        <ele>1115.43</ele>
      </trkpt>
      <trkpt lat="35.45595" lon="-82.6787">
        <ele>1117.46</ele>
      </trkpt>
      <trkpt lat="35.456" lon="-82.6787">
        <ele>1118.0</ele>
      </trkpt>
      <trkpt lat="35.45606" lon="-82.67871">
        <ele>1117.69</ele>
      </trkpt>
      <trkpt lat="35.45611" lon="-82.67871">
        <ele>1117.73</ele>
      </trkpt>
      <trkpt lat="35.45617" lon="-82.6787">
        <ele>1118.84</ele>
      </trkpt>
      <trkpt lat="35.45623" lon="-82.67868">
        <ele>1120.28</ele>
      </trkpt>
      <trkpt lat="35.45629" lon="-82.67868">
        <ele>1120.28</ele>
      </trkpt>
      <trkpt lat="35.45635" lon="-82.67868">
        <ele>1121.01</ele>
      </trkpt>
      <trkpt lat="35.45641" lon="-82.67867">
        <ele>1122.33</ele>
      </trkpt>
      <trkpt lat="35.45646" lon="-82.67868">
        <ele>1122.11</ele>
      </trkpt>
      <trkpt lat="35.45652" lon="-82.67866">
        <ele>1122.94</ele>
      </trkpt>
      <trkpt lat="35.45657" lon="-82.67863">
        <ele>1124.02</ele>
      </trkpt>
      <trkpt lat="35.4566" lon="-82.67859">
        <ele>1125.06</ele>
      </trkpt>
      <trkpt lat="35.45664" lon="-82.67854">
        <ele>1125.33</ele>
      </trkpt>
      <trkpt lat="35.45667" lon="-82.67849">
        <ele>1124.84</ele>
      </trkpt>
      <trkpt lat="35.45668" lon="-82.67842">
        <ele>1124.28</ele>
      </trkpt>
      <trkpt lat="35.45668" lon="-82.67835">
        <ele>1124.28</ele>
      </trkpt>
      <trkpt lat="35.45666" lon="-82.67829">
        <ele>1125.39</ele>
      </trkpt>
      <trkpt lat="35.45665" lon="-82.67823">
        <ele>1126.06</ele>
      </trkpt>
      <trkpt lat="35.45663" lon="-82.67817">
        <ele>1127.07</ele>
      </trkpt>
      <trkpt lat="35.45662" lon="-82.67811">
        <ele>1127.11</ele>
      </trkpt>
      <trkpt lat="35.45659" lon="-82.67805">
        <ele>1128.07</ele>
      </trkpt>
      <trkpt lat="35.45657" lon="-82.67799">
        <ele>1128.56</ele>
      </trkpt>
      <trkpt lat="35.45655" lon="-82.67793">
        <ele>1128.85</ele>
      </trkpt>
      <trkpt lat="35.45652" lon="-82.67788">
        <ele>1129.71</ele>
      </trkpt>
      <trkpt lat="35.45649" lon="-82.67782">
        <ele>1130.9</ele>
      </trkpt>
      <trkpt lat="35.45647" lon="-82.67776">
        <ele>1131.55</ele>
      </trkpt>
      <trkpt lat="35.45643" lon="-82.67771">
        <ele>1133.6</ele>
      </trkpt>
      <trkpt lat="35.45643" lon="-82.67764">
        <ele>1133.55</ele>
      </trkpt>
      <trkpt lat="35.45645" lon="-82.67757">
        <ele>1132.94</ele>
      </trkpt>
      <trkpt lat="35.45646" lon="-82.6775">
        <ele>1133.16</ele>
      </trkpt>
      <trkpt lat="35.45647" lon="-82.67743">
        <ele>1134.89</ele>
      </trkpt>
      <trkpt lat="35.45649" lon="-82.67736">
        <ele>1136.17</ele>
      </trkpt>
      <trkpt lat="35.4565" lon="-82.67729">
        <ele>1138.22</ele>
      </trkpt>
      <trkpt lat="35.45652" lon="-82.67723">
        <ele>1139.62</ele>
      </trkpt>
      <trkpt lat="35.45654" lon="-82.67717">
        <ele>1140.89</ele>
      </trkpt>
      <trkpt lat="35.45657" lon="-82.67711">
        <ele>1141.61</ele>
      </trkpt>
      <trkpt lat="35.45659" lon="-82.67706">
        <ele>1141.64</ele>
      </trkpt>
      <trkpt lat="35.45661" lon="-82.677">
        <ele>1141.86</ele>
      </trkpt>
      <trkpt lat="35.45662" lon="-82.67693">
        <ele>1142.68</ele>
      </trkpt>
      <trkpt lat="35.45664" lon="-82.67686">
        <ele>1142.35</ele>
      </trkpt>
      <trkpt lat="35.45664" lon="-82.67679">
        <ele>1142.63</ele>
      </trkpt>
      <trkpt lat="35.45664" lon="-82.67673">
        <ele>1142.73</ele>
      </trkpt>
      <trkpt lat="35.45664" lon="-82.67666">
        <ele>1142.75</ele>
      </trkpt>
      <trkpt lat="35.45664" lon="-82.67659">
        <ele>1142.97</ele>
      </trkpt>
      <trkpt lat="35.45664" lon="-82.67653">
        <ele>1143.83</ele>
      </trkpt>
      <trkpt lat="35.45666" lon="-82.67646">
        <ele>1144.11</ele>
      </trkpt>
      <trkpt lat="35.45667" lon="-82.67639">
        <ele>1145.82</ele>
      </trkpt>
      <trkpt lat="35.45668" lon="-82.67632">
        <ele>1147.66</ele>
      </trkpt>
      <trkpt lat="35.45671" lon="-82.67626">
        <ele>1148.3</ele>
      </trkpt>
      <trkpt lat="35.45673" lon="-82.6762">
        <ele>1149.37</ele>
      </trkpt>
      <trkpt lat="35.45675" lon="-82.67614">
        <ele>1150.4</ele>
      </trkpt>
      <trkpt lat="35.45678" lon="-82.67609">
        <ele>1151.18</ele>
      </trkpt>
      <trkpt lat="35.45682" lon="-82.67604">
        <ele>1151.49</ele>
      </trkpt>
      <trkpt lat="35.45684" lon="-82.67598">
        <ele>1152.22</ele>
      </trkpt>
      <trkpt lat="35.45686" lon="-82.67592">
        <ele>1152.8</ele>
      </trkpt>
      <trkpt lat="35.45688" lon="-82.67586">
        <ele>1152.8</ele>
      </trkpt>
      <trkpt lat="35.4569" lon="-82.6758">
        <ele>1152.8</ele>
      </trkpt>
      <trkpt lat="35.45691" lon="-82.67573">
        <ele>1153.19</ele>
      </trkpt>
      <trkpt lat="35.45692" lon="-82.67566">
        <ele>1153.43</ele>
      </trkpt>
      <trkpt lat="35.45694" lon="-82.67559">
        <ele>1153.07</ele>
      </trkpt>
      <trkpt lat="35.45696" lon="-82.67553">
        <ele>1152.71</ele>
      </trkpt>
      <trkpt lat="35.45698" lon="-82.67547">
        <ele>1152.59</ele>
      </trkpt>
      <trkpt lat="35.457" lon="-82.67541">
        <ele>1152.17</ele>
      </trkpt>
      <trkpt lat="35.45704" lon="-82.67536">
        <ele>1151.97</ele>
      </trkpt>
      <trkpt lat="35.45707" lon="-82.67531">
        <ele>1151.88</ele>
      </trkpt>
      <trkpt lat="35.45709" lon="-82.67525">
        <ele>1151.74</ele>
      </trkpt>
      <trkpt lat="35.45712" lon="-82.6752">
        <ele>1151.83</ele>
      </trkpt>
      <trkpt lat="35.45715" lon="-82.67515">
        <ele>1152.01</ele>
      </trkpt>
      <trkpt lat="35.45719" lon="-82.6751">
        <ele>1152.93</ele>
      </trkpt>
      <trkpt lat="35.45722" lon="-82.67506">
        <ele>1153.57</ele>
      </trkpt>
      <trkpt lat="35.45726" lon="-82.67502">
        <ele>1154.18</ele>
      </trkpt>
      <trkpt lat="35.45729" lon="-82.67497">
        <ele>1155.11</ele>
      </trkpt>
      <trkpt lat="35.45732" lon="-82.67492">
        <ele>1156.15</ele>
      </trkpt>
      <trkpt lat="35.45736" lon="-82.67487">
        <ele>1157.46</ele>
      </trkpt>
      <trkpt lat="35.4574" lon="-82.67483">
        <ele>1158.76</ele>
      </trkpt>
      <trkpt lat="35.45743" lon="-82.67478">
        <ele>1159.82</ele>
      </trkpt>
      <trkpt lat="35.45747" lon="-82.67474">
        <ele>1161.57</ele>
      </trkpt>
      <trkpt lat="35.45752" lon="-82.67472">
        <ele>1163.66</ele>
      </trkpt>
      <trkpt lat="35.45756" lon="-82.67468">
        <ele>1165.53</ele>
      </trkpt>
      <trkpt lat="35.4576" lon="-82.67464">
        <ele>1168.02</ele>
      </trkpt>
      <trkpt lat="35.45766" lon="-82.67461">
        <ele>1170.28</ele>
      </trkpt>
      <trkpt lat="35.4577" lon="-82.67457">
        <ele>1172.07</ele>
      </trkpt>
      <trkpt lat="35.45774" lon="-82.67453">
        <ele>1173.79</ele>
      </trkpt>
      <trkpt lat="35.45779" lon="-82.6745">
        <ele>1175.8</ele>
      </trkpt>
      <trkpt lat="35.45784" lon="-82.67448">
        <ele>1177.63</ele>
      </trkpt>
      <trkpt lat="35.45788" lon="-82.67444">
        <ele>1179.27</ele>
      </trkpt>
      <trkpt lat="35.45793" lon="-82.67441">
        <ele>1180.8</ele>
      </trkpt>
      <trkpt lat="35.45798" lon="-82.67438">
        <ele>1182.37</ele>
      </trkpt>
      <trkpt lat="35.45803" lon="-82.67435">
        <ele>1183.4</ele>
      </trkpt>
      <trkpt lat="35.45808" lon="-82.67432">
        <ele>1184.19</ele>
      </trkpt>
      <trkpt lat="35.45815" lon="-82.67431">
        <ele>1186.56</ele>
      </trkpt>
      <trkpt lat="35.4582" lon="-82.67428">
        <ele>1186.66</ele>
      </trkpt>
      <trkpt lat="35.45825" lon="-82.67425">
        <ele>1187.01</ele>
      </trkpt>
      <trkpt lat="35.4583" lon="-82.67422">
        <ele>1187.7</ele>
      </trkpt>
      <trkpt lat="35.45835" lon="-82.67419">
        <ele>1188.57</ele>
      </trkpt>
      <trkpt lat="35.4584" lon="-82.67416">
        <ele>1189.26</ele>
      </trkpt>
      <trkpt lat="35.45846" lon="-82.67414">
        <ele>1190.27</ele>
      </trkpt>
      <trkpt lat="35.45852" lon="-82.67413">
        <ele>1191.64</ele>
      </trkpt>
      <trkpt lat="35.45857" lon="-82.6741">
        <ele>1192.79</ele>
      </trkpt>
      <trkpt lat="35.45862" lon="-82.67407">
        <ele>1194.24</ele>
      </trkpt>
      <trkpt lat="35.45867" lon="-82.67404">
        <ele>1195.54</ele>
      </trkpt>
      <trkpt lat="35.45872" lon="-82.67401">
        <ele>1196.9</ele>
      </trkpt>
      <trkpt lat="35.45876" lon="-82.67397">
        <ele>1198.26</ele>
      </trkpt>
      <trkpt lat="35.45882" lon="-82.67395">
        <ele>1200.52</ele>
      </trkpt>
      <trkpt lat="35.45887" lon="-82.67392">
        <ele>1202.25</ele>
      </trkpt>
      <trkpt lat="35.45892" lon="-82.67389">
        <ele>1204.0</ele>
      </trkpt>
      <trkpt lat="35.45896" lon="-82.67385">
        <ele>1205.11</ele>
      </trkpt>
      <trkpt lat="35.45902" lon="-82.67383">
        <ele>1207.51</ele>
      </trkpt>
      <trkpt lat="35.45905" lon="-82.67378">
        <ele>1208.69</ele>
      </trkpt>
      <trkpt lat="35.45909" lon="-82.67374">
        <ele>1209.95</ele>
      </trkpt>
      <trkpt lat="35.45913" lon="-82.67371">
        <ele>1211.4</ele>
      </trkpt>
      <trkpt lat="35.45917" lon="-82.67367">
        <ele>1212.73</ele>
      </trkpt>
      <trkpt lat="35.45922" lon="-82.67363">
        <ele>1214.27</ele>
      </trkpt>
      <trkpt lat="35.45926" lon="-82.67359">
        <ele>1215.78</ele>
      </trkpt>
      <trkpt lat="35.4593" lon="-82.67355">
        <ele>1216.36</ele>
      </trkpt>
      <trkpt lat="35.45933" lon="-82.6735">
        <ele>1217.2</ele>
      </trkpt>
      <trkpt lat="35.45936" lon="-82.67345">
        <ele>1218.22</ele>
      </trkpt>
      <trkpt lat="35.4594" lon="-82.6734">
        <ele>1219.57</ele>
      </trkpt>
      <trkpt lat="35.45944" lon="-82.67337">
        <ele>1221.4</ele>
      </trkpt>
      <trkpt lat="35.45947" lon="-82.67332">
        <ele>1222.36</ele>
      </trkpt>
      <trkpt lat="35.4595" lon="-82.67327">
        <ele>1223.42</ele>
      </trkpt>
      <trkpt lat="35.45954" lon="-82.67323">
        <ele>1225.0</ele>
      </trkpt>
      <trkpt lat="35.45958" lon="-82.67319">
        <ele>1225.25</ele>
      </trkpt>
      <trkpt lat="35.4596" lon="-82.67315">
        <ele>1225.67</ele>
      </trkpt>
      <trkpt lat="35.45965" lon="-82.67311">
        <ele>1226.1</ele>
      </trkpt>
      <trkpt lat="35.45964" lon="-82.67307">
        <ele>1226.64</ele>
      </trkpt>
      <trkpt lat="35.45964" lon="-82.673">
        <ele>1226.18</ele>
      </trkpt>
      <trkpt lat="35.45963" lon="-82.67294">
        <ele>1225.74</ele>
      </trkpt>
      <trkpt lat="35.45962" lon="-82.67288">
        <ele>1225.0</ele>
      </trkpt>
      <trkpt lat="35.45961" lon="-82.67282">
        <ele>1224.36</ele>
      </trkpt>
      <trkpt lat="35.45959" lon="-82.67276">
        <ele>1223.81</ele>
      </trkpt>
      <trkpt lat="35.45958" lon="-82.67269">
        <ele>1223.05</ele>
      </trkpt>
      <trkpt lat="35.45956" lon="-82.67263">
        <ele>1222.4</ele>
      </trkpt>
      <trkpt lat="35.45955" lon="-82.67257">
        <ele>1221.76</ele>
      </trkpt>
      <trkpt lat="35.45954" lon="-82.67251">
        <ele>1221.11</ele>
      </trkpt>
      <trkpt lat="35.45954" lon="-82.67244">
        <ele>1220.98</ele>
      </trkpt>
      <trkpt lat="35.45953" lon="-82.67238">
        <ele>1220.55</ele>
      </trkpt>
      <trkpt lat="35.45952" lon="-82.67232">
        <ele>1219.69</ele>
      </trkpt>
      <trkpt lat="35.45952" lon="-82.67225">
        <ele>1219.06</ele>
      </trkpt>
      <trkpt lat="35.45951" lon="-82.67219">
        <ele>1218.36</ele>
      </trkpt>
      <trkpt lat="35.4595" lon="-82.67213">
        <ele>1217.6</ele>
      </trkpt>
      <trkpt lat="35.45949" lon="-82.67206">
        <ele>1216.74</ele>
      </trkpt>
      <trkpt lat="35.45948" lon="-82.672">
        <ele>1215.83</ele>
      </trkpt>
      <trkpt lat="35.45946" lon="-82.67194">
        <ele>1214.94</ele>
      </trkpt>
      <trkpt lat="35.45945" lon="-82.67188">
        <ele>1214.26</ele>
      </trkpt>
      <trkpt lat="35.45942" lon="-82.67182">
        <ele>1213.14</ele>
      </trkpt>
      <trkpt lat="35.45941" lon="-82.67176">
        <ele>1212.01</ele>
      </trkpt>
      <trkpt lat="35.45937" lon="-82.67171">
        <ele>1210.83</ele>
      </trkpt>
      <trkpt lat="35.45933" lon="-82.67165">
        <ele>1209.45</ele>
      </trkpt>
      <trkpt lat="35.45928" lon="-82.6716">
        <ele>1208.34</ele>
      </trkpt>
      <trkpt lat="35.45924" lon="-82.67155">
        <ele>1207.33</ele>
      </trkpt>
      <trkpt lat="35.4592" lon="-82.67149">
        <ele>1206.13</ele>
      </trkpt>
      <trkpt lat="35.45917" lon="-82.67144">
        <ele>1205.09</ele>
      </trkpt>
      <trkpt lat="35.45913" lon="-82.67138">
        <ele>1203.39</ele>
      </trkpt>
      <trkpt lat="35.4591" lon="-82.67133">
        <ele>1202.29</ele>
      </trkpt>
      <trkpt lat="35.45906" lon="-82.67127">
        <ele>1201.04</ele>
      </trkpt>
      <trkpt lat="35.45901" lon="-82.67122">
        <ele>1199.41</ele>
      </trkpt>
      <trkpt lat="35.45898" lon="-82.67117">
        <ele>1198.25</ele>
      </trkpt>
      <trkpt lat="35.45894" lon="-82.67111">
        <ele>1196.53</ele>
      </trkpt>
      <trkpt lat="35.45891" lon="-82.67106">
        <ele>1195.55</ele>
      </trkpt>
      <trkpt lat="35.45887" lon="-82.671">
        <ele>1194.64</ele>
      </trkpt>
      <trkpt lat="35.45884" lon="-82.67095">
        <ele>1194.12</ele>
      </trkpt>
      <trkpt lat="35.45881" lon="-82.67089">
        <ele>1193.55</ele>
      </trkpt>
      <trkpt lat="35.45877" lon="-82.67084">
        <ele>1192.77</ele>
      </trkpt>
      <trkpt lat="35.45873" lon="-82.67078">
        <ele>1192.12</ele>
      </trkpt>
      <trkpt lat="35.45871" lon="-82.67072">
        <ele>1191.76</ele>
      </trkpt>
      <trkpt lat="35.45867" lon="-82.67062">
        <ele>1190.81</ele>
      </trkpt>
      <trkpt lat="35.45867" lon="-82.67061">
        <ele>1190.74</ele>
      </trkpt>
      <trkpt lat="35.45864" lon="-82.67055">
        <ele>1190.67</ele>
      </trkpt>
      <trkpt lat="35.45863" lon="-82.67049">
        <ele>1190.65</ele>
      </trkpt>
      <trkpt lat="35.45861" lon="-82.67043">
        <ele>1190.62</ele>
      </trkpt>
      <trkpt lat="35.4586" lon="-82.67036">
        <ele>1189.67</ele>
      </trkpt>
      <trkpt lat="35.45858" lon="-82.67031">
        <ele>1188.58</ele>
      </trkpt>
      <trkpt lat="35.45856" lon="-82.67024">
        <ele>1187.18</ele>
      </trkpt>
      <trkpt lat="35.45854" lon="-82.67018">
        <ele>1185.89</ele>
      </trkpt>
      <trkpt lat="35.45853" lon="-82.67012">
        <ele>1184.59</ele>
      </trkpt>
      <trkpt lat="35.45851" lon="-82.67006">
        <ele>1183.3</ele>
      </trkpt>
      <trkpt lat="35.4585" lon="-82.67">
        <ele>1182.0</ele>
      </trkpt>
      <trkpt lat="35.45849" lon="-82.66994">
        <ele>1180.7</ele>
      </trkpt>
      <trkpt lat="35.45848" lon="-82.66988">
        <ele>1179.41</ele>
      </trkpt>
      <trkpt lat="35.45846" lon="-82.66981">
        <ele>1177.9</ele>
      </trkpt>
      <trkpt lat="35.45846" lon="-82.66975">
        <ele>1176.6</ele>
      </trkpt>
      <trkpt lat="35.45847" lon="-82.66968">
        <ele>1175.09</ele>
      </trkpt>
      <trkpt lat="35.45846" lon="-82.66962">
        <ele>1173.79</ele>
      </trkpt>
      <trkpt lat="35.45846" lon="-82.66955">
        <ele>1172.28</ele>
      </trkpt>
      <trkpt lat="35.45846" lon="-82.66949">
        <ele>1170.66</ele>
      </trkpt>
      <trkpt lat="35.45846" lon="-82.66942">
        <ele>1168.84</ele>
      </trkpt>
      <trkpt lat="35.45845" lon="-82.66936">
        <ele>1167.44</ele>
      </trkpt>
      <trkpt lat="35.45845" lon="-82.6693">
        <ele>1165.99</ele>
      </trkpt>
      <trkpt lat="35.45844" lon="-82.66923">
        <ele>1164.37</ele>
      </trkpt>
      <trkpt lat="35.45844" lon="-82.66917">
        <ele>1163.07</ele>
      </trkpt>
      <trkpt lat="35.45846" lon="-82.66911">
        <ele>1161.78</ele>
      </trkpt>
      <trkpt lat="35.4585" lon="-82.66907">
        <ele>1160.95</ele>
      </trkpt>
      <trkpt lat="35.45854" lon="-82.66902">
        <ele>1160.28</ele>
      </trkpt>
      <trkpt lat="35.45857" lon="-82.66899">
        <ele>1159.59</ele>
      </trkpt>
      <trkpt lat="35.45861" lon="-82.66895">
        <ele>1158.67</ele>
      </trkpt>
      <trkpt lat="35.45865" lon="-82.66895">
        <ele>1158.24</ele>
      </trkpt>
      <trkpt lat="35.45869" lon="-82.66898">
        <ele>1158.13</ele>
      </trkpt>
      <trkpt lat="35.45872" lon="-82.66903">
        <ele>1158.0</ele>
      </trkpt>
      <trkpt lat="35.45875" lon="-82.66907">
        <ele>1157.46</ele>
      </trkpt>
      <trkpt lat="35.45879" lon="-82.66913">
        <ele>1156.25</ele>
      </trkpt>
      <trkpt lat="35.45884" lon="-82.66918">
        <ele>1154.19</ele>
      </trkpt>
      <trkpt lat="35.45887" lon="-82.66923">
        <ele>1152.96</ele>
      </trkpt>
      <trkpt lat="35.45891" lon="-82.66929">
        <ele>1151.34</ele>
      </trkpt>
      <trkpt lat="35.45894" lon="-82.66934">
        <ele>1150.18</ele>
      </trkpt>
      <trkpt lat="35.45897" lon="-82.6694">
        <ele>1149.2</ele>
      </trkpt>
      <trkpt lat="35.45901" lon="-82.66945">
        <ele>1147.58</ele>
      </trkpt>
      <trkpt lat="35.45906" lon="-82.6695">
        <ele>1145.96</ele>
      </trkpt>
      <trkpt lat="35.4591" lon="-82.66956">
        <ele>1144.89</ele>
      </trkpt>
      <trkpt lat="35.45915" lon="-82.66961">
        <ele>1143.3</ele>
      </trkpt>
      <trkpt lat="35.45923" lon="-82.6697">
        <ele>1142.02</ele>
      </trkpt>
      <trkpt lat="35.45923" lon="-82.6697">
        <ele>1142.02</ele>
      </trkpt>
      <trkpt lat="35.45933" lon="-82.66977">
        <ele>1138.98</ele>
      </trkpt>
      <trkpt lat="35.45936" lon="-82.66979">
        <ele>1138.11</ele>
      </trkpt>
      <trkpt lat="35.4594" lon="-82.66983">
        <ele>1137.33</ele>
      </trkpt>
      <trkpt lat="35.45945" lon="-82.66984">
        <ele>1135.62</ele>
      </trkpt>
      <trkpt lat="35.4595" lon="-82.66983">
        <ele>1133.59</ele>
      </trkpt>
      <trkpt lat="35.45951" lon="-82.6698">
        <ele>1132.56</ele>
      </trkpt>
      <trkpt lat="35.4595" lon="-82.66978">
        <ele>1132.45</ele>
      </trkpt>
      <trkpt lat="35.45948" lon="-82.66973">
        <ele>1132.02</ele>
      </trkpt>
      <trkpt lat="35.45944" lon="-82.66969">
        <ele>1132.48</ele>
      </trkpt>
      <trkpt lat="35.45941" lon="-82.66965">
        <ele>1132.64</ele>
      </trkpt>
      <trkpt lat="35.45932" lon="-82.66953">
        <ele>1132.83</ele>
      </trkpt>
      <trkpt lat="35.4593" lon="-82.6695">
        <ele>1132.7</ele>
      </trkpt>
      <trkpt lat="35.45926" lon="-82.66944">
        <ele>1132.87</ele>
      </trkpt>
      <trkpt lat="35.45923" lon="-82.66939">
        <ele>1133.59</ele>
      </trkpt>
      <trkpt lat="35.4592" lon="-82.66933">
        <ele>1134.84</ele>
      </trkpt>
      <trkpt lat="35.45917" lon="-82.66927">
        <ele>1136.78</ele>
      </trkpt>
      <trkpt lat="35.45918" lon="-82.66921">
        <ele>1136.74</ele>
      </trkpt>
      <trkpt lat="35.45917" lon="-82.66914">
        <ele>1138.12</ele>
      </trkpt>
      <trkpt lat="35.45918" lon="-82.66907">
        <ele>1138.47</ele>
      </trkpt>
      <trkpt lat="35.45916" lon="-82.66901">
        <ele>1140.05</ele>
      </trkpt>
      <trkpt lat="35.45915" lon="-82.66895">
        <ele>1140.84</ele>
      </trkpt>
      <trkpt lat="35.45913" lon="-82.66889">
        <ele>1141.59</ele>
      </trkpt>
      <trkpt lat="35.45911" lon="-82.66883">
        <ele>1141.42</ele>
      </trkpt>
      <trkpt lat="35.45907" lon="-82.66878">
        <ele>1141.65</ele>
      </trkpt>
      <trkpt lat="35.45904" lon="-82.66872">
        <ele>1141.0</ele>
      </trkpt>
      <trkpt lat="35.459" lon="-82.66867">
        <ele>1140.67</ele>
      </trkpt>
      <trkpt lat="35.45897" lon="-82.66861">
        <ele>1139.44</ele>
      </trkpt>
      <trkpt lat="35.45893" lon="-82.66856">
        <ele>1138.46</ele>
      </trkpt>
      <trkpt lat="35.4589" lon="-82.6685">
        <ele>1136.72</ele>
      </trkpt>
      <trkpt lat="35.45886" lon="-82.66845">
        <ele>1136.29</ele>
      </trkpt>
      <trkpt lat="35.45881" lon="-82.6684">
        <ele>1136.05</ele>
      </trkpt>
      <trkpt lat="35.45877" lon="-82.66835">
        <ele>1134.98</ele>
      </trkpt>
      <trkpt lat="35.45872" lon="-82.66829">
        <ele>1134.81</ele>
      </trkpt>
      <trkpt lat="35.45867" lon="-82.66824">
        <ele>1135.05</ele>
      </trkpt>
      <trkpt lat="35.45863" lon="-82.66819">
        <ele>1134.08</ele>
      </trkpt>
      <trkpt lat="35.45858" lon="-82.66814">
        <ele>1133.32</ele>
      </trkpt>
      <trkpt lat="35.45853" lon="-82.66809">
        <ele>1132.24</ele>
      </trkpt>
      <trkpt lat="35.45848" lon="-82.66804">
        <ele>1131.06</ele>
      </trkpt>
      <trkpt lat="35.45844" lon="-82.66799">
        <ele>1129.76</ele>
      </trkpt>
      <trkpt lat="35.45839" lon="-82.66795">
        <ele>1128.66</ele>
      </trkpt>
      <trkpt lat="35.45834" lon="-82.66791">
        <ele>1127.56</ele>
      </trkpt>
      <trkpt lat="35.45829" lon="-82.66787">
        <ele>1127.39</ele>
      </trkpt>
      <trkpt lat="35.45824" lon="-82.66784">
        <ele>1127.69</ele>
      </trkpt>
      <trkpt lat="35.45819" lon="-82.6678">
        <ele>1126.79</ele>
      </trkpt>
      <trkpt lat="35.45814" lon="-82.66775">
        <ele>1126.06</ele>
      </trkpt>
      <trkpt lat="35.4581" lon="-82.6677">
        <ele>1124.83</ele>
      </trkpt>
      <trkpt lat="35.45806" lon="-82.66764">
        <ele>1123.91</ele>
      </trkpt>
      <trkpt lat="35.45803" lon="-82.66759">
        <ele>1123.24</ele>
      </trkpt>
      <trkpt lat="35.45799" lon="-82.66753">
        <ele>1123.31</ele>
      </trkpt>
      <trkpt lat="35.45797" lon="-82.66747">
        <ele>1123.12</ele>
      </trkpt>
      <trkpt lat="35.45794" lon="-82.66741">
        <ele>1122.54</ele>
      </trkpt>
      <trkpt lat="35.45791" lon="-82.66736">
        <ele>1122.19</ele>
      </trkpt>
      <trkpt lat="35.45789" lon="-82.6673">
        <ele>1121.96</ele>
      </trkpt>
      <trkpt lat="35.45788" lon="-82.66724">
        <ele>1121.69</ele>
      </trkpt>
      <trkpt lat="35.45785" lon="-82.66718">
        <ele>1122.07</ele>
      </trkpt>
      <trkpt lat="35.45784" lon="-82.66712">
        <ele>1121.54</ele>
      </trkpt>
      <trkpt lat="35.45783" lon="-82.66705">
        <ele>1121.32</ele>
      </trkpt>
      <trkpt lat="35.45782" lon="-82.66699">
        <ele>1120.75</ele>
      </trkpt>
      <trkpt lat="35.4578" lon="-82.66693">
        <ele>1121.01</ele>
      </trkpt>
      <trkpt lat="35.45781" lon="-82.66686">
        <ele>1118.74</ele>
      </trkpt>
      <trkpt lat="35.45781" lon="-82.6668">
        <ele>1118.56</ele>
      </trkpt>
      <trkpt lat="35.45782" lon="-82.66673">
        <ele>1117.95</ele>
      </trkpt>
      <trkpt lat="35.45784" lon="-82.66666">
        <ele>1116.97</ele>
      </trkpt>
      <trkpt lat="35.45785" lon="-82.66659">
        <ele>1116.32</ele>
      </trkpt>
      <trkpt lat="35.45786" lon="-82.66652">
        <ele>1115.67</ele>
      </trkpt>
      <trkpt lat="35.45788" lon="-82.66645">
        <ele>1114.34</ele>
      </trkpt>
      <trkpt lat="35.45789" lon="-82.66638">
        <ele>1113.52</ele>
      </trkpt>
      <trkpt lat="35.4579" lon="-82.66631">
        <ele>1112.76</ele>
      </trkpt>
      <trkpt lat="35.45792" lon="-82.66624">
        <ele>1112.46</ele>
      </trkpt>
      <trkpt lat="35.45793" lon="-82.66617">
        <ele>1113.22</ele>
      </trkpt>
      <trkpt lat="35.45795" lon="-82.66611">
        <ele>1113.01</ele>
      </trkpt>
      <trkpt lat="35.45797" lon="-82.66604">
        <ele>1113.06</ele>
      </trkpt>
      <trkpt lat="35.45801" lon="-82.666">
        <ele>1111.55</ele>
      </trkpt>
      <trkpt lat="35.45804" lon="-82.66595">
        <ele>1111.23</ele>
      </trkpt>
      <trkpt lat="35.45808" lon="-82.66591">
        <ele>1109.76</ele>
      </trkpt>
      <trkpt lat="35.45809" lon="-82.66585">
        <ele>1110.41</ele>
      </trkpt>
      <trkpt lat="35.45812" lon="-82.66579">
        <ele>1108.97</ele>
      </trkpt>
      <trkpt lat="35.45813" lon="-82.66572">
        <ele>1107.97</ele>
      </trkpt>
      <trkpt lat="35.45814" lon="-82.66565">
        <ele>1105.74</ele>
      </trkpt>
      <trkpt lat="35.45814" lon="-82.66558">
        <ele>1104.9</ele>
      </trkpt>
      <trkpt lat="35.45815" lon="-82.66552">
        <ele>1103.09</ele>
      </trkpt>
      <trkpt lat="35.45815" lon="-82.66545">
        <ele>1101.58</ele>
      </trkpt>
      <trkpt lat="35.45814" lon="-82.66539">
        <ele>1100.95</ele>
      </trkpt>
      <trkpt lat="35.45812" lon="-82.66533">
        <ele>1101.08</ele>
      </trkpt>
      <trkpt lat="35.45813" lon="-82.66526">
        <ele>1099.41</ele>
      </trkpt>
      <trkpt lat="35.45813" lon="-82.66519">
        <ele>1099.56</ele>
      </trkpt>
      <trkpt lat="35.45813" lon="-82.66513">
        <ele>1099.45</ele>
      </trkpt>
      <trkpt lat="35.45814" lon="-82.66506">
        <ele>1098.59</ele>
      </trkpt>
      <trkpt lat="35.45815" lon="-82.66499">
        <ele>1097.9</ele>
      </trkpt>
      <trkpt lat="35.45817" lon="-82.66492">
        <ele>1096.82</ele>
      </trkpt>
      <trkpt lat="35.45818" lon="-82.66485">
        <ele>1095.87</ele>
      </trkpt>
      <trkpt lat="35.45819" lon="-82.66478">
        <ele>1095.19</ele>
      </trkpt>
      <trkpt lat="35.45821" lon="-82.66471">
        <ele>1094.28</ele>
      </trkpt>
      <trkpt lat="35.45822" lon="-82.66464">
        <ele>1093.7</ele>
      </trkpt>
      <trkpt lat="35.45822" lon="-82.66457">
        <ele>1092.88</ele>
      </trkpt>
      <trkpt lat="35.45823" lon="-82.66451">
        <ele>1091.65</ele>
      </trkpt>
      <trkpt lat="35.45821" lon="-82.66445">
        <ele>1090.78</ele>
      </trkpt>
      <trkpt lat="35.4582" lon="-82.66438">
        <ele>1089.49</ele>
      </trkpt>
      <trkpt lat="35.45815" lon="-82.66433">
        <ele>1089.72</ele>
      </trkpt>
      <trkpt lat="35.45812" lon="-82.66428">
        <ele>1089.36</ele>
      </trkpt>
      <trkpt lat="35.45807" lon="-82.66423">
        <ele>1088.37</ele>
      </trkpt>
      <trkpt lat="35.45802" lon="-82.66419">
        <ele>1087.12</ele>
      </trkpt>
      <trkpt lat="35.45797" lon="-82.66419">
        <ele>1086.58</ele>
      </trkpt>
      <trkpt lat="35.45791" lon="-82.66418">
        <ele>1085.23</ele>
      </trkpt>
      <trkpt lat="35.45786" lon="-82.66417">
        <ele>1084.0</ele>
      </trkpt>
      <trkpt lat="35.4578" lon="-82.66416">
        <ele>1082.9</ele>
      </trkpt>
      <trkpt lat="35.45775" lon="-82.66411">
        <ele>1080.24</ele>
      </trkpt>
      <trkpt lat="35.4577" lon="-82.66409">
        <ele>1079.7</ele>
      </trkpt>
      <trkpt lat="35.45765" lon="-82.66405">
        <ele>1078.88</ele>
      </trkpt>
      <trkpt lat="35.4576" lon="-82.66401">
        <ele>1078.13</ele>
      </trkpt>
      <trkpt lat="35.45755" lon="-82.66398">
        <ele>1077.4</ele>
      </trkpt>
      <trkpt lat="35.4575" lon="-82.66394">
        <ele>1076.66</ele>
      </trkpt>
      <trkpt lat="35.45746" lon="-82.66389">
        <ele>1076.33</ele>
      </trkpt>
      <trkpt lat="35.45741" lon="-82.66384">
        <ele>1076.33</ele>
      </trkpt>
      <trkpt lat="35.45737" lon="-82.66378">
        <ele>1075.51</ele>
      </trkpt>
      <trkpt lat="35.45734" lon="-82.66373">
        <ele>1074.32</ele>
      </trkpt>
      <trkpt lat="35.4573" lon="-82.66367">
        <ele>1073.13</ele>
      </trkpt>
      <trkpt lat="35.45728" lon="-82.66361">
        <ele>1071.08</ele>
      </trkpt>
      <trkpt lat="35.45723" lon="-82.66356">
        <ele>1070.03</ele>
      </trkpt>
      <trkpt lat="35.45718" lon="-82.66354">
        <ele>1070.53</ele>
      </trkpt>
      <trkpt lat="35.45713" lon="-82.66351">
        <ele>1070.62</ele>
      </trkpt>
      <trkpt lat="35.45711" lon="-82.66345">
        <ele>1068.79</ele>
      </trkpt>
      <trkpt lat="35.45707" lon="-82.66343">
        <ele>1069.16</ele>
      </trkpt>
      <trkpt lat="35.45704" lon="-82.66337">
        <ele>1067.47</ele>
      </trkpt>
      <trkpt lat="35.45699" lon="-82.66335">
        <ele>1068.84</ele>
      </trkpt>
      <trkpt lat="35.45694" lon="-82.66332">
        <ele>1069.66</ele>
      </trkpt>
      <trkpt lat="35.45689" lon="-82.66327">
        <ele>1069.8</ele>
      </trkpt>
      <trkpt lat="35.45687" lon="-82.66321">
        <ele>1067.62</ele>
      </trkpt>
      <trkpt lat="35.45684" lon="-82.66315">
        <ele>1065.61</ele>
      </trkpt>
      <trkpt lat="35.45679" lon="-82.66313">
        <ele>1066.76</ele>
      </trkpt>
      <trkpt lat="35.45677" lon="-82.66308">
        <ele>1064.94</ele>
      </trkpt>
      <trkpt lat="35.45672" lon="-82.66306">
        <ele>1065.11</ele>
      </trkpt>
      <trkpt lat="35.45669" lon="-82.663">
        <ele>1062.79</ele>
      </trkpt>
      <trkpt lat="35.45666" lon="-82.66295">
        <ele>1061.6</ele>
      </trkpt>
      <trkpt lat="35.45662" lon="-82.66289">
        <ele>1060.47</ele>
      </trkpt>
      <trkpt lat="35.45659" lon="-82.66284">
        <ele>1060.16</ele>
      </trkpt>
      <trkpt lat="35.45654" lon="-82.66278">
        <ele>1060.91</ele>
      </trkpt>
      <trkpt lat="35.45653" lon="-82.66272">
        <ele>1060.13</ele>
      </trkpt>
      <trkpt lat="35.45651" lon="-82.66266">
        <ele>1060.46</ele>
      </trkpt>
      <trkpt lat="35.45649" lon="-82.6626">
        <ele>1061.54</ele>
      </trkpt>
      <trkpt lat="35.45648" lon="-82.66254">
        <ele>1061.53</ele>
      </trkpt>
      <trkpt lat="35.45647" lon="-82.66248">
        <ele>1061.47</ele>
      </trkpt>
      <trkpt lat="35.45646" lon="-82.66241">
        <ele>1060.97</ele>
      </trkpt>
      <trkpt lat="35.45645" lon="-82.66235">
        <ele>1058.67</ele>
      </trkpt>
      <trkpt lat="35.45644" lon="-82.66229">
        <ele>1056.27</ele>
      </trkpt>
      <trkpt lat="35.45641" lon="-82.66223">
        <ele>1054.65</ele>
      </trkpt>
      <trkpt lat="35.45636" lon="-82.6622">
        <ele>1054.5</ele>
      </trkpt>
      <trkpt lat="35.4563" lon="-82.66217">
        <ele>1054.64</ele>
      </trkpt>
      <trkpt lat="35.45625" lon="-82.66214">
        <ele>1054.5</ele>
      </trkpt>
      <trkpt lat="35.4562" lon="-82.6621">
        <ele>1053.84</ele>
      </trkpt>
      <trkpt lat="35.45616" lon="-82.66205">
        <ele>1052.98</ele>
      </trkpt>
      <trkpt lat="35.45611" lon="-82.662">
        <ele>1052.86</ele>
      </trkpt>
      <trkpt lat="35.45608" lon="-82.66194">
        <ele>1052.52</ele>
      </trkpt>
      <trkpt lat="35.45604" lon="-82.66189">
        <ele>1052.62</ele>
      </trkpt>
      <trkpt lat="35.45601" lon="-82.66183">
        <ele>1051.73</ele>
      </trkpt>
      <trkpt lat="35.45597" lon="-82.66178">
        <ele>1051.89</ele>
      </trkpt>
      <trkpt lat="35.45594" lon="-82.66172">
        <ele>1050.7</ele>
      </trkpt>
      <trkpt lat="35.45589" lon="-82.66167">
        <ele>1050.32</ele>
      </trkpt>
      <trkpt lat="35.45584" lon="-82.66162">
        <ele>1049.77</ele>
      </trkpt>
      <trkpt lat="35.4558" lon="-82.66157">
        <ele>1048.9</ele>
      </trkpt>
      <trkpt lat="35.45576" lon="-82.66151">
        <ele>1047.61</ele>
      </trkpt>
      <trkpt lat="35.45573" lon="-82.66146">
        <ele>1046.68</ele>
      </trkpt>
      <trkpt lat="35.45569" lon="-82.6614">
        <ele>1046.49</ele>
      </trkpt>
      <trkpt lat="35.45566" lon="-82.66135">
        <ele>1046.65</ele>
      </trkpt>
      <trkpt lat="35.45563" lon="-82.66129">
        <ele>1046.7</ele>
      </trkpt>
      <trkpt lat="35.45559" lon="-82.66124">
        <ele>1047.52</ele>
      </trkpt>
      <trkpt lat="35.45559" lon="-82.66117">
        <ele>1046.52</ele>
      </trkpt>
      <trkpt lat="35.45556" lon="-82.66111">
        <ele>1046.83</ele>
      </trkpt>
      <trkpt lat="35.45555" lon="-82.66105">
        <ele>1045.76</ele>
      </trkpt>
      <trkpt lat="35.45553" lon="-82.66099">
        <ele>1044.57</ele>
      </trkpt>
      <trkpt lat="35.4555" lon="-82.66093">
        <ele>1043.11</ele>
      </trkpt>
      <trkpt lat="35.45547" lon="-82.66089">
        <ele>1041.48</ele>
      </trkpt>
      <trkpt lat="35.45541" lon="-82.66089">
        <ele>1040.65</ele>
      </trkpt>
      <trkpt lat="35.45536" lon="-82.66088">
        <ele>1039.46</ele>
      </trkpt>
      <trkpt lat="35.4553" lon="-82.66089">
        <ele>1039.59</ele>
      </trkpt>
      <trkpt lat="35.45524" lon="-82.66088">
        <ele>1038.81</ele>
      </trkpt>
      <trkpt lat="35.45519" lon="-82.66087">
        <ele>1038.01</ele>
      </trkpt>
      <trkpt lat="35.45513" lon="-82.66086">
        <ele>1036.84</ele>
      </trkpt>
      <trkpt lat="35.45508" lon="-82.66085">
        <ele>1035.76</ele>
      </trkpt>
      <trkpt lat="35.45502" lon="-82.66084">
        <ele>1034.58</ele>
      </trkpt>
      <trkpt lat="35.45497" lon="-82.66083">
        <ele>1033.78</ele>
      </trkpt>
      <trkpt lat="35.45491" lon="-82.66082">
        <ele>1033.14</ele>
      </trkpt>
      <trkpt lat="35.45486" lon="-82.66082">
        <ele>1033.14</ele>
      </trkpt>
      <trkpt lat="35.4548" lon="-82.66081">
        <ele>1032.49</ele>
      </trkpt>
      <trkpt lat="35.45475" lon="-82.66081">
        <ele>1032.49</ele>
      </trkpt>
      <trkpt lat="35.45469" lon="-82.66081">
        <ele>1032.23</ele>
      </trkpt>
      <trkpt lat="35.45463" lon="-82.6608">
        <ele>1031.2</ele>
      </trkpt>
      <trkpt lat="35.45457" lon="-82.66079">
        <ele>1030.66</ele>
      </trkpt>
      <trkpt lat="35.45452" lon="-82.66078">
        <ele>1030.12</ele>
      </trkpt>
      <trkpt lat="35.45447" lon="-82.66077">
        <ele>1029.58</ele>
      </trkpt>
      <trkpt lat="35.45441" lon="-82.66076">
        <ele>1028.75</ele>
      </trkpt>
      <trkpt lat="35.45436" lon="-82.66075">
        <ele>1027.68</ele>
      </trkpt>
      <trkpt lat="35.45431" lon="-82.66074">
        <ele>1026.95</ele>
      </trkpt>
      <trkpt lat="35.45425" lon="-82.66073">
        <ele>1026.11</ele>
      </trkpt>
      <trkpt lat="35.4542" lon="-82.66072">
        <ele>1025.08</ele>
      </trkpt>
      <trkpt lat="35.45414" lon="-82.66071">
        <ele>1024.34</ele>
      </trkpt>
      <trkpt lat="35.45409" lon="-82.6607">
        <ele>1023.8</ele>
      </trkpt>
      <trkpt lat="35.45403" lon="-82.66068">
        <ele>1023.03</ele>
      </trkpt>
      <trkpt lat="35.45398" lon="-82.66067">
        <ele>1022.98</ele>
      </trkpt>
      <trkpt lat="35.45393" lon="-82.66065">
        <ele>1023.19</ele>
      </trkpt>
      <trkpt lat="35.45387" lon="-82.66062">
        <ele>1023.37</ele>
      </trkpt>
      <trkpt lat="35.45382" lon="-82.6606">
        <ele>1023.15</ele>
      </trkpt>
      <trkpt lat="35.45377" lon="-82.66057">
        <ele>1022.3</ele>
      </trkpt>
      <trkpt lat="35.45372" lon="-82.66055">
        <ele>1022.36</ele>
      </trkpt>
      <trkpt lat="35.45366" lon="-82.66053">
        <ele>1021.75</ele>
      </trkpt>
      <trkpt lat="35.45361" lon="-82.66049">
        <ele>1020.18</ele>
      </trkpt>
      <trkpt lat="35.45356" lon="-82.66047">
        <ele>1019.9</ele>
      </trkpt>
      <trkpt lat="35.45351" lon="-82.66044">
        <ele>1019.1</ele>
      </trkpt>
      <trkpt lat="35.45346" lon="-82.66041">
        <ele>1018.34</ele>
      </trkpt>
      <trkpt lat="35.45341" lon="-82.66038">
        <ele>1017.43</ele>
      </trkpt>
      <trkpt lat="35.45336" lon="-82.66036">
        <ele>1016.52</ele>
      </trkpt>
      <trkpt lat="35.4533" lon="-82.66033">
        <ele>1015.26</ele>
      </trkpt>
      <trkpt lat="35.45325" lon="-82.66031">
        <ele>1014.39</ele>
      </trkpt>
      <trkpt lat="35.4532" lon="-82.6603">
        <ele>1013.96</ele>
      </trkpt>
      <trkpt lat="35.45314" lon="-82.66028">
        <ele>1013.1</ele>
      </trkpt>
      <trkpt lat="35.45309" lon="-82.66025">
        <ele>1011.69</ele>
      </trkpt>
      <trkpt lat="35.45304" lon="-82.66023">
        <ele>1010.85</ele>
      </trkpt>
      <trkpt lat="35.45299" lon="-82.66021">
        <ele>1009.55</ele>
      </trkpt>
      <trkpt lat="35.45293" lon="-82.66018">
        <ele>1007.78</ele>
      </trkpt>
      <trkpt lat="35.45288" lon="-82.66016">
        <ele>1006.91</ele>
      </trkpt>
      <trkpt lat="35.45283" lon="-82.66015">
        <ele>1006.48</ele>
      </trkpt>
      <trkpt lat="35.45278" lon="-82.66011">
        <ele>1004.75</ele>
      </trkpt>
      <trkpt lat="35.45273" lon="-82.66006">
        <ele>1003.46</ele>
      </trkpt>
      <trkpt lat="35.4527" lon="-82.66">
        <ele>1001.84</ele>
      </trkpt>
      <trkpt lat="35.45269" lon="-82.65994">
        <ele>1000.0</ele>
      </trkpt>
      <trkpt lat="35.45266" lon="-82.65988">
        <ele>999.03</ele>
      </trkpt>
      <trkpt lat="35.45265" lon="-82.65982">
        <ele>998.23</ele>
      </trkpt>
      <trkpt lat="35.45263" lon="-82.65976">
        <ele>998.31</ele>
      </trkpt>
      <trkpt lat="35.45263" lon="-82.6597">
        <ele>997.88</ele>
      </trkpt>
      <trkpt lat="35.45263" lon="-82.6597">
        <ele>997.88</ele>
      </trkpt>
      <trkpt lat="35.45265" lon="-82.65964">
        <ele>996.35</ele>
      </trkpt>
      <trkpt lat="35.45268" lon="-82.65959">
        <ele>994.31</ele>
      </trkpt>
      <trkpt lat="35.45271" lon="-82.65953">
        <ele>993.46</ele>
      </trkpt>
      <trkpt lat="35.45273" lon="-82.65947">
        <ele>993.03</ele>
      </trkpt>
      <trkpt lat="35.45275" lon="-82.65941">
        <ele>992.82</ele>
      </trkpt>
      <trkpt lat="35.45277" lon="-82.65934">
        <ele>992.58</ele>
      </trkpt>
      <trkpt lat="35.45281" lon="-82.6593">
        <ele>991.88</ele>
      </trkpt>
      <trkpt lat="35.45284" lon="-82.65925">
        <ele>991.48</ele>
      </trkpt>
      <trkpt lat="35.45288" lon="-82.65922">
        <ele>990.49</ele>
      </trkpt>
      <trkpt lat="35.45291" lon="-82.65917">
        <ele>990.23</ele>
      </trkpt>
      <trkpt lat="35.45295" lon="-82.65913">
        <ele>988.9</ele>
      </trkpt>
      <trkpt lat="35.45298" lon="-82.65907">
        <ele>988.26</ele>
      </trkpt>
      <trkpt lat="35.45299" lon="-82.659">
        <ele>987.83</ele>
      </trkpt>
      <trkpt lat="35.45298" lon="-82.65894">
        <ele>987.9</ele>
      </trkpt>
      <trkpt lat="35.45298" lon="-82.65887">
        <ele>987.45</ele>
      </trkpt>
      <trkpt lat="35.45298" lon="-82.6588">
        <ele>987.45</ele>
      </trkpt>
      <trkpt lat="35.45297" lon="-82.65874">
        <ele>987.73</ele>
      </trkpt>
      <trkpt lat="35.45297" lon="-82.65868">
        <ele>987.75</ele>
      </trkpt>
      <trkpt lat="35.45297" lon="-82.65861">
        <ele>987.95</ele>
      </trkpt>
      <trkpt lat="35.45296" lon="-82.65855">
        <ele>989.43</ele>
      </trkpt>
      <trkpt lat="35.45297" lon="-82.65848">
        <ele>990.76</ele>
      </trkpt>
      <trkpt lat="35.453" lon="-82.65842">
        <ele>991.79</ele>
      </trkpt>
      <trkpt lat="35.45304" lon="-82.65838">
        <ele>992.66</ele>
      </trkpt>
      <trkpt lat="35.45307" lon="-82.65833">
        <ele>993.95</ele>
      </trkpt>
      <trkpt lat="35.45312" lon="-82.6583">
        <ele>994.38</ele>
      </trkpt>
      <trkpt lat="35.45318" lon="-82.65829">
        <ele>994.06</ele>
      </trkpt>
      <trkpt lat="35.45324" lon="-82.65829">
        <ele>993.41</ele>
      </trkpt>
      <trkpt lat="35.45329" lon="-82.65829">
        <ele>993.4</ele>
      </trkpt>
      <trkpt lat="35.45335" lon="-82.65829">
        <ele>993.4</ele>
      </trkpt>
      <trkpt lat="35.45341" lon="-82.6583">
        <ele>993.08</ele>
      </trkpt>
      <trkpt lat="35.45347" lon="-82.65828">
        <ele>993.73</ele>
      </trkpt>
      <trkpt lat="35.45352" lon="-82.6583">
        <ele>993.09</ele>
      </trkpt>
      <trkpt lat="35.45357" lon="-82.65831">
        <ele>992.9</ele>
      </trkpt>
      <trkpt lat="35.45363" lon="-82.65833">
        <ele>992.14</ele>
      </trkpt>
      <trkpt lat="35.45369" lon="-82.65832">
        <ele>992.45</ele>
      </trkpt>
      <trkpt lat="35.45374" lon="-82.65833">
        <ele>991.73</ele>
      </trkpt>
      <trkpt lat="35.4538" lon="-82.65832">
        <ele>991.58</ele>
      </trkpt>
      <trkpt lat="35.45386" lon="-82.65832">
        <ele>991.58</ele>
      </trkpt>
      <trkpt lat="35.45391" lon="-82.65833">
        <ele>991.14</ele>
      </trkpt>
      <trkpt lat="35.45397" lon="-82.65834">
        <ele>990.71</ele>
      </trkpt>
      <trkpt lat="35.45402" lon="-82.65833">
        <ele>991.14</ele>
      </trkpt>
      <trkpt lat="35.45408" lon="-82.65833">
        <ele>991.14</ele>
      </trkpt>
      <trkpt lat="35.45414" lon="-82.65833">
        <ele>991.14</ele>
      </trkpt>
      <trkpt lat="35.4542" lon="-82.65831">
        <ele>991.56</ele>
      </trkpt>
      <trkpt lat="35.45426" lon="-82.6583">
        <ele>991.06</ele>
      </trkpt>
      <trkpt lat="35.45431" lon="-82.65829">
        <ele>990.31</ele>
      </trkpt>
      <trkpt lat="35.45435" lon="-82.65827">
        <ele>990.09</ele>
      </trkpt>
      <trkpt lat="35.4544" lon="-82.65827">
        <ele>988.85</ele>
      </trkpt>
      <trkpt lat="35.45444" lon="-82.65825">
        <ele>988.7</ele>
      </trkpt>
      <trkpt lat="35.45448" lon="-82.65826">
        <ele>986.71</ele>
      </trkpt>
      <trkpt lat="35.4545" lon="-82.6582">
        <ele>987.74</ele>
      </trkpt>
      <trkpt lat="35.45454" lon="-82.65818">
        <ele>986.88</ele>
      </trkpt>
      <trkpt lat="35.45457" lon="-82.65813">
        <ele>987.32</ele>
      </trkpt>
      <trkpt lat="35.45462" lon="-82.6581">
        <ele>986.35</ele>
      </trkpt>
      <trkpt lat="35.45465" lon="-82.65804">
        <ele>986.08</ele>
      </trkpt>
      <trkpt lat="35.45466" lon="-82.65797">
        <ele>985.38</ele>
      </trkpt>
      <trkpt lat="35.45467" lon="-82.6579">
        <ele>984.82</ele>
      </trkpt>
      <trkpt lat="35.45468" lon="-82.65784">
        <ele>984.1</ele>
      </trkpt>
      <trkpt lat="35.45468" lon="-82.65777">
        <ele>983.77</ele>
      </trkpt>
      <trkpt lat="35.45468" lon="-82.65771">
        <ele>984.07</ele>
      </trkpt>
      <trkpt lat="35.45467" lon="-82.65764">
        <ele>985.16</ele>
      </trkpt>
      <trkpt lat="35.45468" lon="-82.65757">
        <ele>985.25</ele>
      </trkpt>
      <trkpt lat="35.4547" lon="-82.65752">
        <ele>985.42</ele>
      </trkpt>
      <trkpt lat="35.45476" lon="-82.6575">
        <ele>983.37</ele>
      </trkpt>
      <trkpt lat="35.4548" lon="-82.65746">
        <ele>983.37</ele>
      </trkpt>
      <trkpt lat="35.45485" lon="-82.65743">
        <ele>982.88</ele>
      </trkpt>
      <trkpt lat="35.4549" lon="-82.6574">
        <ele>982.56</ele>
      </trkpt>
      <trkpt lat="35.45496" lon="-82.65737">
        <ele>981.91</ele>
      </trkpt>
      <trkpt lat="35.455" lon="-82.65733">
        <ele>982.34</ele>
      </trkpt>
      <trkpt lat="35.45505" lon="-82.6573">
        <ele>982.02</ele>
      </trkpt>
      <trkpt lat="35.4551" lon="-82.65728">
        <ele>981.26</ele>
      </trkpt>
      <trkpt lat="35.45514" lon="-82.65724">
        <ele>981.7</ele>
      </trkpt>
      <trkpt lat="35.45518" lon="-82.6572">
        <ele>981.9</ele>
      </trkpt>
      <trkpt lat="35.45522" lon="-82.65716">
        <ele>981.76</ele>
      </trkpt>
      <trkpt lat="35.45526" lon="-82.65712">
        <ele>981.8</ele>
      </trkpt>
      <trkpt lat="35.4553" lon="-82.65707">
        <ele>981.48</ele>
      </trkpt>
      <trkpt lat="35.45534" lon="-82.65703">
        <ele>981.21</ele>
      </trkpt>
      <trkpt lat="35.45535" lon="-82.65696">
        <ele>983.16</ele>
      </trkpt>
      <trkpt lat="35.45538" lon="-82.65691">
        <ele>982.81</ele>
      </trkpt>
      <trkpt lat="35.45541" lon="-82.65686">
        <ele>981.38</ele>
      </trkpt>
      <trkpt lat="35.45543" lon="-82.6568">
        <ele>980.14</ele>
      </trkpt>
      <trkpt lat="35.45545" lon="-82.65674">
        <ele>979.02</ele>
      </trkpt>
      <trkpt lat="35.45547" lon="-82.65668">
        <ele>978.4</ele>
      </trkpt>
      <trkpt lat="35.45549" lon="-82.65661">
        <ele>977.43</ele>
      </trkpt>
      <trkpt lat="35.4555" lon="-82.65654">
        <ele>977.22</ele>
      </trkpt>
      <trkpt lat="35.45551" lon="-82.65647">
        <ele>976.89</ele>
      </trkpt>
      <trkpt lat="35.45553" lon="-82.6564">
        <ele>975.41</ele>
      </trkpt>
      <trkpt lat="35.45553" lon="-82.65633">
        <ele>975.2</ele>
      </trkpt>
      <trkpt lat="35.45553" lon="-82.65627">
        <ele>975.03</ele>
      </trkpt>
      <trkpt lat="35.45552" lon="-82.6562">
        <ele>975.16</ele>
      </trkpt>
      <trkpt lat="35.45553" lon="-82.65615">
        <ele>975.09</ele>
      </trkpt>
      <trkpt lat="35.45558" lon="-82.65612">
        <ele>974.33</ele>
      </trkpt>
      <trkpt lat="35.45564" lon="-82.6561">
        <ele>973.63</ele>
      </trkpt>
      <trkpt lat="35.4557" lon="-82.65609">
        <ele>972.79</ele>
      </trkpt>
      <trkpt lat="35.45576" lon="-82.65607">
        <ele>972.29</ele>
      </trkpt>
      <trkpt lat="35.45582" lon="-82.65607">
        <ele>970.78</ele>
      </trkpt>
      <trkpt lat="35.45587" lon="-82.6561">
        <ele>971.75</ele>
      </trkpt>
      <trkpt lat="35.45591" lon="-82.65615">
        <ele>972.54</ele>
      </trkpt>
      <trkpt lat="35.45596" lon="-82.65619">
        <ele>973.14</ele>
      </trkpt>
      <trkpt lat="35.45601" lon="-82.65623">
        <ele>972.68</ele>
      </trkpt>
      <trkpt lat="35.45606" lon="-82.65627">
        <ele>972.03</ele>
      </trkpt>
      <trkpt lat="35.45612" lon="-82.65629">
        <ele>972.28</ele>
      </trkpt>
      <trkpt lat="35.45617" lon="-82.65632">
        <ele>970.88</ele>
      </trkpt>
      <trkpt lat="35.45622" lon="-82.65632">
        <ele>970.93</ele>
      </trkpt>
      <trkpt lat="35.45628" lon="-82.6563">
        <ele>971.81</ele>
      </trkpt>
      <trkpt lat="35.45634" lon="-82.65629">
        <ele>971.8</ele>
      </trkpt>
      <trkpt lat="35.4564" lon="-82.65627">
        <ele>971.86</ele>
      </trkpt>
      <trkpt lat="35.45646" lon="-82.65625">
        <ele>971.08</ele>
      </trkpt>
      <trkpt lat="35.45652" lon="-82.65623">
        <ele>970.2</ele>
      </trkpt>
      <trkpt lat="35.45658" lon="-82.6562">
        <ele>969.93</ele>
      </trkpt>
      <trkpt lat="35.45663" lon="-82.65618">
        <ele>968.96</ele>
      </trkpt>
      <trkpt lat="35.45667" lon="-82.65614">
        <ele>968.92</ele>
      </trkpt>
      <trkpt lat="35.45671" lon="-82.65609">
        <ele>968.71</ele>
      </trkpt>
      <trkpt lat="35.45672" lon="-82.65603">
        <ele>969.82</ele>
      </trkpt>
      <trkpt lat="35.45675" lon="-82.65598">
        <ele>969.0</ele>
      </trkpt>
      <trkpt lat="35.45677" lon="-82.65591">
        <ele>968.76</ele>
      </trkpt>
      <trkpt lat="35.45681" lon="-82.65587">
        <ele>967.47</ele>
      </trkpt>
      <trkpt lat="35.45685" lon="-82.65583">
        <ele>966.17</ele>
      </trkpt>
      <trkpt lat="35.45689" lon="-82.65579">
        <ele>965.48</ele>
      </trkpt>
      <trkpt lat="35.45693" lon="-82.65575">
        <ele>965.18</ele>
      </trkpt>
      <trkpt lat="35.45698" lon="-82.65572">
        <ele>964.83</ele>
      </trkpt>
      <trkpt lat="35.45703" lon="-82.65569">
        <ele>964.93</ele>
      </trkpt>
      <trkpt lat="35.45708" lon="-82.65569">
        <ele>964.28</ele>
      </trkpt>
      <trkpt lat="35.45714" lon="-82.65569">
        <ele>963.74</ele>
      </trkpt>
      <trkpt lat="35.45719" lon="-82.6557">
        <ele>963.2</ele>
      </trkpt>
      <trkpt lat="35.45725" lon="-82.65571">
        <ele>963.16</ele>
      </trkpt>
      <trkpt lat="35.4573" lon="-82.65572">
        <ele>963.61</ele>
      </trkpt>
      <trkpt lat="35.45735" lon="-82.65575">
        <ele>962.92</ele>
      </trkpt>
      <trkpt lat="35.45741" lon="-82.65577">
        <ele>962.77</ele>
      </trkpt>
      <trkpt lat="35.45746" lon="-82.65578">
        <ele>963.11</ele>
      </trkpt>
      <trkpt lat="35.45751" lon="-82.6558">
        <ele>963.08</ele>
      </trkpt>
      <trkpt lat="35.45757" lon="-82.65581">
        <ele>962.76</ele>
      </trkpt>
      <trkpt lat="35.45763" lon="-82.65581">
        <ele>962.65</ele>
      </trkpt>
      <trkpt lat="35.45768" lon="-82.65582">
        <ele>962.3</ele>
      </trkpt>
      <trkpt lat="35.45774" lon="-82.6558">
        <ele>961.32</ele>
      </trkpt>
      <trkpt lat="35.45779" lon="-82.65577">
        <ele>960.07</ele>
      </trkpt>
      <trkpt lat="35.45781" lon="-82.6557">
        <ele>959.7</ele>
      </trkpt>
      <trkpt lat="35.45784" lon="-82.65565">
        <ele>958.62</ele>
      </trkpt>
      <trkpt lat="35.45785" lon="-82.65559">
        <ele>959.22</ele>
      </trkpt>
      <trkpt lat="35.45789" lon="-82.65554">
        <ele>958.77</ele>
      </trkpt>
      <trkpt lat="35.45793" lon="-82.6555">
        <ele>959.04</ele>
      </trkpt>
      <trkpt lat="35.45797" lon="-82.65548">
        <ele>959.25</ele>
      </trkpt>
      <trkpt lat="35.45803" lon="-82.65549">
        <ele>958.62</ele>
      </trkpt>
      <trkpt lat="35.45808" lon="-82.65549">
        <ele>958.54</ele>
      </trkpt>
      <trkpt lat="35.45814" lon="-82.65548">
        <ele>959.08</ele>
      </trkpt>
      <trkpt lat="35.4582" lon="-82.65547">
        <ele>959.06</ele>
      </trkpt>
      <trkpt lat="35.45826" lon="-82.65546">
        <ele>958.95</ele>
      </trkpt>
      <trkpt lat="35.45832" lon="-82.65546">
        <ele>958.3</ele>
      </trkpt>
      <trkpt lat="35.45838" lon="-82.65545">
        <ele>958.13</ele>
      </trkpt>
      <trkpt lat="35.45843" lon="-82.65545">
        <ele>957.47</ele>
      </trkpt>
      <trkpt lat="35.45849" lon="-82.65544">
        <ele>956.61</ele>
      </trkpt>
      <trkpt lat="35.45855" lon="-82.65542">
        <ele>956.54</ele>
      </trkpt>
      <trkpt lat="35.45861" lon="-82.65541">
        <ele>956.16</ele>
      </trkpt>
      <trkpt lat="35.45866" lon="-82.65538">
        <ele>955.26</ele>
      </trkpt>
      <trkpt lat="35.45869" lon="-82.65532">
        <ele>955.07</ele>
      </trkpt>
      <trkpt lat="35.4587" lon="-82.65525">
        <ele>955.18</ele>
      </trkpt>
      <trkpt lat="35.45871" lon="-82.65518">
        <ele>954.59</ele>
      </trkpt>
      <trkpt lat="35.45872" lon="-82.65511">
        <ele>953.94</ele>
      </trkpt>
      <trkpt lat="35.45874" lon="-82.65504">
        <ele>952.99</ele>
      </trkpt>
      <trkpt lat="35.45874" lon="-82.65497">
        <ele>953.13</ele>
      </trkpt>
      <trkpt lat="35.45874" lon="-82.65491">
        <ele>952.87</ele>
      </trkpt>
      <trkpt lat="35.45874" lon="-82.65484">
        <ele>952.86</ele>
      </trkpt>
      <trkpt lat="35.45874" lon="-82.65478">
        <ele>952.11</ele>
      </trkpt>
      <trkpt lat="35.45874" lon="-82.65471">
        <ele>950.52</ele>
      </trkpt>
      <trkpt lat="35.45874" lon="-82.65464">
        <ele>948.55</ele>
      </trkpt>
      <trkpt lat="35.45875" lon="-82.65458">
        <ele>946.96</ele>
      </trkpt>
      <trkpt lat="35.45875" lon="-82.65451">
        <ele>946.35</ele>
      </trkpt>
      <trkpt lat="35.45874" lon="-82.65445">
        <ele>946.68</ele>
      </trkpt>
      <trkpt lat="35.45875" lon="-82.65438">
        <ele>946.7</ele>
      </trkpt>
      <trkpt lat="35.45878" lon="-82.65433">
        <ele>945.53</ele>
      </trkpt>
      <trkpt lat="35.4588" lon="-82.65427">
        <ele>945.52</ele>
      </trkpt>
      <trkpt lat="35.45883" lon="-82.65421">
        <ele>945.75</ele>
      </trkpt>
      <trkpt lat="35.45885" lon="-82.65415">
        <ele>946.58</ele>
      </trkpt>
      <trkpt lat="35.45889" lon="-82.65405">
        <ele>947.71</ele>
      </trkpt>
      <trkpt lat="35.45889" lon="-82.65404">
        <ele>948.03</ele>
      </trkpt>
      <trkpt lat="35.45892" lon="-82.65398">
        <ele>948.03</ele>
      </trkpt>
      <trkpt lat="35.45894" lon="-82.65392">
        <ele>948.31</ele>
      </trkpt>
      <trkpt lat="35.45897" lon="-82.65387">
        <ele>947.07</ele>
      </trkpt>
      <trkpt lat="35.45899" lon="-82.65381">
        <ele>946.22</ele>
      </trkpt>
      <trkpt lat="35.45902" lon="-82.65375">
        <ele>944.5</ele>
      </trkpt>
      <trkpt lat="35.45904" lon="-82.65369">
        <ele>944.23</ele>
      </trkpt>
      <trkpt lat="35.45907" lon="-82.65364">
        <ele>944.25</ele>
      </trkpt>
      <trkpt lat="35.45909" lon="-82.65358">
        <ele>945.54</ele>
      </trkpt>
      <trkpt lat="35.45914" lon="-82.65354">
        <ele>945.06</ele>
      </trkpt>
      <trkpt lat="35.45918" lon="-82.65351">
        <ele>944.9</ele>
      </trkpt>
      <trkpt lat="35.45923" lon="-82.65348">
        <ele>944.63</ele>
      </trkpt>
      <trkpt lat="35.45928" lon="-82.65345">
        <ele>945.05</ele>
      </trkpt>
      <trkpt lat="35.45932" lon="-82.65341">
        <ele>946.55</ele>
      </trkpt>
      <trkpt lat="35.45937" lon="-82.65338">
        <ele>946.6</ele>
      </trkpt>
      <trkpt lat="35.45942" lon="-82.65335">
        <ele>945.55</ele>
      </trkpt>
      <trkpt lat="35.45946" lon="-82.65332">
        <ele>944.42</ele>
      </trkpt>
      <trkpt lat="35.4595" lon="-82.65328">
        <ele>943.13</ele>
      </trkpt>
      <trkpt lat="35.45955" lon="-82.65324">
        <ele>941.33</ele>
      </trkpt>
      <trkpt lat="35.45959" lon="-82.6532">
        <ele>941.15</ele>
      </trkpt>
      <trkpt lat="35.45962" lon="-82.65315">
        <ele>942.32</ele>
      </trkpt>
      <trkpt lat="35.45966" lon="-82.65311">
        <ele>942.14</ele>
      </trkpt>
      <trkpt lat="35.4597" lon="-82.65307">
        <ele>942.22</ele>
      </trkpt>
      <trkpt lat="35.45974" lon="-82.65303">
        <ele>942.56</ele>
      </trkpt>
      <trkpt lat="35.45978" lon="-82.65299">
        <ele>942.6</ele>
      </trkpt>
      <trkpt lat="35.45983" lon="-82.65296">
        <ele>941.14</ele>
      </trkpt>
      <trkpt lat="35.45987" lon="-82.65292">
        <ele>940.28</ele>
      </trkpt>
      <trkpt lat="35.4599" lon="-82.65287">
        <ele>940.5</ele>
      </trkpt>
      <trkpt lat="35.45994" lon="-82.65283">
        <ele>939.79</ele>
      </trkpt>
      <trkpt lat="35.45997" lon="-82.65278">
        <ele>940.51</ele>
      </trkpt>
      <trkpt lat="35.46001" lon="-82.65274">
        <ele>940.65</ele>
      </trkpt>
      <trkpt lat="35.46005" lon="-82.6527">
        <ele>941.49</ele>
      </trkpt>
      <trkpt lat="35.46011" lon="-82.65267">
        <ele>941.26</ele>
      </trkpt>
      <trkpt lat="35.46016" lon="-82.65265">
        <ele>940.72</ele>
      </trkpt>
      <trkpt lat="35.46022" lon="-82.65263">
        <ele>939.7</ele>
      </trkpt>
      <trkpt lat="35.46027" lon="-82.6526">
        <ele>939.78</ele>
      </trkpt>
      <trkpt lat="35.46032" lon="-82.65257">
        <ele>939.75</ele>
      </trkpt>
      <trkpt lat="35.46037" lon="-82.65254">
        <ele>939.99</ele>
      </trkpt>
      <trkpt lat="35.46042" lon="-82.65251">
        <ele>939.62</ele>
      </trkpt>
      <trkpt lat="35.46047" lon="-82.65249">
        <ele>938.62</ele>
      </trkpt>
      <trkpt lat="35.46052" lon="-82.65246">
        <ele>939.08</ele>
      </trkpt>
      <trkpt lat="35.46058" lon="-82.65244">
        <ele>937.49</ele>
      </trkpt>
      <trkpt lat="35.46061" lon="-82.65239">
        <ele>937.74</ele>
      </trkpt>
      <trkpt lat="35.46065" lon="-82.65235">
        <ele>935.52</ele>
      </trkpt>
      <trkpt lat="35.46067" lon="-82.65228">
        <ele>935.11</ele>
      </trkpt>
      <trkpt lat="35.46069" lon="-82.65222">
        <ele>934.3</ele>
      </trkpt>
      <trkpt lat="35.4607" lon="-82.65215">
        <ele>934.08</ele>
      </trkpt>
      <trkpt lat="35.46073" lon="-82.6521">
        <ele>933.18</ele>
      </trkpt>
      <trkpt lat="35.46079" lon="-82.65208">
        <ele>930.94</ele>
      </trkpt>
      <trkpt lat="35.46083" lon="-82.65204">
        <ele>930.08</ele>
      </trkpt>
      <trkpt lat="35.46089" lon="-82.65202">
        <ele>928.1</ele>
      </trkpt>
      <trkpt lat="35.46092" lon="-82.65197">
        <ele>928.43</ele>
      </trkpt>
      <trkpt lat="35.46095" lon="-82.65192">
        <ele>928.56</ele>
      </trkpt>
      <trkpt lat="35.46099" lon="-82.65187">
        <ele>928.51</ele>
      </trkpt>
      <trkpt lat="35.46103" lon="-82.65184">
        <ele>927.9</ele>
      </trkpt>
      <trkpt lat="35.46106" lon="-82.65179">
        <ele>928.51</ele>
      </trkpt>
      <trkpt lat="35.4611" lon="-82.65175">
        <ele>928.77</ele>
      </trkpt>
      <trkpt lat="35.46115" lon="-82.65172">
        <ele>928.44</ele>
      </trkpt>
      <trkpt lat="35.4612" lon="-82.65169">
        <ele>928.11</ele>
      </trkpt>
      <trkpt lat="35.46125" lon="-82.65166">
        <ele>927.72</ele>
      </trkpt>
      <trkpt lat="35.4613" lon="-82.65163">
        <ele>927.11</ele>
      </trkpt>
      <trkpt lat="35.46136" lon="-82.65161">
        <ele>926.46</ele>
      </trkpt>
      <trkpt lat="35.4614" lon="-82.65157">
        <ele>926.73</ele>
      </trkpt>
      <trkpt lat="35.46144" lon="-82.65153">
        <ele>926.56</ele>
      </trkpt>
      <trkpt lat="35.46148" lon="-82.65149">
        <ele>926.76</ele>
      </trkpt>
      <trkpt lat="35.46152" lon="-82.65145">
        <ele>926.17</ele>
      </trkpt>
      <trkpt lat="35.46157" lon="-82.65142">
        <ele>925.09</ele>
      </trkpt>
      <trkpt lat="35.46159" lon="-82.65136">
        <ele>923.72</ele>
      </trkpt>
      <trkpt lat="35.46159" lon="-82.6513">
        <ele>921.78</ele>
      </trkpt>
      <trkpt lat="35.46156" lon="-82.65124">
        <ele>919.87</ele>
      </trkpt>
      <trkpt lat="35.46151" lon="-82.65119">
        <ele>918.64</ele>
      </trkpt>
      <trkpt lat="35.46146" lon="-82.65117">
        <ele>918.5</ele>
      </trkpt>
      <trkpt lat="35.46141" lon="-82.65113">
        <ele>917.41</ele>
      </trkpt>
      <trkpt lat="35.46136" lon="-82.6511">
        <ele>916.71</ele>
      </trkpt>
      <trkpt lat="35.46127" lon="-82.65105">
        <ele>914.98</ele>
      </trkpt>
      <trkpt lat="35.46126" lon="-82.65104">
        <ele>914.55</ele>
      </trkpt>
      <trkpt lat="35.4612" lon="-82.65102">
        <ele>914.12</ele>
      </trkpt>
      <trkpt lat="35.46115" lon="-82.65101">
        <ele>914.12</ele>
      </trkpt>
      <trkpt lat="35.4611" lon="-82.65099">
        <ele>913.74</ele>
      </trkpt>
      <trkpt lat="35.46104" lon="-82.65096">
        <ele>913.86</ele>
      </trkpt>
      <trkpt lat="35.46099" lon="-82.65095">
        <ele>914.96</ele>
      </trkpt>
      <trkpt lat="35.46094" lon="-82.65093">
        <ele>915.72</ele>
      </trkpt>
      <trkpt lat="35.46089" lon="-82.65089">
        <ele>914.84</ele>
      </trkpt>
      <trkpt lat="35.46084" lon="-82.65087">
        <ele>914.84</ele>
      </trkpt>
      <trkpt lat="35.46078" lon="-82.65084">
        <ele>915.09</ele>
      </trkpt>
      <trkpt lat="35.46073" lon="-82.65081">
        <ele>915.23</ele>
      </trkpt>
      <trkpt lat="35.46068" lon="-82.65077">
        <ele>915.65</ele>
      </trkpt>
      <trkpt lat="35.46063" lon="-82.65073">
        <ele>916.2</ele>
      </trkpt>
      <trkpt lat="35.4606" lon="-82.65068">
        <ele>914.8</ele>
      </trkpt>
      <trkpt lat="35.46056" lon="-82.65062">
        <ele>913.29</ele>
      </trkpt>
      <trkpt lat="35.46053" lon="-82.65057">
        <ele>911.88</ele>
      </trkpt>
      <trkpt lat="35.46049" lon="-82.65051">
        <ele>910.72</ele>
      </trkpt>
      <trkpt lat="35.46046" lon="-82.65046">
        <ele>910.03</ele>
      </trkpt>
      <trkpt lat="35.46041" lon="-82.65041">
        <ele>910.9</ele>
      </trkpt>
      <trkpt lat="35.46037" lon="-82.65035">
        <ele>911.14</ele>
      </trkpt>
      <trkpt lat="35.46032" lon="-82.6503">
        <ele>911.68</ele>
      </trkpt>
      <trkpt lat="35.46028" lon="-82.65025">
        <ele>911.68</ele>
      </trkpt>
      <trkpt lat="35.46025" lon="-82.65019">
        <ele>910.72</ele>
      </trkpt>
      <trkpt lat="35.46021" lon="-82.65014">
        <ele>910.58</ele>
      </trkpt>
      <trkpt lat="35.46018" lon="-82.65008">
        <ele>909.36</ele>
      </trkpt>
      <trkpt lat="35.46014" lon="-82.65003">
        <ele>907.74</ele>
      </trkpt>
      <trkpt lat="35.4601" lon="-82.64998">
        <ele>906.6</ele>
      </trkpt>
      <trkpt lat="35.46005" lon="-82.64994">
        <ele>905.68</ele>
      </trkpt>
      <trkpt lat="35.46" lon="-82.64989">
        <ele>903.87</ele>
      </trkpt>
      <trkpt lat="35.45994" lon="-82.64988">
        <ele>902.58</ele>
      </trkpt>
      <trkpt lat="35.45989" lon="-82.64986">
        <ele>900.46</ele>
      </trkpt>
      <trkpt lat="35.45983" lon="-82.64987">
        <ele>899.57</ele>
      </trkpt>
      <trkpt lat="35.45978" lon="-82.64988">
        <ele>898.91</ele>
      </trkpt>
      <trkpt lat="35.45971" lon="-82.64989">
        <ele>897.63</ele>
      </trkpt>
      <trkpt lat="35.45965" lon="-82.64991">
        <ele>897.61</ele>
      </trkpt>
      <trkpt lat="35.45959" lon="-82.64993">
        <ele>898.26</ele>
      </trkpt>
      <trkpt lat="35.45954" lon="-82.64993">
        <ele>897.99</ele>
      </trkpt>
      <trkpt lat="35.45948" lon="-82.64995">
        <ele>898.84</ele>
      </trkpt>
      <trkpt lat="35.45942" lon="-82.64993">
        <ele>898.24</ele>
      </trkpt>
      <trkpt lat="35.45937" lon="-82.64992">
        <ele>898.35</ele>
      </trkpt>
      <trkpt lat="35.45932" lon="-82.64987">
        <ele>898.1</ele>
      </trkpt>
      <trkpt lat="35.45927" lon="-82.64983">
        <ele>899.08</ele>
      </trkpt>
      <trkpt lat="35.45924" lon="-82.64978">
        <ele>899.04</ele>
      </trkpt>
      <trkpt lat="35.4592" lon="-82.64974">
        <ele>899.9</ele>
      </trkpt>
      <trkpt lat="35.45917" lon="-82.64968">
        <ele>899.0</ele>
      </trkpt>
      <trkpt lat="35.45913" lon="-82.64965">
        <ele>899.46</ele>
      </trkpt>
      <trkpt lat="35.45909" lon="-82.64961">
        <ele>899.29</ele>
      </trkpt>
      <trkpt lat="35.45904" lon="-82.64959">
        <ele>899.44</ele>
      </trkpt>
      <trkpt lat="35.45899" lon="-82.64954">
        <ele>897.1</ele>
      </trkpt>
      <trkpt lat="35.45893" lon="-82.64954">
        <ele>897.75</ele>
      </trkpt>
      <trkpt lat="35.45888" lon="-82.64953">
        <ele>897.74</ele>
      </trkpt>
      <trkpt lat="35.45882" lon="-82.64952">
        <ele>898.38</ele>
      </trkpt>
      <trkpt lat="35.45877" lon="-82.64951">
        <ele>898.53</ele>
      </trkpt>
      <trkpt lat="35.45871" lon="-82.64949">
        <ele>897.88</ele>
      </trkpt>
      <trkpt lat="35.45866" lon="-82.64948">
        <ele>897.78</ele>
      </trkpt>
      <trkpt lat="35.45861" lon="-82.64945">
        <ele>896.38</ele>
      </trkpt>
      <trkpt lat="35.45855" lon="-82.64944">
        <ele>897.05</ele>
      </trkpt>
      <trkpt lat="35.4585" lon="-82.64942">
        <ele>896.62</ele>
      </trkpt>
      <trkpt lat="35.45845" lon="-82.6494">
        <ele>895.86</ele>
      </trkpt>
      <trkpt lat="35.45839" lon="-82.64937">
        <ele>894.49</ele>
      </trkpt>
      <trkpt lat="35.45834" lon="-82.64935">
        <ele>893.83</ele>
      </trkpt>
      <trkpt lat="35.45829" lon="-82.64933">
        <ele>893.29</ele>
      </trkpt>
      <trkpt lat="35.45824" lon="-82.6493">
        <ele>892.21</ele>
      </trkpt>
      <trkpt lat="35.45818" lon="-82.64929">
        <ele>892.75</ele>
      </trkpt>
      <trkpt lat="35.45813" lon="-82.64928">
        <ele>893.09</ele>
      </trkpt>
      <trkpt lat="35.45807" lon="-82.64927">
        <ele>893.31</ele>
      </trkpt>
      <trkpt lat="35.45802" lon="-82.64925">
        <ele>893.02</ele>
      </trkpt>
      <trkpt lat="35.45797" lon="-82.64924">
        <ele>893.28</ele>
      </trkpt>
      <trkpt lat="35.45791" lon="-82.64923">
        <ele>894.2</ele>
      </trkpt>
      <trkpt lat="35.45786" lon="-82.64921">
        <ele>894.52</ele>
      </trkpt>
      <trkpt lat="35.4578" lon="-82.6492">
        <ele>894.84</ele>
      </trkpt>
      <trkpt lat="35.45775" lon="-82.64919">
        <ele>894.83</ele>
      </trkpt>
      <trkpt lat="35.45769" lon="-82.64918">
        <ele>894.57</ele>
      </trkpt>
      <trkpt lat="35.45764" lon="-82.64915">
        <ele>893.95</ele>
      </trkpt>
      <trkpt lat="35.45759" lon="-82.64914">
        <ele>894.17</ele>
      </trkpt>
      <trkpt lat="35.45753" lon="-82.64912">
        <ele>894.5</ele>
      </trkpt>
      <trkpt lat="35.45748" lon="-82.64911">
        <ele>895.21</ele>
      </trkpt>
      <trkpt lat="35.45743" lon="-82.64909">
        <ele>895.86</ele>
      </trkpt>
      <trkpt lat="35.45737" lon="-82.64907">
        <ele>896.33</ele>
      </trkpt>
      <trkpt lat="35.45732" lon="-82.64903">
        <ele>896.44</ele>
      </trkpt>
      <trkpt lat="35.45728" lon="-82.64899">
        <ele>896.47</ele>
      </trkpt>
      <trkpt lat="35.45723" lon="-82.64894">
        <ele>896.43</ele>
      </trkpt>
      <trkpt lat="35.45718" lon="-82.6489">
        <ele>896.12</ele>
      </trkpt>
      <trkpt lat="35.45713" lon="-82.64886">
        <ele>895.69</ele>
      </trkpt>
      <trkpt lat="35.45708" lon="-82.64884">
        <ele>895.47</ele>
      </trkpt>
      <trkpt lat="35.45703" lon="-82.6488">
        <ele>895.19</ele>
      </trkpt>
      <trkpt lat="35.457" lon="-82.64875">
        <ele>895.8</ele>
      </trkpt>
      <trkpt lat="35.45697" lon="-82.64869">
        <ele>896.45</ele>
      </trkpt>
      <trkpt lat="35.45695" lon="-82.64863">
        <ele>896.88</ele>
      </trkpt>
      <trkpt lat="35.45691" lon="-82.64857">
        <ele>897.09</ele>
      </trkpt>
      <trkpt lat="35.45691" lon="-82.64851">
        <ele>896.56</ele>
      </trkpt>
      <trkpt lat="35.45693" lon="-82.64844">
        <ele>894.62</ele>
      </trkpt>
      <trkpt lat="35.45694" lon="-82.64837">
        <ele>895.3</ele>
      </trkpt>
      <trkpt lat="35.45696" lon="-82.64831">
        <ele>896.67</ele>
      </trkpt>
      <trkpt lat="35.45701" lon="-82.64828">
        <ele>896.91</ele>
      </trkpt>
      <trkpt lat="35.45707" lon="-82.64826">
        <ele>896.44</ele>
      </trkpt>
      <trkpt lat="35.45713" lon="-82.64824">
        <ele>896.02</ele>
      </trkpt>
      <trkpt lat="35.45719" lon="-82.64823">
        <ele>896.35</ele>
      </trkpt>
      <trkpt lat="35.45725" lon="-82.64821">
        <ele>896.6</ele>
      </trkpt>
      <trkpt lat="35.45731" lon="-82.64819">
        <ele>896.79</ele>
      </trkpt>
      <trkpt lat="35.45737" lon="-82.64817">
        <ele>896.77</ele>
      </trkpt>
      <trkpt lat="35.45743" lon="-82.64817">
        <ele>895.57</ele>
      </trkpt>
      <trkpt lat="35.45749" lon="-82.64816">
        <ele>894.7</ele>
      </trkpt>
      <trkpt lat="35.45754" lon="-82.64817">
        <ele>893.09</ele>
      </trkpt>
      <trkpt lat="35.4576" lon="-82.64817">
        <ele>891.64</ele>
      </trkpt>
      <trkpt lat="35.45764" lon="-82.64813">
        <ele>892.86</ele>
      </trkpt>
      <trkpt lat="35.45769" lon="-82.64809">
        <ele>894.04</ele>
      </trkpt>
      <trkpt lat="35.45773" lon="-82.64808">
        <ele>893.71</ele>
      </trkpt>
      <trkpt lat="35.45779" lon="-82.64809">
        <ele>891.88</ele>
      </trkpt>
      <trkpt lat="35.45784" lon="-82.6481">
        <ele>890.26</ele>
      </trkpt>
      <trkpt lat="35.4579" lon="-82.64808">
        <ele>889.96</ele>
      </trkpt>
      <trkpt lat="35.45795" lon="-82.64805">
        <ele>890.48</ele>
      </trkpt>
      <trkpt lat="35.45798" lon="-82.648">
        <ele>891.06</ele>
      </trkpt>
      <trkpt lat="35.45803" lon="-82.64796">
        <ele>890.15</ele>
      </trkpt>
      <trkpt lat="35.45806" lon="-82.64791">
        <ele>889.36</ele>
      </trkpt>
      <trkpt lat="35.4581" lon="-82.64787">
        <ele>888.08</ele>
      </trkpt>
      <trkpt lat="35.45813" lon="-82.64783">
        <ele>887.22</ele>
      </trkpt>
      <trkpt lat="35.45818" lon="-82.6478">
        <ele>886.25</ele>
      </trkpt>
      <trkpt lat="35.45824" lon="-82.64778">
        <ele>885.94</ele>
      </trkpt>
      <trkpt lat="35.4583" lon="-82.64779">
        <ele>885.05</ele>
      </trkpt>
      <trkpt lat="35.45835" lon="-82.64778">
        <ele>884.95</ele>
      </trkpt>
      <trkpt lat="35.45841" lon="-82.64778">
        <ele>884.93</ele>
      </trkpt>
      <trkpt lat="35.45847" lon="-82.64778">
        <ele>884.92</ele>
      </trkpt>
      <trkpt lat="35.45853" lon="-82.64776">
        <ele>885.84</ele>
      </trkpt>
      <trkpt lat="35.45858" lon="-82.64773">
        <ele>886.92</ele>
      </trkpt>
      <trkpt lat="35.45864" lon="-82.64771">
        <ele>886.18</ele>
      </trkpt>
      <trkpt lat="35.45867" lon="-82.64766">
        <ele>887.01</ele>
      </trkpt>
      <trkpt lat="35.45871" lon="-82.64762">
        <ele>886.43</ele>
      </trkpt>
      <trkpt lat="35.45876" lon="-82.64759">
        <ele>884.44</ele>
      </trkpt>
      <trkpt lat="35.4588" lon="-82.64755">
        <ele>883.16</ele>
      </trkpt>
      <trkpt lat="35.45884" lon="-82.64751">
        <ele>881.89</ele>
      </trkpt>
      <trkpt lat="35.45889" lon="-82.64748">
        <ele>879.35</ele>
      </trkpt>
      <trkpt lat="35.45893" lon="-82.64744">
        <ele>877.89</ele>
      </trkpt>
      <trkpt lat="35.45899" lon="-82.64742">
        <ele>876.47</ele>
      </trkpt>
      <trkpt lat="35.45905" lon="-82.64743">
        <ele>877.94</ele>
      </trkpt>
      <trkpt lat="35.4591" lon="-82.64743">
        <ele>879.41</ele>
      </trkpt>
      <trkpt lat="35.45916" lon="-82.64744">
        <ele>880.42</ele>
      </trkpt>
      <trkpt lat="35.45922" lon="-82.64742">
        <ele>880.88</ele>
      </trkpt>
      <trkpt lat="35.45926" lon="-82.64738">
        <ele>881.85</ele>
      </trkpt>
      <trkpt lat="35.45931" lon="-82.64735">
        <ele>880.12</ele>
      </trkpt>
      <trkpt lat="35.45935" lon="-82.64731">
        <ele>879.2</ele>
      </trkpt>
      <trkpt lat="35.45939" lon="-82.64728">
        <ele>877.69</ele>
      </trkpt>
      <trkpt lat="35.45944" lon="-82.64724">
        <ele>875.86</ele>
      </trkpt>
      <trkpt lat="35.45948" lon="-82.6472">
        <ele>875.28</ele>
      </trkpt>
      <trkpt lat="35.45951" lon="-82.64715">
        <ele>876.06</ele>
      </trkpt>
      <trkpt lat="35.45955" lon="-82.64711">
        <ele>876.43</ele>
      </trkpt>
      <trkpt lat="35.45958" lon="-82.64706">
        <ele>877.62</ele>
      </trkpt>
      <trkpt lat="35.45962" lon="-82.64702">
        <ele>877.88</ele>
      </trkpt>
      <trkpt lat="35.45966" lon="-82.64697">
        <ele>878.19</ele>
      </trkpt>
      <trkpt lat="35.4597" lon="-82.64694">
        <ele>877.89</ele>
      </trkpt>
      <trkpt lat="35.45973" lon="-82.64689">
        <ele>878.48</ele>
      </trkpt>
      <trkpt lat="35.45979" lon="-82.64687">
        <ele>877.07</ele>
      </trkpt>
      <trkpt lat="35.45983" lon="-82.64683">
        <ele>877.58</ele>
      </trkpt>
      <trkpt lat="35.45988" lon="-82.6468">
        <ele>877.44</ele>
      </trkpt>
      <trkpt lat="35.45993" lon="-82.64677">
        <ele>877.65</ele>
      </trkpt>
      <trkpt lat="35.45998" lon="-82.64674">
        <ele>878.92</ele>
      </trkpt>
      <trkpt lat="35.46003" lon="-82.64672">
        <ele>879.23</ele>
      </trkpt>
      <trkpt lat="35.46009" lon="-82.6467">
        <ele>878.97</ele>
      </trkpt>
      <trkpt lat="35.46014" lon="-82.64667">
        <ele>878.39</ele>
      </trkpt>
      <trkpt lat="35.4602" lon="-82.64665">
        <ele>877.2</ele>
      </trkpt>
      <trkpt lat="35.46024" lon="-82.6466">
        <ele>877.85</ele>
      </trkpt>
      <trkpt lat="35.46028" lon="-82.64656">
        <ele>878.28</ele>
      </trkpt>
      <trkpt lat="35.46031" lon="-82.64652">
        <ele>878.82</ele>
      </trkpt>
      <trkpt lat="35.46037" lon="-82.6465">
        <ele>878.6</ele>
      </trkpt>
      <trkpt lat="35.46042" lon="-82.64647">
        <ele>878.71</ele>
      </trkpt>
      <trkpt lat="35.46048" lon="-82.64645">
        <ele>878.56</ele>
      </trkpt>
      <trkpt lat="35.46054" lon="-82.64643">
        <ele>878.74</ele>
      </trkpt>
      <trkpt lat="35.46059" lon="-82.6464">
        <ele>879.64</ele>
      </trkpt>
      <trkpt lat="35.46064" lon="-82.64638">
        <ele>880.38</ele>
      </trkpt>
      <trkpt lat="35.46069" lon="-82.64634">
        <ele>882.11</ele>
      </trkpt>
      <trkpt lat="35.46073" lon="-82.64633">
        <ele>882.54</ele>
      </trkpt>
      <trkpt lat="35.46079" lon="-82.64633">
        <ele>882.54</ele>
      </trkpt>
      <trkpt lat="35.46085" lon="-82.64633">
        <ele>882.54</ele>
      </trkpt>
      <trkpt lat="35.4609" lon="-82.64632">
        <ele>882.98</ele>
      </trkpt>
      <trkpt lat="35.46096" lon="-82.64631">
        <ele>883.04</ele>
      </trkpt>
      <trkpt lat="35.46102" lon="-82.64629">
        <ele>883.24</ele>
      </trkpt>
      <trkpt lat="35.46107" lon="-82.64626">
        <ele>883.46</ele>
      </trkpt>
      <trkpt lat="35.46113" lon="-82.64624">
        <ele>882.9</ele>
      </trkpt>
      <trkpt lat="35.46117" lon="-82.64619">
        <ele>883.59</ele>
      </trkpt>
      <trkpt lat="35.46121" lon="-82.64615">
        <ele>883.54</ele>
      </trkpt>
      <trkpt lat="35.46124" lon="-82.6461">
        <ele>884.18</ele>
      </trkpt>
      <trkpt lat="35.46128" lon="-82.64606">
        <ele>884.18</ele>
      </trkpt>
      <trkpt lat="35.4613" lon="-82.64601">
        <ele>884.9</ele>
      </trkpt>
      <trkpt lat="35.46132" lon="-82.64594">
        <ele>884.79</ele>
      </trkpt>
      <trkpt lat="35.46131" lon="-82.64587">
        <ele>885.5</ele>
      </trkpt>
      <trkpt lat="35.46131" lon="-82.64581">
        <ele>885.77</ele>
      </trkpt>
      <trkpt lat="35.46131" lon="-82.64574">
        <ele>886.41</ele>
      </trkpt>
      <trkpt lat="35.46131" lon="-82.64568">
        <ele>886.31</ele>
      </trkpt>
      <trkpt lat="35.46132" lon="-82.64561">
        <ele>886.44</ele>
      </trkpt>
      <trkpt lat="35.46134" lon="-82.64554">
        <ele>886.42</ele>
      </trkpt>
      <trkpt lat="35.46135" lon="-82.64547">
        <ele>886.98</ele>
      </trkpt>
      <trkpt lat="35.46136" lon="-82.6454">
        <ele>887.92</ele>
      </trkpt>
      <trkpt lat="35.46138" lon="-82.64533">
        <ele>887.92</ele>
      </trkpt>
      <trkpt lat="35.46139" lon="-82.64526">
        <ele>888.12</ele>
      </trkpt>
      <trkpt lat="35.4614" lon="-82.64519">
        <ele>888.34</ele>
      </trkpt>
      <trkpt lat="35.46142" lon="-82.64512">
        <ele>888.02</ele>
      </trkpt>
      <trkpt lat="35.46143" lon="-82.64505">
        <ele>887.78</ele>
      </trkpt>
      <trkpt lat="35.46143" lon="-82.64499">
        <ele>887.78</ele>
      </trkpt>
      <trkpt lat="35.46144" lon="-82.64492">
        <ele>887.24</ele>
      </trkpt>
      <trkpt lat="35.46142" lon="-82.64486">
        <ele>887.98</ele>
      </trkpt>
      <trkpt lat="35.46141" lon="-82.64479">
        <ele>888.09</ele>
      </trkpt>
      <trkpt lat="35.46139" lon="-82.64474">
        <ele>888.95</ele>
      </trkpt>
      <trkpt lat="35.46137" lon="-82.64467">
        <ele>891.03</ele>
      </trkpt>
      <trkpt lat="35.46135" lon="-82.64459">
        <ele>893.29</ele>
      </trkpt>
      <trkpt lat="35.46135" lon="-82.64455">
        <ele>893.9</ele>
      </trkpt>
      <trkpt lat="35.46138" lon="-82.64449">
        <ele>892.53</ele>
      </trkpt>
      <trkpt lat="35.46141" lon="-82.64444">
        <ele>890.91</ele>
      </trkpt>
      <trkpt lat="35.46143" lon="-82.64438">
        <ele>890.48</ele>
      </trkpt>
      <trkpt lat="35.46145" lon="-82.64432">
        <ele>890.27</ele>
      </trkpt>
      <trkpt lat="35.46147" lon="-82.64425">
        <ele>890.68</ele>
      </trkpt>
      <trkpt lat="35.46148" lon="-82.64418">
        <ele>891.76</ele>
      </trkpt>
      <trkpt lat="35.46149" lon="-82.64411">
        <ele>892.43</ele>
      </trkpt>
      <trkpt lat="35.46151" lon="-82.64404">
        <ele>892.75</ele>
      </trkpt>
      <trkpt lat="35.46152" lon="-82.64397">
        <ele>893.17</ele>
      </trkpt>
      <trkpt lat="35.46153" lon="-82.6439">
        <ele>892.95</ele>
      </trkpt>
      <trkpt lat="35.46153" lon="-82.64386">
        <ele>892.64</ele>
      </trkpt>
      <trkpt lat="35.46149" lon="-82.64384">
        <ele>893.29</ele>
      </trkpt>
      <trkpt lat="35.46144" lon="-82.6438">
        <ele>893.51</ele>
      </trkpt>
      <trkpt lat="35.46139" lon="-82.64377">
        <ele>892.57</ele>
      </trkpt>
      <trkpt lat="35.46133" lon="-82.64378">
        <ele>893.12</ele>
      </trkpt>
      <trkpt lat="35.46127" lon="-82.64377">
        <ele>892.58</ele>
      </trkpt>
      <trkpt lat="35.46122" lon="-82.64378">
        <ele>893.12</ele>
      </trkpt>
      <trkpt lat="35.46116" lon="-82.64378">
        <ele>893.2</ele>
      </trkpt>
      <trkpt lat="35.4611" lon="-82.64377">
        <ele>893.1</ele>
      </trkpt>
      <trkpt lat="35.46105" lon="-82.64375">
        <ele>893.32</ele>
      </trkpt>
      <trkpt lat="35.461" lon="-82.64374">
        <ele>893.97</ele>
      </trkpt>
      <trkpt lat="35.46094" lon="-82.64371">
        <ele>893.97</ele>
      </trkpt>
      <trkpt lat="35.46089" lon="-82.64368">
        <ele>893.85</ele>
      </trkpt>
      <trkpt lat="35.46084" lon="-82.64364">
        <ele>893.74</ele>
      </trkpt>
      <trkpt lat="35.46079" lon="-82.6436">
        <ele>893.46</ele>
      </trkpt>
      <trkpt lat="35.46075" lon="-82.64356">
        <ele>892.59</ele>
      </trkpt>
      <trkpt lat="35.4607" lon="-82.64353">
        <ele>893.26</ele>
      </trkpt>
      <trkpt lat="35.46065" lon="-82.64349">
        <ele>893.99</ele>
      </trkpt>
      <trkpt lat="35.4606" lon="-82.64345">
        <ele>895.38</ele>
      </trkpt>
      <trkpt lat="35.46055" lon="-82.64341">
        <ele>896.89</ele>
      </trkpt>
      <trkpt lat="35.4605" lon="-82.64336">
        <ele>898.64</ele>
      </trkpt>
      <trkpt lat="35.46047" lon="-82.64331">
        <ele>898.56</ele>
      </trkpt>
      <trkpt lat="35.46043" lon="-82.64325">
        <ele>897.5</ele>
      </trkpt>
      <trkpt lat="35.4604" lon="-82.6432">
        <ele>895.84</ele>
      </trkpt>
      <trkpt lat="35.46037" lon="-82.64314">
        <ele>893.57</ele>
      </trkpt>
      <trkpt lat="35.46032" lon="-82.64309">
        <ele>892.83</ele>
      </trkpt>
      <trkpt lat="35.46027" lon="-82.64306">
        <ele>893.69</ele>
      </trkpt>
      <trkpt lat="35.46022" lon="-82.64303">
        <ele>895.74</ele>
      </trkpt>
      <trkpt lat="35.46017" lon="-82.64299">
        <ele>897.1</ele>
      </trkpt>
      <trkpt lat="35.46012" lon="-82.64295">
        <ele>898.71</ele>
      </trkpt>
      <trkpt lat="35.46007" lon="-82.64291">
        <ele>899.55</ele>
      </trkpt>
      <trkpt lat="35.46002" lon="-82.64288">
        <ele>899.85</ele>
      </trkpt>
      <trkpt lat="35.45998" lon="-82.64284">
        <ele>898.32</ele>
      </trkpt>
      <trkpt lat="35.45992" lon="-82.64281">
        <ele>897.52</ele>
      </trkpt>
      <trkpt lat="35.45987" lon="-82.64279">
        <ele>897.52</ele>
      </trkpt>
      <trkpt lat="35.45982" lon="-82.64275">
        <ele>896.09</ele>
      </trkpt>
      <trkpt lat="35.45977" lon="-82.64273">
        <ele>896.36</ele>
      </trkpt>
      <trkpt lat="35.45972" lon="-82.64271">
        <ele>896.66</ele>
      </trkpt>
      <trkpt lat="35.45966" lon="-82.64268">
        <ele>896.01</ele>
      </trkpt>
      <trkpt lat="35.45961" lon="-82.64266">
        <ele>895.73</ele>
      </trkpt>
      <trkpt lat="35.45956" lon="-82.64265">
        <ele>895.94</ele>
      </trkpt>
      <trkpt lat="35.45951" lon="-82.64261">
        <ele>894.5</ele>
      </trkpt>
      <trkpt lat="35.45947" lon="-82.64256">
        <ele>895.49</ele>
      </trkpt>
      <trkpt lat="35.45947" lon="-82.64249">
        <ele>895.22</ele>
      </trkpt>
      <trkpt lat="35.45946" lon="-82.64243">
        <ele>895.95</ele>
      </trkpt>
      <trkpt lat="35.45946" lon="-82.64236">
        <ele>896.34</ele>
      </trkpt>
      <trkpt lat="35.45945" lon="-82.6423">
        <ele>897.74</ele>
      </trkpt>
      <trkpt lat="35.45944" lon="-82.64224">
        <ele>899.15</ele>
      </trkpt>
      <trkpt lat="35.45944" lon="-82.64217">
        <ele>899.87</ele>
      </trkpt>
      <trkpt lat="35.45943" lon="-82.64211">
        <ele>900.72</ele>
      </trkpt>
      <trkpt lat="35.45942" lon="-82.64205">
        <ele>900.72</ele>
      </trkpt>
      <trkpt lat="35.45941" lon="-82.64199">
        <ele>901.04</ele>
      </trkpt>
      <trkpt lat="35.45939" lon="-82.64193">
        <ele>901.78</ele>
      </trkpt>
      <trkpt lat="35.45936" lon="-82.64187">
        <ele>902.76</ele>
      </trkpt>
      <trkpt lat="35.45934" lon="-82.64181">
        <ele>902.09</ele>
      </trkpt>
      <trkpt lat="35.45931" lon="-82.64175">
        <ele>901.66</ele>
      </trkpt>
      <trkpt lat="35.45928" lon="-82.6417">
        <ele>901.97</ele>
      </trkpt>
      <trkpt lat="35.45924" lon="-82.64164">
        <ele>901.78</ele>
      </trkpt>
      <trkpt lat="35.45919" lon="-82.64161">
        <ele>901.81</ele>
      </trkpt>
      <trkpt lat="35.45913" lon="-82.64161">
        <ele>901.77</ele>
      </trkpt>
      <trkpt lat="35.45907" lon="-82.64163">
        <ele>901.64</ele>
      </trkpt>
      <trkpt lat="35.45902" lon="-82.64166">
        <ele>900.45</ele>
      </trkpt>
      <trkpt lat="35.459" lon="-82.64172">
        <ele>901.41</ele>
      </trkpt>
      <trkpt lat="35.45895" lon="-82.64176">
        <ele>900.66</ele>
      </trkpt>
      <trkpt lat="35.45892" lon="-82.64181">
        <ele>900.8</ele>
      </trkpt>
      <trkpt lat="35.45888" lon="-82.64184">
        <ele>900.42</ele>
      </trkpt>
      <trkpt lat="35.45883" lon="-82.64187">
        <ele>900.19</ele>
      </trkpt>
      <trkpt lat="35.45878" lon="-82.6419">
        <ele>899.96</ele>
      </trkpt>
      <trkpt lat="35.45873" lon="-82.64193">
        <ele>900.58</ele>
      </trkpt>
      <trkpt lat="35.45867" lon="-82.64195">
        <ele>901.2</ele>
      </trkpt>
      <trkpt lat="35.45861" lon="-82.64196">
        <ele>901.65</ele>
      </trkpt>
      <trkpt lat="35.45855" lon="-82.64198">
        <ele>901.47</ele>
      </trkpt>
      <trkpt lat="35.4585" lon="-82.64201">
        <ele>902.0</ele>
      </trkpt>
      <trkpt lat="35.45845" lon="-82.64204">
        <ele>901.91</ele>
      </trkpt>
      <trkpt lat="35.4584" lon="-82.64207">
        <ele>901.3</ele>
      </trkpt>
      <trkpt lat="35.45835" lon="-82.64211">
        <ele>900.87</ele>
      </trkpt>
      <trkpt lat="35.45831" lon="-82.64214">
        <ele>900.47</ele>
      </trkpt>
      <trkpt lat="35.45827" lon="-82.64218">
        <ele>900.81</ele>
      </trkpt>
      <trkpt lat="35.45824" lon="-82.64223">
        <ele>902.32</ele>
      </trkpt>
      <trkpt lat="35.45821" lon="-82.64228">
        <ele>903.62</ele>
      </trkpt>
      <trkpt lat="35.45818" lon="-82.64234">
        <ele>905.12</ele>
      </trkpt>
      <trkpt lat="35.45813" lon="-82.64237">
        <ele>905.7</ele>
      </trkpt>
      <trkpt lat="35.45808" lon="-82.64237">
        <ele>906.57</ele>
      </trkpt>
      <trkpt lat="35.45804" lon="-82.64233">
        <ele>907.87</ele>
      </trkpt>
      <trkpt lat="35.45804" lon="-82.64227">
        <ele>907.84</ele>
      </trkpt>
      <trkpt lat="35.45803" lon="-82.6422">
        <ele>908.21</ele>
      </trkpt>
      <trkpt lat="35.45803" lon="-82.64214">
        <ele>907.74</ele>
      </trkpt>
      <trkpt lat="35.45803" lon="-82.64207">
        <ele>907.66</ele>
      </trkpt>
      <trkpt lat="35.45803" lon="-82.64201">
        <ele>907.44</ele>
      </trkpt>
      <trkpt lat="35.45803" lon="-82.64194">
        <ele>906.95</ele>
      </trkpt>
      <trkpt lat="35.45803" lon="-82.64187">
        <ele>907.15</ele>
      </trkpt>
      <trkpt lat="35.45804" lon="-82.64181">
        <ele>906.72</ele>
      </trkpt>
      <trkpt lat="35.45804" lon="-82.64174">
        <ele>907.18</ele>
      </trkpt>
      <trkpt lat="35.45803" lon="-82.64168">
        <ele>907.93</ele>
      </trkpt>
      <trkpt lat="35.45804" lon="-82.64161">
        <ele>907.07</ele>
      </trkpt>
      <trkpt lat="35.45802" lon="-82.64155">
        <ele>908.04</ele>
      </trkpt>
      <trkpt lat="35.45799" lon="-82.64149">
        <ele>909.34</ele>
      </trkpt>
      <trkpt lat="35.45797" lon="-82.64143">
        <ele>909.99</ele>
      </trkpt>
      <trkpt lat="35.45795" lon="-82.64138">
        <ele>910.37</ele>
      </trkpt>
      <trkpt lat="35.45791" lon="-82.64132">
        <ele>910.8</ele>
      </trkpt>
      <trkpt lat="35.45788" lon="-82.64127">
        <ele>910.73</ele>
      </trkpt>
      <trkpt lat="35.45784" lon="-82.64121">
        <ele>910.19</ele>
      </trkpt>
      <trkpt lat="35.45779" lon="-82.64116">
        <ele>909.72</ele>
      </trkpt>
      <trkpt lat="35.45775" lon="-82.64111">
        <ele>908.54</ele>
      </trkpt>
      <trkpt lat="35.4577" lon="-82.64107">
        <ele>907.46</ele>
      </trkpt>
      <trkpt lat="35.45764" lon="-82.64107">
        <ele>908.27</ele>
      </trkpt>
      <trkpt lat="35.45759" lon="-82.64107">
        <ele>908.78</ele>
      </trkpt>
      <trkpt lat="35.45753" lon="-82.64106">
        <ele>908.24</ele>
      </trkpt>
      <trkpt lat="35.45747" lon="-82.64106">
        <ele>908.24</ele>
      </trkpt>
      <trkpt lat="35.45743" lon="-82.6411">
        <ele>910.4</ele>
      </trkpt>
      <trkpt lat="35.45739" lon="-82.64114">
        <ele>911.93</ele>
      </trkpt>
      <trkpt lat="35.45734" lon="-82.64115">
        <ele>911.53</ele>
      </trkpt>
      <trkpt lat="35.45729" lon="-82.64114">
        <ele>910.21</ele>
      </trkpt>
      <trkpt lat="35.45723" lon="-82.64115">
        <ele>909.8</ele>
      </trkpt>
      <trkpt lat="35.45718" lon="-82.64114">
        <ele>909.11</ele>
      </trkpt>
      <trkpt lat="35.45712" lon="-82.64115">
        <ele>909.54</ele>
      </trkpt>
      <trkpt lat="35.45707" lon="-82.64112">
        <ele>910.68</ele>
      </trkpt>
      <trkpt lat="35.45703" lon="-82.64106">
        <ele>912.3</ele>
      </trkpt>
      <trkpt lat="35.45703" lon="-82.641">
        <ele>912.32</ele>
      </trkpt>
      <trkpt lat="35.45704" lon="-82.64093">
        <ele>911.87</ele>
      </trkpt>
      <trkpt lat="35.45706" lon="-82.64086">
        <ele>912.26</ele>
      </trkpt>
      <trkpt lat="35.45707" lon="-82.64079">
        <ele>913.16</ele>
      </trkpt>
      <trkpt lat="35.45708" lon="-82.64072">
        <ele>914.23</ele>
      </trkpt>
      <trkpt lat="35.45711" lon="-82.64066">
        <ele>914.49</ele>
      </trkpt>
      <trkpt lat="35.45713" lon="-82.6406">
        <ele>915.02</ele>
      </trkpt>
      <trkpt lat="35.45715" lon="-82.64054">
        <ele>915.4</ele>
      </trkpt>
      <trkpt lat="35.45718" lon="-82.64049">
        <ele>915.4</ele>
      </trkpt>
      <trkpt lat="35.45722" lon="-82.64044">
        <ele>914.62</ele>
      </trkpt>
      <trkpt lat="35.45725" lon="-82.64039">
        <ele>914.55</ele>
      </trkpt>
      <trkpt lat="35.45728" lon="-82.64034">
        <ele>915.44</ele>
      </trkpt>
      <trkpt lat="35.45732" lon="-82.64031">
        <ele>915.48</ele>
      </trkpt>
      <trkpt lat="35.45735" lon="-82.64026">
        <ele>917.01</ele>
      </trkpt>
      <trkpt lat="35.4574" lon="-82.64022">
        <ele>917.66</ele>
      </trkpt>
      <trkpt lat="35.45743" lon="-82.64017">
        <ele>918.43</ele>
      </trkpt>
      <trkpt lat="35.45747" lon="-82.64013">
        <ele>918.29</ele>
      </trkpt>
      <trkpt lat="35.4575" lon="-82.64008">
        <ele>919.27</ele>
      </trkpt>
      <trkpt lat="35.45754" lon="-82.64004">
        <ele>918.41</ele>
      </trkpt>
      <trkpt lat="35.45756" lon="-82.63997">
        <ele>918.73</ele>
      </trkpt>
      <trkpt lat="35.45758" lon="-82.63991">
        <ele>918.52</ele>
      </trkpt>
      <trkpt lat="35.45759" lon="-82.63984">
        <ele>918.86</ele>
      </trkpt>
      <trkpt lat="35.45759" lon="-82.63978">
        <ele>919.51</ele>
      </trkpt>
      <trkpt lat="35.45759" lon="-82.63971">
        <ele>920.11</ele>
      </trkpt>
      <trkpt lat="35.45759" lon="-82.63965">
        <ele>920.11</ele>
      </trkpt>
      <trkpt lat="35.45758" lon="-82.63958">
        <ele>920.01</ele>
      </trkpt>
      <trkpt lat="35.45757" lon="-82.63952">
        <ele>919.65</ele>
      </trkpt>
      <trkpt lat="35.45757" lon="-82.63946">
        <ele>918.52</ele>
      </trkpt>
      <trkpt lat="35.45756" lon="-82.63939">
        <ele>918.17</ele>
      </trkpt>
      <trkpt lat="35.45755" lon="-82.63933">
        <ele>918.3</ele>
      </trkpt>
      <trkpt lat="35.45755" lon="-82.63926">
        <ele>918.3</ele>
      </trkpt>
      <trkpt lat="35.45755" lon="-82.6392">
        <ele>918.94</ele>
      </trkpt>
      <trkpt lat="35.45756" lon="-82.63913">
        <ele>919.41</ele>
      </trkpt>
      <trkpt lat="35.45757" lon="-82.63906">
        <ele>920.17</ele>
      </trkpt>
      <trkpt lat="35.45758" lon="-82.63899">
        <ele>920.58</ele>
      </trkpt>
      <trkpt lat="35.4576" lon="-82.63892">
        <ele>920.34</ele>
      </trkpt>
      <trkpt lat="35.45761" lon="-82.63886">
        <ele>920.5</ele>
      </trkpt>
      <trkpt lat="35.45761" lon="-82.63879">
        <ele>921.06</ele>
      </trkpt>
      <trkpt lat="35.45761" lon="-82.63872">
        <ele>921.06</ele>
      </trkpt>
      <trkpt lat="35.4576" lon="-82.63866">
        <ele>922.07</ele>
      </trkpt>
      <trkpt lat="35.4576" lon="-82.6386">
        <ele>922.73</ele>
      </trkpt>
      <trkpt lat="35.45763" lon="-82.63854">
        <ele>922.06</ele>
      </trkpt>
      <trkpt lat="35.45766" lon="-82.63849">
        <ele>921.31</ele>
      </trkpt>
      <trkpt lat="35.45769" lon="-82.63844">
        <ele>920.68</ele>
      </trkpt>
      <trkpt lat="35.45772" lon="-82.63839">
        <ele>920.65</ele>
      </trkpt>
      <trkpt lat="35.45775" lon="-82.63834">
        <ele>920.76</ele>
      </trkpt>
      <trkpt lat="35.45778" lon="-82.63829">
        <ele>920.83</ele>
      </trkpt>
      <trkpt lat="35.45783" lon="-82.63825">
        <ele>919.49</ele>
      </trkpt>
      <trkpt lat="35.45787" lon="-82.63821">
        <ele>919.01</ele>
      </trkpt>
      <trkpt lat="35.45791" lon="-82.63817">
        <ele>918.15</ele>
      </trkpt>
      <trkpt lat="35.45795" lon="-82.63814">
        <ele>917.03</ele>
      </trkpt>
      <trkpt lat="35.458" lon="-82.63811">
        <ele>915.65</ele>
      </trkpt>
      <trkpt lat="35.45804" lon="-82.63807">
        <ele>915.22</ele>
      </trkpt>
      <trkpt lat="35.45808" lon="-82.63803">
        <ele>915.32</ele>
      </trkpt>
      <trkpt lat="35.45813" lon="-82.638">
        <ele>914.78</ele>
      </trkpt>
      <trkpt lat="35.45817" lon="-82.63796">
        <ele>915.18</ele>
      </trkpt>
      <trkpt lat="35.45822" lon="-82.63792">
        <ele>914.75</ele>
      </trkpt>
      <trkpt lat="35.45826" lon="-82.63789">
        <ele>914.74</ele>
      </trkpt>
      <trkpt lat="35.4583" lon="-82.63785">
        <ele>915.46</ele>
      </trkpt>
      <trkpt lat="35.45833" lon="-82.6378">
        <ele>916.38</ele>
      </trkpt>
      <trkpt lat="35.45837" lon="-82.63776">
        <ele>916.58</ele>
      </trkpt>
      <trkpt lat="35.45841" lon="-82.63771">
        <ele>917.44</ele>
      </trkpt>
      <trkpt lat="35.45846" lon="-82.63769">
        <ele>917.08</ele>
      </trkpt>
      <trkpt lat="35.45852" lon="-82.63766">
        <ele>916.78</ele>
      </trkpt>
      <trkpt lat="35.45858" lon="-82.63765">
        <ele>915.81</ele>
      </trkpt>
      <trkpt lat="35.45864" lon="-82.63763">
        <ele>915.48</ele>
      </trkpt>
      <trkpt lat="35.45869" lon="-82.63762">
        <ele>915.26</ele>
      </trkpt>
      <trkpt lat="35.45875" lon="-82.63762">
        <ele>914.11</ele>
      </trkpt>
      <trkpt lat="35.45881" lon="-82.63762">
        <ele>912.92</ele>
      </trkpt>
      <trkpt lat="35.45887" lon="-82.63761">
        <ele>912.49</ele>
      </trkpt>
      <trkpt lat="35.45892" lon="-82.63761">
        <ele>911.64</ele>
      </trkpt>
      <trkpt lat="35.45898" lon="-82.63759">
        <ele>911.14</ele>
      </trkpt>
      <trkpt lat="35.45904" lon="-82.63757">
        <ele>911.34</ele>
      </trkpt>
      <trkpt lat="35.4591" lon="-82.63755">
        <ele>911.56</ele>
      </trkpt>
      <trkpt lat="35.45916" lon="-82.63752">
        <ele>912.21</ele>
      </trkpt>
      <trkpt lat="35.45921" lon="-82.6375">
        <ele>912.06</ele>
      </trkpt>
      <trkpt lat="35.45926" lon="-82.63747">
        <ele>911.96</ele>
      </trkpt>
      <trkpt lat="35.45931" lon="-82.63744">
        <ele>912.4</ele>
      </trkpt>
      <trkpt lat="35.45935" lon="-82.6374">
        <ele>913.26</ele>
      </trkpt>
      <trkpt lat="35.4594" lon="-82.63737">
        <ele>913.48</ele>
      </trkpt>
      <trkpt lat="35.45945" lon="-82.63734">
        <ele>913.38</ele>
      </trkpt>
      <trkpt lat="35.4595" lon="-82.63732">
        <ele>913.25</ele>
      </trkpt>
      <trkpt lat="35.45955" lon="-82.63729">
        <ele>913.54</ele>
      </trkpt>
      <trkpt lat="35.45961" lon="-82.63727">
        <ele>913.97</ele>
      </trkpt>
      <trkpt lat="35.45967" lon="-82.63725">
        <ele>914.27</ele>
      </trkpt>
      <trkpt lat="35.45973" lon="-82.63723">
        <ele>914.75</ele>
      </trkpt>
      <trkpt lat="35.45979" lon="-82.63721">
        <ele>915.26</ele>
      </trkpt>
      <trkpt lat="35.45985" lon="-82.6372">
        <ele>914.81</ele>
      </trkpt>
      <trkpt lat="35.45991" lon="-82.63718">
        <ele>914.34</ele>
      </trkpt>
      <trkpt lat="35.45997" lon="-82.63716">
        <ele>914.34</ele>
      </trkpt>
      <trkpt lat="35.46003" lon="-82.63714">
        <ele>914.7</ele>
      </trkpt>
      <trkpt lat="35.46009" lon="-82.63712">
        <ele>915.31</ele>
      </trkpt>
      <trkpt lat="35.46015" lon="-82.63711">
        <ele>916.26</ele>
      </trkpt>
      <trkpt lat="35.46021" lon="-82.63709">
        <ele>917.71</ele>
      </trkpt>
      <trkpt lat="35.46027" lon="-82.63707">
        <ele>919.17</ele>
      </trkpt>
      <trkpt lat="35.46034" lon="-82.63705">
        <ele>921.06</ele>
      </trkpt>
      <trkpt lat="35.46039" lon="-82.63705">
        <ele>921.96</ele>
      </trkpt>
      <trkpt lat="35.46044" lon="-82.6371">
        <ele>921.9</ele>
      </trkpt>
      <trkpt lat="35.46049" lon="-82.63714">
        <ele>922.07</ele>
      </trkpt>
      <trkpt lat="35.46054" lon="-82.63717">
        <ele>921.96</ele>
      </trkpt>
      <trkpt lat="35.46059" lon="-82.63716">
        <ele>922.72</ele>
      </trkpt>
      <trkpt lat="35.46062" lon="-82.63711">
        <ele>924.12</ele>
      </trkpt>
      <trkpt lat="35.46066" lon="-82.63707">
        <ele>925.42</ele>
      </trkpt>
      <trkpt lat="35.46069" lon="-82.63702">
        <ele>926.82</ele>
      </trkpt>
      <trkpt lat="35.46073" lon="-82.63698">
        <ele>928.12</ele>
      </trkpt>
      <trkpt lat="35.46077" lon="-82.63693">
        <ele>929.63</ele>
      </trkpt>
      <trkpt lat="35.46081" lon="-82.6369">
        <ele>930.71</ele>
      </trkpt>
      <trkpt lat="35.46085" lon="-82.63686">
        <ele>932.0</ele>
      </trkpt>
      <trkpt lat="35.46089" lon="-82.63682">
        <ele>932.96</ele>
      </trkpt>
      <trkpt lat="35.46093" lon="-82.63678">
        <ele>933.85</ele>
      </trkpt>
      <trkpt lat="35.46098" lon="-82.63675">
        <ele>935.21</ele>
      </trkpt>
      <trkpt lat="35.46103" lon="-82.63672">
        <ele>936.18</ele>
      </trkpt>
      <trkpt lat="35.46107" lon="-82.63668">
        <ele>937.03</ele>
      </trkpt>
      <trkpt lat="35.46113" lon="-82.63666">
        <ele>938.2</ele>
      </trkpt>
      <trkpt lat="35.46117" lon="-82.63662">
        <ele>938.64</ele>
      </trkpt>
      <trkpt lat="35.46122" lon="-82.63659">
        <ele>939.21</ele>
      </trkpt>
      <trkpt lat="35.46127" lon="-82.63659">
        <ele>939.84</ele>
      </trkpt>
      <trkpt lat="35.46133" lon="-82.63659">
        <ele>940.54</ele>
      </trkpt>
      <trkpt lat="35.46139" lon="-82.63659">
        <ele>941.18</ele>
      </trkpt>
      <trkpt lat="35.46144" lon="-82.63659">
        <ele>941.72</ele>
      </trkpt>
      <trkpt lat="35.46151" lon="-82.63657">
        <ele>942.22</ele>
      </trkpt>
      <trkpt lat="35.46156" lon="-82.63656">
        <ele>942.54</ele>
      </trkpt>
      <trkpt lat="35.46162" lon="-82.63656">
        <ele>943.19</ele>
      </trkpt>
      <trkpt lat="35.46168" lon="-82.63656">
        <ele>943.86</ele>
      </trkpt>
      <trkpt lat="35.46178" lon="-82.63655">
        <ele>945.19</ele>
      </trkpt>
      <trkpt lat="35.46179" lon="-82.63655">
        <ele>945.4</ele>
      </trkpt>
      <trkpt lat="35.46185" lon="-82.63654">
        <ele>946.59</ele>
      </trkpt>
      <trkpt lat="35.46191" lon="-82.63654">
        <ele>947.89</ele>
      </trkpt>
      <trkpt lat="35.46197" lon="-82.63653">
        <ele>949.08</ele>
      </trkpt>
      <trkpt lat="35.46202" lon="-82.63653">
        <ele>950.16</ele>
      </trkpt>
      <trkpt lat="35.46208" lon="-82.63653">
        <ele>951.67</ele>
      </trkpt>
      <trkpt lat="35.46214" lon="-82.63651">
        <ele>953.22</ele>
      </trkpt>
      <trkpt lat="35.4622" lon="-82.6365">
        <ele>954.52</ele>
      </trkpt>
      <trkpt lat="35.46226" lon="-82.6365">
        <ele>956.14</ele>
      </trkpt>
      <trkpt lat="35.46231" lon="-82.6365">
        <ele>957.65</ele>
      </trkpt>
      <trkpt lat="35.46237" lon="-82.63649">
        <ele>959.15</ele>
      </trkpt>
      <trkpt lat="35.46243" lon="-82.6365">
        <ele>960.49</ele>
      </trkpt>
      <trkpt lat="35.46248" lon="-82.6365">
        <ele>961.57</ele>
      </trkpt>
      <trkpt lat="35.46254" lon="-82.63649">
        <ele>962.9</ele>
      </trkpt>
      <trkpt lat="35.4626" lon="-82.63649">
        <ele>964.25</ele>
      </trkpt>
      <trkpt lat="35.46265" lon="-82.6365">
        <ele>965.44</ele>
      </trkpt>
      <trkpt lat="35.46271" lon="-82.63649">
        <ele>966.87</ele>
      </trkpt>
      <trkpt lat="35.46277" lon="-82.63649">
        <ele>968.76</ele>
      </trkpt>
      <trkpt lat="35.46283" lon="-82.63649">
        <ele>970.13</ele>
      </trkpt>
      <trkpt lat="35.46288" lon="-82.63648">
        <ele>971.31</ele>
      </trkpt>
      <trkpt lat="35.46294" lon="-82.63646">
        <ele>973.08</ele>
      </trkpt>
      <trkpt lat="35.463" lon="-82.63645">
        <ele>974.6</ele>
      </trkpt>
      <trkpt lat="35.46307" lon="-82.63643">
        <ele>976.31</ele>
      </trkpt>
      <trkpt lat="35.46313" lon="-82.63641">
        <ele>977.61</ele>
      </trkpt>
      <trkpt lat="35.46318" lon="-82.63638">
        <ele>978.69</ele>
      </trkpt>
      <trkpt lat="35.46323" lon="-82.63635">
        <ele>979.77</ele>
      </trkpt>
      <trkpt lat="35.46328" lon="-82.63632">
        <ele>980.74</ele>
      </trkpt>
      <trkpt lat="35.46332" lon="-82.63628">
        <ele>981.71</ele>
      </trkpt>
      <trkpt lat="35.46335" lon="-82.63624">
        <ele>982.18</ele>
      </trkpt>
      <trkpt lat="35.46339" lon="-82.6362">
        <ele>982.57</ele>
      </trkpt>
      <trkpt lat="35.46342" lon="-82.63615">
        <ele>982.36</ele>
      </trkpt>
      <trkpt lat="35.46345" lon="-82.63609">
        <ele>982.0</ele>
      </trkpt>
      <trkpt lat="35.46347" lon="-82.63603">
        <ele>982.0</ele>
      </trkpt>
      <trkpt lat="35.46349" lon="-82.63597">
        <ele>981.48</ele>
      </trkpt>
      <trkpt lat="35.46349" lon="-82.6359">
        <ele>981.0</ele>
      </trkpt>
      <trkpt lat="35.46349" lon="-82.63584">
        <ele>981.0</ele>
      </trkpt>
      <trkpt lat="35.4635" lon="-82.63577">
        <ele>981.55</ele>
      </trkpt>
      <trkpt lat="35.4635" lon="-82.63571">
        <ele>981.8</ele>
      </trkpt>
      <trkpt lat="35.4635" lon="-82.63564">
        <ele>981.71</ele>
      </trkpt>
      <trkpt lat="35.46351" lon="-82.63557">
        <ele>981.06</ele>
      </trkpt>
      <trkpt lat="35.46352" lon="-82.6355">
        <ele>980.4</ele>
      </trkpt>
      <trkpt lat="35.46352" lon="-82.63544">
        <ele>979.75</ele>
      </trkpt>
      <trkpt lat="35.46353" lon="-82.63537">
        <ele>979.0</ele>
      </trkpt>
      <trkpt lat="35.46353" lon="-82.6353">
        <ele>978.15</ele>
      </trkpt>
      <trkpt lat="35.46353" lon="-82.63524">
        <ele>977.06</ele>
      </trkpt>
      <trkpt lat="35.46353" lon="-82.63517">
        <ele>975.57</ele>
      </trkpt>
      <trkpt lat="35.46354" lon="-82.6351">
        <ele>974.14</ele>
      </trkpt>
      <trkpt lat="35.46356" lon="-82.63503">
        <ele>973.02</ele>
      </trkpt>
      <trkpt lat="35.46357" lon="-82.63496">
        <ele>971.39</ele>
      </trkpt>
      <trkpt lat="35.46357" lon="-82.6349">
        <ele>969.84</ele>
      </trkpt>
      <trkpt lat="35.46357" lon="-82.63483">
        <ele>968.33</ele>
      </trkpt>
      <trkpt lat="35.46357" lon="-82.63477">
        <ele>967.03</ele>
      </trkpt>
      <trkpt lat="35.46357" lon="-82.6347">
        <ele>965.52</ele>
      </trkpt>
      <trkpt lat="35.46358" lon="-82.63463">
        <ele>964.01</ele>
      </trkpt>
      <trkpt lat="35.46359" lon="-82.63456">
        <ele>962.32</ele>
      </trkpt>
      <trkpt lat="35.4636" lon="-82.63449">
        <ele>960.36</ele>
      </trkpt>
      <trkpt lat="35.4636" lon="-82.63443">
        <ele>958.71</ele>
      </trkpt>
      <trkpt lat="35.4636" lon="-82.63436">
        <ele>957.86</ele>
      </trkpt>
      <trkpt lat="35.46361" lon="-82.6343">
        <ele>956.3</ele>
      </trkpt>
      <trkpt lat="35.46359" lon="-82.63423">
        <ele>954.21</ele>
      </trkpt>
      <trkpt lat="35.46358" lon="-82.63417">
        <ele>953.06</ele>
      </trkpt>
      <trkpt lat="35.46358" lon="-82.63411">
        <ele>952.18</ele>
      </trkpt>
      <trkpt lat="35.46357" lon="-82.63404">
        <ele>951.19</ele>
      </trkpt>
      <trkpt lat="35.46356" lon="-82.63398">
        <ele>950.43</ele>
      </trkpt>
      <trkpt lat="35.46356" lon="-82.63392">
        <ele>949.78</ele>
      </trkpt>
      <trkpt lat="35.46355" lon="-82.63385">
        <ele>948.92</ele>
      </trkpt>
      <trkpt lat="35.46354" lon="-82.63379">
        <ele>948.15</ele>
      </trkpt>
      <trkpt lat="35.46353" lon="-82.63373">
        <ele>947.32</ele>
      </trkpt>
      <trkpt lat="35.46352" lon="-82.63367">
        <ele>946.28</ele>
      </trkpt>
      <trkpt lat="35.46351" lon="-82.6336">
        <ele>944.79</ele>
      </trkpt>
      <trkpt lat="35.4635" lon="-82.63354">
        <ele>944.03</ele>
      </trkpt>
      <trkpt lat="35.46349" lon="-82.63348">
        <ele>943.4</ele>
      </trkpt>
      <trkpt lat="35.46349" lon="-82.63341">
        <ele>943.0</ele>
      </trkpt>
      <trkpt lat="35.46348" lon="-82.63335">
        <ele>943.0</ele>
      </trkpt>
      <trkpt lat="35.46347" lon="-82.63329">
        <ele>943.0</ele>
      </trkpt>
      <trkpt lat="35.46346" lon="-82.63323">
        <ele>943.0</ele>
      </trkpt>
      <trkpt lat="35.46345" lon="-82.63317">
        <ele>943.0</ele>
      </trkpt>
      <trkpt lat="35.46342" lon="-82.63311">
        <ele>942.96</ele>
      </trkpt>
      <trkpt lat="35.46341" lon="-82.63304">
        <ele>943.17</ele>
      </trkpt>
      <trkpt lat="35.4634" lon="-82.63298">
        <ele>943.82</ele>
      </trkpt>
      <trkpt lat="35.46339" lon="-82.63292">
        <ele>944.46</ele>
      </trkpt>
      <trkpt lat="35.46338" lon="-82.63286">
        <ele>945.06</ele>
      </trkpt>
      <trkpt lat="35.46338" lon="-82.63279">
        <ele>945.43</ele>
      </trkpt>
      <trkpt lat="35.46337" lon="-82.63273">
        <ele>945.81</ele>
      </trkpt>
      <trkpt lat="35.46336" lon="-82.63267">
        <ele>946.16</ele>
      </trkpt>
      <trkpt lat="35.46336" lon="-82.6326">
        <ele>946.92</ele>
      </trkpt>
      <trkpt lat="35.46336" lon="-82.63253">
        <ele>947.68</ele>
      </trkpt>
      <trkpt lat="35.46335" lon="-82.63247">
        <ele>948.27</ele>
      </trkpt>
      <trkpt lat="35.46335" lon="-82.63241">
        <ele>948.8</ele>
      </trkpt>
      <trkpt lat="35.46335" lon="-82.63234">
        <ele>949.55</ele>
      </trkpt>
      <trkpt lat="35.46335" lon="-82.63228">
        <ele>949.89</ele>
      </trkpt>
      <trkpt lat="35.46334" lon="-82.63221">
        <ele>950.01</ele>
      </trkpt>
      <trkpt lat="35.46334" lon="-82.63215">
        <ele>950.06</ele>
      </trkpt>
      <trkpt lat="35.46334" lon="-82.63208">
        <ele>950.57</ele>
      </trkpt>
      <trkpt lat="35.46334" lon="-82.63201">
        <ele>951.02</ele>
      </trkpt>
      <trkpt lat="35.46335" lon="-82.63195">
        <ele>951.17</ele>
      </trkpt>
      <trkpt lat="35.46335" lon="-82.63188">
        <ele>951.88</ele>
      </trkpt>
      <trkpt lat="35.46335" lon="-82.63182">
        <ele>952.52</ele>
      </trkpt>
      <trkpt lat="35.46335" lon="-82.63175">
        <ele>953.36</ele>
      </trkpt>
      <trkpt lat="35.46334" lon="-82.63164">
        <ele>955.29</ele>
      </trkpt>
      <trkpt lat="35.46334" lon="-82.63162">
        <ele>955.5</ele>
      </trkpt>
      <trkpt lat="35.46334" lon="-82.63156">
        <ele>956.3</ele>
      </trkpt>
      <trkpt lat="35.46334" lon="-82.63149">
        <ele>957.82</ele>
      </trkpt>
      <trkpt lat="35.46334" lon="-82.63143">
        <ele>958.6</ele>
      </trkpt>
      <trkpt lat="35.46334" lon="-82.63136">
        <ele>959.7</ele>
      </trkpt>
      <trkpt lat="35.46336" lon="-82.63129">
        <ele>961.36</ele>
      </trkpt>
      <trkpt lat="35.46337" lon="-82.63122">
        <ele>962.22</ele>
      </trkpt>
      <trkpt lat="35.46337" lon="-82.63115">
        <ele>962.98</ele>
      </trkpt>
      <trkpt lat="35.46337" lon="-82.63109">
        <ele>963.49</ele>
      </trkpt>
      <trkpt lat="35.46338" lon="-82.63102">
        <ele>964.0</ele>
      </trkpt>
      <trkpt lat="35.46338" lon="-82.63096">
        <ele>964.33</ele>
      </trkpt>
      <trkpt lat="35.46338" lon="-82.63089">
        <ele>964.51</ele>
      </trkpt>
      <trkpt lat="35.46339" lon="-82.63082">
        <ele>964.84</ele>
      </trkpt>
      <trkpt lat="35.4634" lon="-82.63075">
        <ele>965.16</ele>
      </trkpt>
      <trkpt lat="35.46342" lon="-82.63068">
        <ele>965.15</ele>
      </trkpt>
      <trkpt lat="35.46343" lon="-82.63061">
        <ele>964.68</ele>
      </trkpt>
      <trkpt lat="35.46344" lon="-82.63054">
        <ele>963.99</ele>
      </trkpt>
      <trkpt lat="35.46344" lon="-82.63048">
        <ele>962.8</ele>
      </trkpt>
      <trkpt lat="35.46345" lon="-82.63041">
        <ele>961.64</ele>
      </trkpt>
      <trkpt lat="35.46344" lon="-82.63035">
        <ele>960.02</ele>
      </trkpt>
      <trkpt lat="35.46345" lon="-82.6303">
        <ele>959.26</ele>
      </trkpt>
      <trkpt lat="35.46348" lon="-82.63024">
        <ele>958.53</ele>
      </trkpt>
      <trkpt lat="35.4635" lon="-82.63018">
        <ele>957.29</ele>
      </trkpt>
      <trkpt lat="35.46353" lon="-82.63014">
        <ele>957.34</ele>
      </trkpt>
      <trkpt lat="35.46355" lon="-82.63007">
        <ele>955.95</ele>
      </trkpt>
      <trkpt lat="35.46359" lon="-82.63003">
        <ele>955.52</ele>
      </trkpt>
      <trkpt lat="35.46362" lon="-82.62998">
        <ele>954.74</ele>
      </trkpt>
      <trkpt lat="35.46366" lon="-82.62994">
        <ele>954.42</ele>
      </trkpt>
      <trkpt lat="35.46369" lon="-82.62989">
        <ele>953.29</ele>
      </trkpt>
      <trkpt lat="35.46375" lon="-82.62987">
        <ele>953.29</ele>
      </trkpt>
      <trkpt lat="35.4638" lon="-82.62984">
        <ele>952.78</ele>
      </trkpt>
      <trkpt lat="35.46386" lon="-82.62983">
        <ele>951.8</ele>
      </trkpt>
      <trkpt lat="35.46392" lon="-82.62981">
        <ele>950.12</ele>
      </trkpt>
      <trkpt lat="35.46398" lon="-82.62981">
        <ele>948.82</ele>
      </trkpt>
      <trkpt lat="35.46403" lon="-82.62984">
        <ele>948.9</ele>
      </trkpt>
      <trkpt lat="35.46408" lon="-82.62989">
        <ele>949.24</ele>
      </trkpt>
      <trkpt lat="35.46412" lon="-82.62995">
        <ele>949.66</ele>
      </trkpt>
      <trkpt lat="35.46417" lon="-82.63">
        <ele>948.86</ele>
      </trkpt>
      <trkpt lat="35.46422" lon="-82.63005">
        <ele>947.24</ele>
      </trkpt>
      <trkpt lat="35.46427" lon="-82.63008">
        <ele>945.3</ele>
      </trkpt>
      <trkpt lat="35.46431" lon="-82.63007">
        <ele>943.15</ele>
      </trkpt>
      <trkpt lat="35.46434" lon="-82.63001">
        <ele>941.53</ele>
      </trkpt>
      <trkpt lat="35.46434" lon="-82.62995">
        <ele>940.5</ele>
      </trkpt>
      <trkpt lat="35.46433" lon="-82.62988">
        <ele>939.52</ele>
      </trkpt>
      <trkpt lat="35.46432" lon="-82.62982">
        <ele>938.51</ele>
      </trkpt>
      <trkpt lat="35.46432" lon="-82.62976">
        <ele>936.01</ele>
      </trkpt>
      <trkpt lat="35.46431" lon="-82.62973">
        <ele>935.14</ele>
      </trkpt>
      <trkpt lat="35.46433" lon="-82.62973">
        <ele>934.28</ele>
      </trkpt>
      <trkpt lat="35.46439" lon="-82.62975">
        <ele>932.14</ele>
      </trkpt>
      <trkpt lat="35.46444" lon="-82.62978">
        <ele>930.74</ele>
      </trkpt>
      <trkpt lat="35.46449" lon="-82.62984">
        <ele>931.21</ele>
      </trkpt>
      <trkpt lat="35.46451" lon="-82.6299">
        <ele>931.98</ele>
      </trkpt>
      <trkpt lat="35.46453" lon="-82.62995">
        <ele>931.34</ele>
      </trkpt>
      <trkpt lat="35.46456" lon="-82.62998">
        <ele>929.95</ele>
      </trkpt>
      <trkpt lat="35.46459" lon="-82.62995">
        <ele>928.4</ele>
      </trkpt>
      <trkpt lat="35.46463" lon="-82.62991">
        <ele>926.01</ele>
      </trkpt>
      <trkpt lat="35.46466" lon="-82.62986">
        <ele>924.18</ele>
      </trkpt>
      <trkpt lat="35.4647" lon="-82.62982">
        <ele>922.02</ele>
      </trkpt>
      <trkpt lat="35.46473" lon="-82.62979">
        <ele>919.7</ele>
      </trkpt>
      <trkpt lat="35.46478" lon="-82.62983">
        <ele>919.19</ele>
      </trkpt>
      <trkpt lat="35.46482" lon="-82.62985">
        <ele>917.81</ele>
      </trkpt>
      <trkpt lat="35.46487" lon="-82.62984">
        <ele>916.05</ele>
      </trkpt>
      <trkpt lat="35.4649" lon="-82.62979">
        <ele>914.68</ele>
      </trkpt>
      <trkpt lat="35.46494" lon="-82.62975">
        <ele>912.93</ele>
      </trkpt>
      <trkpt lat="35.46499" lon="-82.62971">
        <ele>911.83</ele>
      </trkpt>
      <trkpt lat="35.46503" lon="-82.62967">
        <ele>910.27</ele>
      </trkpt>
      <trkpt lat="35.46506" lon="-82.62962">
        <ele>909.11</ele>
      </trkpt>
      <trkpt lat="35.4651" lon="-82.62959">
        <ele>908.02</ele>
      </trkpt>
      <trkpt lat="35.46513" lon="-82.62953">
        <ele>906.29</ele>
      </trkpt>
      <trkpt lat="35.46517" lon="-82.62951">
        <ele>905.0</ele>
      </trkpt>
      <trkpt lat="35.46522" lon="-82.62955">
        <ele>905.34</ele>
      </trkpt>
      <trkpt lat="35.46527" lon="-82.62959">
        <ele>904.22</ele>
      </trkpt>
      <trkpt lat="35.46532" lon="-82.62963">
        <ele>902.63</ele>
      </trkpt>
      <trkpt lat="35.46537" lon="-82.62963">
        <ele>901.0</ele>
      </trkpt>
      <trkpt lat="35.46544" lon="-82.62961">
        <ele>898.74</ele>
      </trkpt>
      <trkpt lat="35.46549" lon="-82.62961">
        <ele>897.12</ele>
      </trkpt>
      <trkpt lat="35.46554" lon="-82.6296">
        <ele>895.5</ele>
      </trkpt>
      <trkpt lat="35.46559" lon="-82.6296">
        <ele>894.38</ele>
      </trkpt>
      <trkpt lat="35.46564" lon="-82.62957">
        <ele>893.76</ele>
      </trkpt>
      <trkpt lat="35.46568" lon="-82.62954">
        <ele>893.62</ele>
      </trkpt>
      <trkpt lat="35.46572" lon="-82.6295">
        <ele>893.22</ele>
      </trkpt>
      <trkpt lat="35.46576" lon="-82.62947">
        <ele>892.94</ele>
      </trkpt>
      <trkpt lat="35.4658" lon="-82.62943">
        <ele>893.0</ele>
      </trkpt>
      <trkpt lat="35.46583" lon="-82.62938">
        <ele>893.0</ele>
      </trkpt>
      <trkpt lat="35.46588" lon="-82.62937">
        <ele>892.9</ele>
      </trkpt>
      <trkpt lat="35.46594" lon="-82.62937">
        <ele>892.62</ele>
      </trkpt>
      <trkpt lat="35.46599" lon="-82.62938">
        <ele>891.79</ele>
      </trkpt>
      <trkpt lat="35.46604" lon="-82.62935">
        <ele>891.77</ele>
      </trkpt>
      <trkpt lat="35.46608" lon="-82.62932">
        <ele>891.56</ele>
      </trkpt>
      <trkpt lat="35.46613" lon="-82.62929">
        <ele>891.8</ele>
      </trkpt>
      <trkpt lat="35.46618" lon="-82.62926">
        <ele>892.73</ele>
      </trkpt>
      <trkpt lat="35.46624" lon="-82.62924">
        <ele>893.42</ele>
      </trkpt>
      <trkpt lat="35.4663" lon="-82.62922">
        <ele>893.82</ele>
      </trkpt>
      <trkpt lat="35.46636" lon="-82.62922">
        <ele>893.45</ele>
      </trkpt>
      <trkpt lat="35.46642" lon="-82.62921">
        <ele>893.44</ele>
      </trkpt>
      <trkpt lat="35.46648" lon="-82.62921">
        <ele>893.14</ele>
      </trkpt>
      <trkpt lat="35.46653" lon="-82.62921">
        <ele>892.33</ele>
      </trkpt>
      <trkpt lat="35.46659" lon="-82.6292">
        <ele>891.86</ele>
      </trkpt>
      <trkpt lat="35.46665" lon="-82.62918">
        <ele>892.45</ele>
      </trkpt>
      <trkpt lat="35.46671" lon="-82.62917">
        <ele>892.4</ele>
      </trkpt>
      <trkpt lat="35.46677" lon="-82.62915">
        <ele>892.7</ele>
      </trkpt>
      <trkpt lat="35.46683" lon="-82.62913">
        <ele>893.28</ele>
      </trkpt>
      <trkpt lat="35.46689" lon="-82.62911">
        <ele>893.42</ele>
      </trkpt>
      <trkpt lat="35.46695" lon="-82.62909">
        <ele>893.41</ele>
      </trkpt>
      <trkpt lat="35.46703" lon="-82.62907">
        <ele>893.21</ele>
      </trkpt>
      <trkpt lat="35.46707" lon="-82.62906">
        <ele>892.8</ele>
      </trkpt>
      <trkpt lat="35.46713" lon="-82.62904">
        <ele>892.46</ele>
      </trkpt>
      <trkpt lat="35.46719" lon="-82.62902">
        <ele>891.65</ele>
      </trkpt>
      <trkpt lat="35.46725" lon="-82.629">
        <ele>891.04</ele>
      </trkpt>
      <trkpt lat="35.46731" lon="-82.62898">
        <ele>891.12</ele>
      </trkpt>
      <trkpt lat="35.46737" lon="-82.62897">
        <ele>890.38</ele>
      </trkpt>
      <trkpt lat="35.46744" lon="-82.62895">
        <ele>890.23</ele>
      </trkpt>
      <trkpt lat="35.4675" lon="-82.62893">
        <ele>890.22</ele>
      </trkpt>
      <trkpt lat="35.46755" lon="-82.62891">
        <ele>890.55</ele>
      </trkpt>
      <trkpt lat="35.46762" lon="-82.62889">
        <ele>890.66</ele>
      </trkpt>
      <trkpt lat="35.46768" lon="-82.62888">
        <ele>890.44</ele>
      </trkpt>
      <trkpt lat="35.46774" lon="-82.62886">
        <ele>890.66</ele>
      </trkpt>
      <trkpt lat="35.4678" lon="-82.62884">
        <ele>890.87</ele>
      </trkpt>
      <trkpt lat="35.46786" lon="-82.62882">
        <ele>891.09</ele>
      </trkpt>
      <trkpt lat="35.46792" lon="-82.6288">
        <ele>891.28</ele>
      </trkpt>
      <trkpt lat="35.46798" lon="-82.62878">
        <ele>891.34</ele>
      </trkpt>
      <trkpt lat="35.46804" lon="-82.62877">
        <ele>890.47</ele>
      </trkpt>
      <trkpt lat="35.4681" lon="-82.62875">
        <ele>890.04</ele>
      </trkpt>
      <trkpt lat="35.46816" lon="-82.62873">
        <ele>889.61</ele>
      </trkpt>
      <trkpt lat="35.46822" lon="-82.62871">
        <ele>889.18</ele>
      </trkpt>
      <trkpt lat="35.46828" lon="-82.62869">
        <ele>888.89</ele>
      </trkpt>
      <trkpt lat="35.46834" lon="-82.62868">
        <ele>888.21</ele>
      </trkpt>
      <trkpt lat="35.4684" lon="-82.62866">
        <ele>888.64</ele>
      </trkpt>
      <trkpt lat="35.46846" lon="-82.62864">
        <ele>889.07</ele>
      </trkpt>
      <trkpt lat="35.46852" lon="-82.62862">
        <ele>889.49</ele>
      </trkpt>
      <trkpt lat="35.46858" lon="-82.6286">
        <ele>889.27</ele>
      </trkpt>
      <trkpt lat="35.46864" lon="-82.62859">
        <ele>888.44</ele>
      </trkpt>
      <trkpt lat="35.4687" lon="-82.62857">
        <ele>887.87</ele>
      </trkpt>
      <trkpt lat="35.46876" lon="-82.62855">
        <ele>887.83</ele>
      </trkpt>
      <trkpt lat="35.46882" lon="-82.62853">
        <ele>888.16</ele>
      </trkpt>
      <trkpt lat="35.46888" lon="-82.62851">
        <ele>888.55</ele>
      </trkpt>
      <trkpt lat="35.46894" lon="-82.62851">
        <ele>888.46</ele>
      </trkpt>
      <trkpt lat="35.469" lon="-82.62849">
        <ele>889.74</ele>
      </trkpt>
      <trkpt lat="35.46905" lon="-82.62851">
        <ele>889.2</ele>
      </trkpt>
      <trkpt lat="35.4691" lon="-82.62854">
        <ele>888.85</ele>
      </trkpt>
      <trkpt lat="35.46915" lon="-82.62856">
        <ele>889.3</ele>
      </trkpt>
      <trkpt lat="35.46921" lon="-82.62859">
        <ele>889.44</ele>
      </trkpt>
      <trkpt lat="35.46926" lon="-82.62861">
        <ele>890.06</ele>
      </trkpt>
      <trkpt lat="35.46931" lon="-82.62863">
        <ele>890.37</ele>
      </trkpt>
      <trkpt lat="35.46937" lon="-82.62864">
        <ele>890.95</ele>
      </trkpt>
      <trkpt lat="35.46942" lon="-82.62866">
        <ele>890.62</ele>
      </trkpt>
      <trkpt lat="35.46948" lon="-82.62865">
        <ele>890.94</ele>
      </trkpt>
      <trkpt lat="35.46954" lon="-82.62864">
        <ele>890.69</ele>
      </trkpt>
      <trkpt lat="35.4696" lon="-82.62863">
        <ele>889.82</ele>
      </trkpt>
      <trkpt lat="35.46965" lon="-82.6286">
        <ele>889.82</ele>
      </trkpt>
      <trkpt lat="35.4697" lon="-82.62857">
        <ele>889.5</ele>
      </trkpt>
      <trkpt lat="35.46975" lon="-82.62854">
        <ele>889.7</ele>
      </trkpt>
      <trkpt lat="35.4698" lon="-82.62851">
        <ele>890.45</ele>
      </trkpt>
      <trkpt lat="35.46985" lon="-82.62848">
        <ele>891.03</ele>
      </trkpt>
      <trkpt lat="35.46991" lon="-82.62847">
        <ele>891.07</ele>
      </trkpt>
      <trkpt lat="35.46997" lon="-82.62845">
        <ele>891.28</ele>
      </trkpt>
      <trkpt lat="35.47003" lon="-82.62843">
        <ele>891.18</ele>
      </trkpt>
      <trkpt lat="35.47008" lon="-82.6284">
        <ele>891.35</ele>
      </trkpt>
      <trkpt lat="35.47013" lon="-82.62837">
        <ele>891.61</ele>
      </trkpt>
      <trkpt lat="35.47018" lon="-82.62834">
        <ele>891.82</ele>
      </trkpt>
      <trkpt lat="35.47023" lon="-82.62832">
        <ele>891.12</ele>
      </trkpt>
      <trkpt lat="35.47028" lon="-82.62829">
        <ele>890.85</ele>
      </trkpt>
      <trkpt lat="35.47034" lon="-82.62828">
        <ele>890.63</ele>
      </trkpt>
      <trkpt lat="35.4704" lon="-82.62828">
        <ele>890.3</ele>
      </trkpt>
      <trkpt lat="35.47046" lon="-82.62827">
        <ele>890.74</ele>
      </trkpt>
      <trkpt lat="35.47051" lon="-82.62829">
        <ele>890.11</ele>
      </trkpt>
      <trkpt lat="35.47057" lon="-82.62827">
        <ele>891.11</ele>
      </trkpt>
      <trkpt lat="35.47061" lon="-82.62823">
        <ele>892.22</ele>
      </trkpt>
      <trkpt lat="35.47066" lon="-82.6282">
        <ele>891.94</ele>
      </trkpt>
      <trkpt lat="35.47072" lon="-82.62817">
        <ele>890.96</ele>
      </trkpt>
      <trkpt lat="35.47077" lon="-82.62814">
        <ele>890.69</ele>
      </trkpt>
      <trkpt lat="35.47083" lon="-82.62812">
        <ele>889.99</ele>
      </trkpt>
      <trkpt lat="35.47089" lon="-82.62811">
        <ele>888.65</ele>
      </trkpt>
      <trkpt lat="35.47095" lon="-82.62809">
        <ele>889.03</ele>
      </trkpt>
      <trkpt lat="35.471" lon="-82.62809">
        <ele>890.11</ele>
      </trkpt>
      <trkpt lat="35.47106" lon="-82.62812">
        <ele>890.56</ele>
      </trkpt>
      <trkpt lat="35.4711" lon="-82.62817">
        <ele>889.7</ele>
      </trkpt>
      <trkpt lat="35.47115" lon="-82.62822">
        <ele>889.06</ele>
      </trkpt>
      <trkpt lat="35.4712" lon="-82.62826">
        <ele>889.05</ele>
      </trkpt>
      <trkpt lat="35.47125" lon="-82.6283">
        <ele>888.76</ele>
      </trkpt>
      <trkpt lat="35.4713" lon="-82.62834">
        <ele>888.75</ele>
      </trkpt>
      <trkpt lat="35.47135" lon="-82.62836">
        <ele>888.6</ele>
      </trkpt>
      <trkpt lat="35.4714" lon="-82.62839">
        <ele>888.28</ele>
      </trkpt>
      <trkpt lat="35.47146" lon="-82.62839">
        <ele>888.93</ele>
      </trkpt>
      <trkpt lat="35.47152" lon="-82.62838">
        <ele>889.07</ele>
      </trkpt>
      <trkpt lat="35.47157" lon="-82.62835">
        <ele>889.5</ele>
      </trkpt>
      <trkpt lat="35.47163" lon="-82.62833">
        <ele>888.3</ele>
      </trkpt>
      <trkpt lat="35.47166" lon="-82.62828">
        <ele>888.94</ele>
      </trkpt>
      <trkpt lat="35.4717" lon="-82.62824">
        <ele>888.58</ele>
      </trkpt>
      <trkpt lat="35.47173" lon="-82.62819">
        <ele>888.36</ele>
      </trkpt>
      <trkpt lat="35.47178" lon="-82.62815">
        <ele>887.06</ele>
      </trkpt>
      <trkpt lat="35.47182" lon="-82.62811">
        <ele>886.2</ele>
      </trkpt>
      <trkpt lat="35.47186" lon="-82.62808">
        <ele>885.25</ele>
      </trkpt>
      <trkpt lat="35.4719" lon="-82.62804">
        <ele>885.64</ele>
      </trkpt>
      <trkpt lat="35.47195" lon="-82.62801">
        <ele>886.4</ele>
      </trkpt>
      <trkpt lat="35.472" lon="-82.62798">
        <ele>887.48</ele>
      </trkpt>
      <trkpt lat="35.47205" lon="-82.62795">
        <ele>888.3</ele>
      </trkpt>
      <trkpt lat="35.47211" lon="-82.62793">
        <ele>888.13</ele>
      </trkpt>
      <trkpt lat="35.47217" lon="-82.62792">
        <ele>887.45</ele>
      </trkpt>
      <trkpt lat="35.47223" lon="-82.6279">
        <ele>887.21</ele>
      </trkpt>
      <trkpt lat="35.47229" lon="-82.62788">
        <ele>886.94</ele>
      </trkpt>
      <trkpt lat="35.47235" lon="-82.62786">
        <ele>886.35</ele>
      </trkpt>
      <trkpt lat="35.4724" lon="-82.62783">
        <ele>886.39</ele>
      </trkpt>
      <trkpt lat="35.47245" lon="-82.6278">
        <ele>886.99</ele>
      </trkpt>
      <trkpt lat="35.47251" lon="-82.62778">
        <ele>886.47</ele>
      </trkpt>
      <trkpt lat="35.47255" lon="-82.62774">
        <ele>886.47</ele>
      </trkpt>
      <trkpt lat="35.47259" lon="-82.6277">
        <ele>886.47</ele>
      </trkpt>
      <trkpt lat="35.47263" lon="-82.62766">
        <ele>886.36</ele>
      </trkpt>
      <trkpt lat="35.47267" lon="-82.62762">
        <ele>885.88</ele>
      </trkpt>
      <trkpt lat="35.4727" lon="-82.62757">
        <ele>885.41</ele>
      </trkpt>
      <trkpt lat="35.47273" lon="-82.62752">
        <ele>884.56</ele>
      </trkpt>
      <trkpt lat="35.47277" lon="-82.62747">
        <ele>883.48</ele>
      </trkpt>
      <trkpt lat="35.47279" lon="-82.62742">
        <ele>884.18</ele>
      </trkpt>
      <trkpt lat="35.47284" lon="-82.62739">
        <ele>883.67</ele>
      </trkpt>
      <trkpt lat="35.4729" lon="-82.62737">
        <ele>883.75</ele>
      </trkpt>
      <trkpt lat="35.47296" lon="-82.62738">
        <ele>883.47</ele>
      </trkpt>
      <trkpt lat="35.47301" lon="-82.62737">
        <ele>884.53</ele>
      </trkpt>
      <trkpt lat="35.47307" lon="-82.62738">
        <ele>884.48</ele>
      </trkpt>
      <trkpt lat="35.47312" lon="-82.62739">
        <ele>883.94</ele>
      </trkpt>
      <trkpt lat="35.47318" lon="-82.6274">
        <ele>883.72</ele>
      </trkpt>
      <trkpt lat="35.47324" lon="-82.62741">
        <ele>883.85</ele>
      </trkpt>
      <trkpt lat="35.47328" lon="-82.62743">
        <ele>882.88</ele>
      </trkpt>
      <trkpt lat="35.47334" lon="-82.62742">
        <ele>883.45</ele>
      </trkpt>
      <trkpt lat="35.4734" lon="-82.62741">
        <ele>883.87</ele>
      </trkpt>
      <trkpt lat="35.47346" lon="-82.62741">
        <ele>883.86</ele>
      </trkpt>
      <trkpt lat="35.47352" lon="-82.62741">
        <ele>883.84</ele>
      </trkpt>
      <trkpt lat="35.47357" lon="-82.6274">
        <ele>883.76</ele>
      </trkpt>
      <trkpt lat="35.47363" lon="-82.6274">
        <ele>883.12</ele>
      </trkpt>
      <trkpt lat="35.47369" lon="-82.62739">
        <ele>882.9</ele>
      </trkpt>
      <trkpt lat="35.47375" lon="-82.62738">
        <ele>882.68</ele>
      </trkpt>
      <trkpt lat="35.47381" lon="-82.62736">
        <ele>882.9</ele>
      </trkpt>
      <trkpt lat="35.47387" lon="-82.62734">
        <ele>883.12</ele>
      </trkpt>
      <trkpt lat="35.47392" lon="-82.62731">
        <ele>883.48</ele>
      </trkpt>
      <trkpt lat="35.47398" lon="-82.62729">
        <ele>882.84</ele>
      </trkpt>
      <trkpt lat="35.47401" lon="-82.62724">
        <ele>883.56</ele>
      </trkpt>
      <trkpt lat="35.47406" lon="-82.6272">
        <ele>882.73</ele>
      </trkpt>
      <trkpt lat="35.47409" lon="-82.62716">
        <ele>881.93</ele>
      </trkpt>
      <trkpt lat="35.47413" lon="-82.62711">
        <ele>880.88</ele>
      </trkpt>
      <trkpt lat="35.47414" lon="-82.62705">
        <ele>881.26</ele>
      </trkpt>
      <trkpt lat="35.47416" lon="-82.62699">
        <ele>880.87</ele>
      </trkpt>
      <trkpt lat="35.47418" lon="-82.62692">
        <ele>880.54</ele>
      </trkpt>
      <trkpt lat="35.47419" lon="-82.62685">
        <ele>880.73</ele>
      </trkpt>
      <trkpt lat="35.47419" lon="-82.62678">
        <ele>880.54</ele>
      </trkpt>
      <trkpt lat="35.47419" lon="-82.62672">
        <ele>880.49</ele>
      </trkpt>
      <trkpt lat="35.47419" lon="-82.62665">
        <ele>880.31</ele>
      </trkpt>
      <trkpt lat="35.47418" lon="-82.62659">
        <ele>880.31</ele>
      </trkpt>
      <trkpt lat="35.47417" lon="-82.62653">
        <ele>879.85</ele>
      </trkpt>
      <trkpt lat="35.47416" lon="-82.62646">
        <ele>878.97</ele>
      </trkpt>
      <trkpt lat="35.47415" lon="-82.6264">
        <ele>878.32</ele>
      </trkpt>
      <trkpt lat="35.47413" lon="-82.62634">
        <ele>879.38</ele>
      </trkpt>
      <trkpt lat="35.47412" lon="-82.62628">
        <ele>879.67</ele>
      </trkpt>
      <trkpt lat="35.47409" lon="-82.62622">
        <ele>880.32</ele>
      </trkpt>
      <trkpt lat="35.47408" lon="-82.62616">
        <ele>879.67</ele>
      </trkpt>
      <trkpt lat="35.47406" lon="-82.6261">
        <ele>879.27</ele>
      </trkpt>
      <trkpt lat="35.47404" lon="-82.62604">
        <ele>878.45</ele>
      </trkpt>
      <trkpt lat="35.47401" lon="-82.62598">
        <ele>878.34</ele>
      </trkpt>
      <trkpt lat="35.47399" lon="-82.62593">
        <ele>877.76</ele>
      </trkpt>
      <trkpt lat="35.47396" lon="-82.62587">
        <ele>877.58</ele>
      </trkpt>
      <trkpt lat="35.47392" lon="-82.62582">
        <ele>877.51</ele>
      </trkpt>
      <trkpt lat="35.4739" lon="-82.62576">
        <ele>876.17</ele>
      </trkpt>
      <trkpt lat="35.47386" lon="-82.6257">
        <ele>876.24</ele>
      </trkpt>
      <trkpt lat="35.47383" lon="-82.62565">
        <ele>876.24</ele>
      </trkpt>
      <trkpt lat="35.47379" lon="-82.62559">
        <ele>877.04</ele>
      </trkpt>
      <trkpt lat="35.47377" lon="-82.62553">
        <ele>876.58</ele>
      </trkpt>
      <trkpt lat="35.47374" lon="-82.62548">
        <ele>876.8</ele>
      </trkpt>
      <trkpt lat="35.4737" lon="-82.62542">
        <ele>876.81</ele>
      </trkpt>
      <trkpt lat="35.47366" lon="-82.62537">
        <ele>877.35</ele>
      </trkpt>
      <trkpt lat="35.47364" lon="-82.62531">
        <ele>876.04</ele>
      </trkpt>
      <trkpt lat="35.4736" lon="-82.62526">
        <ele>876.65</ele>
      </trkpt>
      <trkpt lat="35.4736" lon="-82.62519">
        <ele>874.96</ele>
      </trkpt>
      <trkpt lat="35.47359" lon="-82.62513">
        <ele>874.86</ele>
      </trkpt>
      <trkpt lat="35.47359" lon="-82.62506">
        <ele>874.99</ele>
      </trkpt>
      <trkpt lat="35.47359" lon="-82.625">
        <ele>876.14</ele>
      </trkpt>
      <trkpt lat="35.47359" lon="-82.62493">
        <ele>876.55</ele>
      </trkpt>
      <trkpt lat="35.47361" lon="-82.62487">
        <ele>876.44</ele>
      </trkpt>
      <trkpt lat="35.47363" lon="-82.62481">
        <ele>876.64</ele>
      </trkpt>
      <trkpt lat="35.47366" lon="-82.62475">
        <ele>876.64</ele>
      </trkpt>
      <trkpt lat="35.47369" lon="-82.62471">
        <ele>876.43</ele>
      </trkpt>
      <trkpt lat="35.47372" lon="-82.62466">
        <ele>876.32</ele>
      </trkpt>
      <trkpt lat="35.47374" lon="-82.6246">
        <ele>876.86</ele>
      </trkpt>
      <trkpt lat="35.47378" lon="-82.62455">
        <ele>877.07</ele>
      </trkpt>
      <trkpt lat="35.47381" lon="-82.6245">
        <ele>877.36</ele>
      </trkpt>
      <trkpt lat="35.47383" lon="-82.62444">
        <ele>877.96</ele>
      </trkpt>
      <trkpt lat="35.47386" lon="-82.62439">
        <ele>877.52</ele>
      </trkpt>
      <trkpt lat="35.47389" lon="-82.62434">
        <ele>877.08</ele>
      </trkpt>
      <trkpt lat="35.47392" lon="-82.62428">
        <ele>876.43</ele>
      </trkpt>
      <trkpt lat="35.47394" lon="-82.62422">
        <ele>876.03</ele>
      </trkpt>
      <trkpt lat="35.47396" lon="-82.62416">
        <ele>875.77</ele>
      </trkpt>
      <trkpt lat="35.47397" lon="-82.62409">
        <ele>876.2</ele>
      </trkpt>
      <trkpt lat="35.47399" lon="-82.62402">
        <ele>876.31</ele>
      </trkpt>
      <trkpt lat="35.474" lon="-82.62396">
        <ele>876.59</ele>
      </trkpt>
      <trkpt lat="35.474" lon="-82.62389">
        <ele>877.19</ele>
      </trkpt>
      <trkpt lat="35.47401" lon="-82.62382">
        <ele>876.02</ele>
      </trkpt>
      <trkpt lat="35.47399" lon="-82.62376">
        <ele>875.85</ele>
      </trkpt>
      <trkpt lat="35.47398" lon="-82.6237">
        <ele>874.93</ele>
      </trkpt>
      <trkpt lat="35.47393" lon="-82.62365">
        <ele>875.25</ele>
      </trkpt>
      <trkpt lat="35.47391" lon="-82.62359">
        <ele>874.58</ele>
      </trkpt>
      <trkpt lat="35.47388" lon="-82.62353">
        <ele>874.63</ele>
      </trkpt>
      <trkpt lat="35.47384" lon="-82.62348">
        <ele>874.86</ele>
      </trkpt>
      <trkpt lat="35.47381" lon="-82.62342">
        <ele>874.27</ele>
      </trkpt>
      <trkpt lat="35.47377" lon="-82.62337">
        <ele>874.76</ele>
      </trkpt>
      <trkpt lat="35.47373" lon="-82.62332">
        <ele>874.82</ele>
      </trkpt>
      <trkpt lat="35.47368" lon="-82.62327">
        <ele>875.22</ele>
      </trkpt>
      <trkpt lat="35.47363" lon="-82.62323">
        <ele>875.24</ele>
      </trkpt>
      <trkpt lat="35.47358" lon="-82.62319">
        <ele>874.84</ele>
      </trkpt>
      <trkpt lat="35.47353" lon="-82.62315">
        <ele>873.95</ele>
      </trkpt>
      <trkpt lat="35.47348" lon="-82.62313">
        <ele>873.97</ele>
      </trkpt>
      <trkpt lat="35.47342" lon="-82.62311">
        <ele>874.09</ele>
      </trkpt>
      <trkpt lat="35.47336" lon="-82.62306">
        <ele>873.34</ele>
      </trkpt>
      <trkpt lat="35.47332" lon="-82.62303">
        <ele>873.33</ele>
      </trkpt>
      <trkpt lat="35.47327" lon="-82.62301">
        <ele>874.08</ele>
      </trkpt>
      <trkpt lat="35.47322" lon="-82.62297">
        <ele>873.98</ele>
      </trkpt>
      <trkpt lat="35.47317" lon="-82.62293">
        <ele>873.68</ele>
      </trkpt>
      <trkpt lat="35.47312" lon="-82.62289">
        <ele>872.6</ele>
      </trkpt>
      <trkpt lat="35.47307" lon="-82.62287">
        <ele>872.67</ele>
      </trkpt>
      <trkpt lat="35.47302" lon="-82.62283">
        <ele>871.64</ele>
      </trkpt>
      <trkpt lat="35.47297" lon="-82.6228">
        <ele>870.88</ele>
      </trkpt>
      <trkpt lat="35.47292" lon="-82.62277">
        <ele>870.68</ele>
      </trkpt>
      <trkpt lat="35.47287" lon="-82.62275">
        <ele>871.11</ele>
      </trkpt>
      <trkpt lat="35.47282" lon="-82.62271">
        <ele>870.89</ele>
      </trkpt>
      <trkpt lat="35.47277" lon="-82.62267">
        <ele>870.44</ele>
      </trkpt>
      <trkpt lat="35.47272" lon="-82.62264">
        <ele>869.98</ele>
      </trkpt>
      <trkpt lat="35.47267" lon="-82.62259">
        <ele>869.36</ele>
      </trkpt>
      <trkpt lat="35.47264" lon="-82.62253">
        <ele>870.65</ele>
      </trkpt>
      <trkpt lat="35.47264" lon="-82.62247">
        <ele>871.14</ele>
      </trkpt>
      <trkpt lat="35.47266" lon="-82.62241">
        <ele>871.25</ele>
      </trkpt>
      <trkpt lat="35.4727" lon="-82.62237">
        <ele>871.31</ele>
      </trkpt>
      <trkpt lat="35.47273" lon="-82.62232">
        <ele>871.92</ele>
      </trkpt>
      <trkpt lat="35.47278" lon="-82.62228">
        <ele>872.35</ele>
      </trkpt>
      <trkpt lat="35.47282" lon="-82.62224">
        <ele>872.35</ele>
      </trkpt>
      <trkpt lat="35.47286" lon="-82.6222">
        <ele>872.3</ele>
      </trkpt>
      <trkpt lat="35.4729" lon="-82.62216">
        <ele>872.67</ele>
      </trkpt>
      <trkpt lat="35.47295" lon="-82.62213">
        <ele>873.0</ele>
      </trkpt>
      <trkpt lat="35.47299" lon="-82.6221">
        <ele>873.39</ele>
      </trkpt>
      <trkpt lat="35.47303" lon="-82.62206">
        <ele>874.27</ele>
      </trkpt>
      <trkpt lat="35.47308" lon="-82.62203">
        <ele>875.23</ele>
      </trkpt>
      <trkpt lat="35.47312" lon="-82.62199">
        <ele>875.9</ele>
      </trkpt>
      <trkpt lat="35.47317" lon="-82.62195">
        <ele>877.16</ele>
      </trkpt>
      <trkpt lat="35.47321" lon="-82.62191">
        <ele>877.79</ele>
      </trkpt>
      <trkpt lat="35.47324" lon="-82.62186">
        <ele>878.89</ele>
      </trkpt>
      <trkpt lat="35.47327" lon="-82.62181">
        <ele>879.6</ele>
      </trkpt>
      <trkpt lat="35.47331" lon="-82.62178">
        <ele>880.91</ele>
      </trkpt>
      <trkpt lat="35.47335" lon="-82.62173">
        <ele>882.29</ele>
      </trkpt>
      <trkpt lat="35.47339" lon="-82.62169">
        <ele>883.53</ele>
      </trkpt>
      <trkpt lat="35.47343" lon="-82.62165">
        <ele>885.02</ele>
      </trkpt>
      <trkpt lat="35.47346" lon="-82.6216">
        <ele>885.53</ele>
      </trkpt>
      <trkpt lat="35.47349" lon="-82.62155">
        <ele>886.56</ele>
      </trkpt>
      <trkpt lat="35.47352" lon="-82.6215">
        <ele>887.81</ele>
      </trkpt>
      <trkpt lat="35.47355" lon="-82.62144">
        <ele>888.49</ele>
      </trkpt>
      <trkpt lat="35.47358" lon="-82.62139">
        <ele>889.32</ele>
      </trkpt>
      <trkpt lat="35.47361" lon="-82.62135">
        <ele>890.39</ele>
      </trkpt>
      <trkpt lat="35.47363" lon="-82.62129">
        <ele>891.01</ele>
      </trkpt>
      <trkpt lat="35.47366" lon="-82.62124">
        <ele>891.32</ele>
      </trkpt>
      <trkpt lat="35.4737" lon="-82.62119">
        <ele>892.1</ele>
      </trkpt>
      <trkpt lat="35.47372" lon="-82.62113">
        <ele>892.97</ele>
      </trkpt>
      <trkpt lat="35.47375" lon="-82.62108">
        <ele>893.67</ele>
      </trkpt>
      <trkpt lat="35.47378" lon="-82.62103">
        <ele>894.55</ele>
      </trkpt>
      <trkpt lat="35.47381" lon="-82.62097">
        <ele>895.67</ele>
      </trkpt>
      <trkpt lat="35.47384" lon="-82.62092">
        <ele>896.5</ele>
      </trkpt>
      <trkpt lat="35.47387" lon="-82.62087">
        <ele>897.28</ele>
      </trkpt>
      <trkpt lat="35.4739" lon="-82.62082">
        <ele>898.02</ele>
      </trkpt>
      <trkpt lat="35.47393" lon="-82.62078">
        <ele>898.26</ele>
      </trkpt>
      <trkpt lat="35.47398" lon="-82.62074">
        <ele>898.99</ele>
      </trkpt>
      <trkpt lat="35.47401" lon="-82.62069">
        <ele>899.55</ele>
      </trkpt>
      <trkpt lat="35.47405" lon="-82.62065">
        <ele>899.98</ele>
      </trkpt>
      <trkpt lat="35.47408" lon="-82.6206">
        <ele>901.04</ele>
      </trkpt>
      <trkpt lat="35.47414" lon="-82.62058">
        <ele>901.47</ele>
      </trkpt>
      <trkpt lat="35.47419" lon="-82.62055">
        <ele>901.88</ele>
      </trkpt>
      <trkpt lat="35.47425" lon="-82.62054">
        <ele>901.59</ele>
      </trkpt>
      <trkpt lat="35.47431" lon="-82.62052">
        <ele>901.39</ele>
      </trkpt>
      <trkpt lat="35.47437" lon="-82.6205">
        <ele>900.93</ele>
      </trkpt>
      <trkpt lat="35.47442" lon="-82.62047">
        <ele>901.06</ele>
      </trkpt>
      <trkpt lat="35.47445" lon="-82.62041">
        <ele>902.6</ele>
      </trkpt>
      <trkpt lat="35.47448" lon="-82.62036">
        <ele>903.46</ele>
      </trkpt>
      <trkpt lat="35.47451" lon="-82.62031">
        <ele>903.89</ele>
      </trkpt>
      <trkpt lat="35.47454" lon="-82.62026">
        <ele>904.51</ele>
      </trkpt>
      <trkpt lat="35.47458" lon="-82.62022">
        <ele>904.65</ele>
      </trkpt>
      <trkpt lat="35.47461" lon="-82.62013">
        <ele>906.3</ele>
      </trkpt>
      <trkpt lat="35.47462" lon="-82.6201">
        <ele>906.98</ele>
      </trkpt>
      <trkpt lat="35.47463" lon="-82.62003">
        <ele>908.34</ele>
      </trkpt>
      <trkpt lat="35.47465" lon="-82.61997">
        <ele>909.31</ele>
      </trkpt>
      <trkpt lat="35.47468" lon="-82.61991">
        <ele>910.28</ele>
      </trkpt>
      <trkpt lat="35.4747" lon="-82.61985">
        <ele>911.58</ele>
      </trkpt>
      <trkpt lat="35.47472" lon="-82.61979">
        <ele>913.14</ele>
      </trkpt>
      <trkpt lat="35.47475" lon="-82.61974">
        <ele>914.09</ele>
      </trkpt>
      <trkpt lat="35.47477" lon="-82.61967">
        <ele>915.92</ele>
      </trkpt>
      <trkpt lat="35.47481" lon="-82.61963">
        <ele>916.14</ele>
      </trkpt>
      <trkpt lat="35.47484" lon="-82.61958">
        <ele>916.94</ele>
      </trkpt>
      <trkpt lat="35.47488" lon="-82.61954">
        <ele>917.47</ele>
      </trkpt>
      <trkpt lat="35.47489" lon="-82.61948">
        <ele>919.34</ele>
      </trkpt>
      <trkpt lat="35.47493" lon="-82.61943">
        <ele>919.74</ele>
      </trkpt>
      <trkpt lat="35.47494" lon="-82.61936">
        <ele>921.68</ele>
      </trkpt>
      <trkpt lat="35.47498" lon="-82.61932">
        <ele>921.75</ele>
      </trkpt>
      <trkpt lat="35.47502" lon="-82.61927">
        <ele>922.0</ele>
      </trkpt>
      <trkpt lat="35.47504" lon="-82.61923">
        <ele>922.83</ele>
      </trkpt>
      <trkpt lat="35.47502" lon="-82.61919">
        <ele>925.18</ele>
      </trkpt>
      <trkpt lat="35.47497" lon="-82.61916">
        <ele>928.12</ele>
      </trkpt>
      <trkpt lat="35.47491" lon="-82.61916">
        <ele>930.06</ele>
      </trkpt>
      <trkpt lat="35.47486" lon="-82.61919">
        <ele>930.78</ele>
      </trkpt>
      <trkpt lat="35.47478" lon="-82.61925">
        <ele>931.43</ele>
      </trkpt>
      <trkpt lat="35.47478" lon="-82.61925">
        <ele>931.43</ele>
      </trkpt>
      <trkpt lat="35.47471" lon="-82.61927">
        <ele>932.93</ele>
      </trkpt>
      <trkpt lat="35.47468" lon="-82.61929">
        <ele>933.07</ele>
      </trkpt>
      <trkpt lat="35.47463" lon="-82.61931">
        <ele>933.89</ele>
      </trkpt>
      <trkpt lat="35.47458" lon="-82.61929">
        <ele>934.87</ele>
      </trkpt>
      <trkpt lat="35.47455" lon="-82.61925">
        <ele>936.07</ele>
      </trkpt>
      <trkpt lat="35.47454" lon="-82.61919">
        <ele>937.49</ele>
      </trkpt>
      <trkpt lat="35.47453" lon="-82.61909">
        <ele>938.6</ele>
      </trkpt>
      <trkpt lat="35.47453" lon="-82.61908">
        <ele>938.71</ele>
      </trkpt>
      <trkpt lat="35.47454" lon="-82.61901">
        <ele>939.72</ele>
      </trkpt>
      <trkpt lat="35.47457" lon="-82.61896">
        <ele>940.44</ele>
      </trkpt>
      <trkpt lat="35.4746" lon="-82.6189">
        <ele>941.28</ele>
      </trkpt>
      <trkpt lat="35.47462" lon="-82.61884">
        <ele>941.79</ele>
      </trkpt>
      <trkpt lat="35.47464" lon="-82.61878">
        <ele>942.0</ele>
      </trkpt>
      <trkpt lat="35.47465" lon="-82.61871">
        <ele>942.0</ele>
      </trkpt>
      <trkpt lat="35.47468" lon="-82.61865">
        <ele>941.74</ele>
      </trkpt>
      <trkpt lat="35.4747" lon="-82.61859">
        <ele>941.71</ele>
      </trkpt>
      <trkpt lat="35.47472" lon="-82.61853">
        <ele>941.95</ele>
      </trkpt>
      <trkpt lat="35.47474" lon="-82.61847">
        <ele>942.0</ele>
      </trkpt>
      <trkpt lat="35.47477" lon="-82.61841">
        <ele>941.92</ele>
      </trkpt>
      <trkpt lat="35.47478" lon="-82.61834">
        <ele>941.65</ele>
      </trkpt>
      <trkpt lat="35.4748" lon="-82.61828">
        <ele>941.17</ele>
      </trkpt>
      <trkpt lat="35.47483" lon="-82.61823">
        <ele>941.07</ele>
      </trkpt>
      <trkpt lat="35.47485" lon="-82.61817">
        <ele>940.91</ele>
      </trkpt>
      <trkpt lat="35.47487" lon="-82.61811">
        <ele>940.78</ele>
      </trkpt>
      <trkpt lat="35.4749" lon="-82.61806">
        <ele>940.89</ele>
      </trkpt>
      <trkpt lat="35.47493" lon="-82.618">
        <ele>940.55</ele>
      </trkpt>
      <trkpt lat="35.47495" lon="-82.61794">
        <ele>940.33</ele>
      </trkpt>
      <trkpt lat="35.47497" lon="-82.61788">
        <ele>940.39</ele>
      </trkpt>
      <trkpt lat="35.475" lon="-82.61783">
        <ele>940.56</ele>
      </trkpt>
      <trkpt lat="35.47503" lon="-82.61777">
        <ele>939.89</ele>
      </trkpt>
      <trkpt lat="35.47505" lon="-82.61771">
        <ele>939.33</ele>
      </trkpt>
      <trkpt lat="35.47507" lon="-82.61765">
        <ele>939.42</ele>
      </trkpt>
      <trkpt lat="35.4751" lon="-82.6176">
        <ele>940.0</ele>
      </trkpt>
      <trkpt lat="35.47512" lon="-82.61755">
        <ele>939.35</ele>
      </trkpt>
      <trkpt lat="35.47515" lon="-82.61749">
        <ele>939.2</ele>
      </trkpt>
      <trkpt lat="35.47518" lon="-82.61744">
        <ele>939.85</ele>
      </trkpt>
      <trkpt lat="35.47521" lon="-82.61739">
        <ele>940.13</ele>
      </trkpt>
      <trkpt lat="35.47523" lon="-82.61733">
        <ele>940.05</ele>
      </trkpt>
      <trkpt lat="35.47526" lon="-82.61727">
        <ele>940.13</ele>
      </trkpt>
      <trkpt lat="35.47528" lon="-82.61721">
        <ele>940.02</ele>
      </trkpt>
      <trkpt lat="35.4753" lon="-82.61715">
        <ele>940.24</ele>
      </trkpt>
      <trkpt lat="35.47532" lon="-82.61709">
        <ele>940.22</ele>
      </trkpt>
      <trkpt lat="35.47535" lon="-82.61703">
        <ele>940.54</ele>
      </trkpt>
      <trkpt lat="35.47537" lon="-82.61697">
        <ele>940.99</ele>
      </trkpt>
      <trkpt lat="35.4754" lon="-82.61692">
        <ele>940.82</ele>
      </trkpt>
      <trkpt lat="35.47542" lon="-82.61686">
        <ele>940.58</ele>
      </trkpt>
      <trkpt lat="35.47545" lon="-82.61681">
        <ele>940.73</ele>
      </trkpt>
      <trkpt lat="35.47547" lon="-82.61675">
        <ele>941.01</ele>
      </trkpt>
      <trkpt lat="35.47549" lon="-82.61669">
        <ele>941.22</ele>
      </trkpt>
      <trkpt lat="35.47551" lon="-82.61663">
        <ele>941.31</ele>
      </trkpt>
      <trkpt lat="35.47554" lon="-82.61657">
        <ele>941.66</ele>
      </trkpt>
      <trkpt lat="35.47556" lon="-82.61651">
        <ele>942.02</ele>
      </trkpt>
      <trkpt lat="35.47558" lon="-82.61645">
        <ele>942.01</ele>
      </trkpt>
      <trkpt lat="35.47561" lon="-82.6164">
        <ele>942.23</ele>
      </trkpt>
      <trkpt lat="35.47563" lon="-82.61634">
        <ele>942.5</ele>
      </trkpt>
      <trkpt lat="35.47567" lon="-82.61628">
        <ele>943.1</ele>
      </trkpt>
      <trkpt lat="35.4757" lon="-82.61624">
        <ele>943.29</ele>
      </trkpt>
      <trkpt lat="35.47573" lon="-82.6162">
        <ele>943.76</ele>
      </trkpt>
      <trkpt lat="35.47576" lon="-82.61615">
        <ele>944.12</ele>
      </trkpt>
      <trkpt lat="35.47579" lon="-82.61609">
        <ele>944.2</ele>
      </trkpt>
      <trkpt lat="35.47584" lon="-82.61606">
        <ele>944.42</ele>
      </trkpt>
      <trkpt lat="35.4759" lon="-82.61604">
        <ele>944.06</ele>
      </trkpt>
      <trkpt lat="35.47596" lon="-82.61602">
        <ele>943.64</ele>
      </trkpt>
      <trkpt lat="35.47602" lon="-82.616">
        <ele>942.8</ele>
      </trkpt>
      <trkpt lat="35.47608" lon="-82.61599">
        <ele>942.49</ele>
      </trkpt>
      <trkpt lat="35.47614" lon="-82.61597">
        <ele>941.8</ele>
      </trkpt>
      <trkpt lat="35.47619" lon="-82.61594">
        <ele>941.17</ele>
      </trkpt>
      <trkpt lat="35.4762" lon="-82.61589">
        <ele>939.84</ele>
      </trkpt>
      <trkpt lat="35.47616" lon="-82.61583">
        <ele>937.88</ele>
      </trkpt>
      <trkpt lat="35.47612" lon="-82.61578">
        <ele>935.75</ele>
      </trkpt>
      <trkpt lat="35.47607" lon="-82.61573">
        <ele>934.04</ele>
      </trkpt>
      <trkpt lat="35.47602" lon="-82.61569">
        <ele>932.8</ele>
      </trkpt>
      <trkpt lat="35.47597" lon="-82.61564">
        <ele>931.17</ele>
      </trkpt>
      <trkpt lat="35.47592" lon="-82.61563">
        <ele>931.23</ele>
      </trkpt>
      <trkpt lat="35.47587" lon="-82.6156">
        <ele>930.23</ele>
      </trkpt>
      <trkpt lat="35.47581" lon="-82.61559">
        <ele>930.12</ele>
      </trkpt>
      <trkpt lat="35.47577" lon="-82.61554">
        <ele>928.33</ele>
      </trkpt>
      <trkpt lat="35.47571" lon="-82.6155">
        <ele>926.47</ele>
      </trkpt>
      <trkpt lat="35.47569" lon="-82.61548">
        <ele>925.64</ele>
      </trkpt>
      <trkpt lat="35.47565" lon="-82.61545">
        <ele>924.72</ele>
      </trkpt>
      <trkpt lat="35.47562" lon="-82.61541">
        <ele>923.68</ele>
      </trkpt>
      <trkpt lat="35.47559" lon="-82.61536">
        <ele>922.06</ele>
      </trkpt>
      <trkpt lat="35.4756" lon="-82.6153">
        <ele>920.23</ele>
      </trkpt>
      <trkpt lat="35.47562" lon="-82.61524">
        <ele>918.08</ele>
      </trkpt>
      <trkpt lat="35.4756" lon="-82.61519">
        <ele>916.68</ele>
      </trkpt>
      <trkpt lat="35.47556" lon="-82.61517">
        <ele>916.3</ele>
      </trkpt>
      <trkpt lat="35.47555" lon="-82.61516">
        <ele>915.87</ele>
      </trkpt>
      <trkpt lat="35.47551" lon="-82.61515">
        <ele>915.17</ele>
      </trkpt>
      <trkpt lat="35.47546" lon="-82.61514">
        <ele>914.54</ele>
      </trkpt>
      <trkpt lat="35.47541" lon="-82.61511">
        <ele>913.56</ele>
      </trkpt>
      <trkpt lat="35.4754" lon="-82.61506">
        <ele>911.94</ele>
      </trkpt>
      <trkpt lat="35.47544" lon="-82.61502">
        <ele>910.65</ele>
      </trkpt>
      <trkpt lat="35.47548" lon="-82.61499">
        <ele>909.4</ele>
      </trkpt>
      <trkpt lat="35.47552" lon="-82.61496">
        <ele>907.92</ele>
      </trkpt>
      <trkpt lat="35.47556" lon="-82.61492">
        <ele>906.37</ele>
      </trkpt>
      <trkpt lat="35.47556" lon="-82.61489">
        <ele>905.2</ele>
      </trkpt>
      <trkpt lat="35.47554" lon="-82.61488">
        <ele>904.82</ele>
      </trkpt>
      <trkpt lat="35.4755" lon="-82.61487">
        <ele>904.38</ele>
      </trkpt>
      <trkpt lat="35.47545" lon="-82.61487">
        <ele>904.44</ele>
      </trkpt>
      <trkpt lat="35.4754" lon="-82.61487">
        <ele>904.66</ele>
      </trkpt>
      <trkpt lat="35.47535" lon="-82.61487">
        <ele>904.79</ele>
      </trkpt>
      <trkpt lat="35.4753" lon="-82.61486">
        <ele>904.46</ele>
      </trkpt>
      <trkpt lat="35.47525" lon="-82.61484">
        <ele>903.82</ele>
      </trkpt>
      <trkpt lat="35.47521" lon="-82.61479">
        <ele>902.12</ele>
      </trkpt>
      <trkpt lat="35.47522" lon="-82.61474">
        <ele>900.27</ele>
      </trkpt>
      <trkpt lat="35.47524" lon="-82.61471">
        <ele>899.01</ele>
      </trkpt>
      <trkpt lat="35.47529" lon="-82.61469">
        <ele>897.91</ele>
      </trkpt>
      <trkpt lat="35.47534" lon="-82.61467">
        <ele>896.93</ele>
      </trkpt>
      <trkpt lat="35.47543" lon="-82.61463">
        <ele>894.37</ele>
      </trkpt>
      <trkpt lat="35.47543" lon="-82.61463">
        <ele>894.37</ele>
      </trkpt>
      <trkpt lat="35.47531" lon="-82.61459">
        <ele>893.94</ele>
      </trkpt>
      <trkpt lat="35.47527" lon="-82.61457">
        <ele>893.51</ele>
      </trkpt>
      <trkpt lat="35.47521" lon="-82.61457">
        <ele>894.16</ele>
      </trkpt>
      <trkpt lat="35.47516" lon="-82.61456">
        <ele>894.2</ele>
      </trkpt>
      <trkpt lat="35.4751" lon="-82.61456">
        <ele>894.68</ele>
      </trkpt>
      <trkpt lat="35.47505" lon="-82.61453">
        <ele>894.31</ele>
      </trkpt>
      <trkpt lat="35.475" lon="-82.61447">
        <ele>893.55</ele>
      </trkpt>
      <trkpt lat="35.47497" lon="-82.61442">
        <ele>892.56</ele>
      </trkpt>
      <trkpt lat="35.47492" lon="-82.61437">
        <ele>892.09</ele>
      </trkpt>
      <trkpt lat="35.47491" lon="-82.6143">
        <ele>890.87</ele>
      </trkpt>
      <trkpt lat="35.47489" lon="-82.61425">
        <ele>889.73</ele>
      </trkpt>
      <trkpt lat="35.47487" lon="-82.61418">
        <ele>889.09</ele>
      </trkpt>
      <trkpt lat="35.47485" lon="-82.61413">
        <ele>888.75</ele>
      </trkpt>
      <trkpt lat="35.47484" lon="-82.61406">
        <ele>888.12</ele>
      </trkpt>
      <trkpt lat="35.47482" lon="-82.614">
        <ele>887.26</ele>
      </trkpt>
      <trkpt lat="35.47483" lon="-82.61393">
        <ele>886.52</ele>
      </trkpt>
      <trkpt lat="35.47483" lon="-82.61387">
        <ele>886.0</ele>
      </trkpt>
      <trkpt lat="35.47485" lon="-82.6138">
        <ele>886.0</ele>
      </trkpt>
      <trkpt lat="35.47486" lon="-82.61373">
        <ele>885.63</ele>
      </trkpt>
      <trkpt lat="35.47487" lon="-82.61366">
        <ele>885.79</ele>
      </trkpt>
      <trkpt lat="35.47489" lon="-82.61359">
        <ele>886.19</ele>
      </trkpt>
      <trkpt lat="35.4749" lon="-82.61352">
        <ele>886.91</ele>
      </trkpt>
      <trkpt lat="35.47491" lon="-82.61345">
        <ele>887.74</ele>
      </trkpt>
      <trkpt lat="35.47493" lon="-82.61338">
        <ele>888.87</ele>
      </trkpt>
      <trkpt lat="35.47494" lon="-82.61331">
        <ele>889.99</ele>
      </trkpt>
      <trkpt lat="35.47496" lon="-82.61325">
        <ele>890.84</ele>
      </trkpt>
      <trkpt lat="35.47498" lon="-82.61319">
        <ele>892.1</ele>
      </trkpt>
      <trkpt lat="35.47501" lon="-82.61313">
        <ele>892.98</ele>
      </trkpt>
      <trkpt lat="35.47504" lon="-82.61309">
        <ele>892.76</ele>
      </trkpt>
      <trkpt lat="35.47507" lon="-82.61304">
        <ele>892.82</ele>
      </trkpt>
      <trkpt lat="35.47509" lon="-82.61298">
        <ele>893.69</ele>
      </trkpt>
      <trkpt lat="35.47512" lon="-82.61292">
        <ele>894.04</ele>
      </trkpt>
      <trkpt lat="35.47515" lon="-82.61287">
        <ele>894.15</ele>
      </trkpt>
      <trkpt lat="35.47517" lon="-82.61281">
        <ele>894.8</ele>
      </trkpt>
      <trkpt lat="35.47519" lon="-82.61275">
        <ele>895.73</ele>
      </trkpt>
      <trkpt lat="35.47523" lon="-82.6127">
        <ele>895.66</ele>
      </trkpt>
      <trkpt lat="35.47526" lon="-82.61265">
        <ele>895.53</ele>
      </trkpt>
      <trkpt lat="35.47528" lon="-82.61259">
        <ele>895.96</ele>
      </trkpt>
      <trkpt lat="35.4753" lon="-82.61253">
        <ele>896.55</ele>
      </trkpt>
      <trkpt lat="35.47532" lon="-82.61248">
        <ele>897.06</ele>
      </trkpt>
      <trkpt lat="35.47534" lon="-82.61241">
        <ele>897.93</ele>
      </trkpt>
      <trkpt lat="35.47535" lon="-82.61234">
        <ele>899.28</ele>
      </trkpt>
      <trkpt lat="35.47536" lon="-82.61227">
        <ele>900.36</ele>
      </trkpt>
      <trkpt lat="35.47538" lon="-82.6122">
        <ele>900.85</ele>
      </trkpt>
      <trkpt lat="35.47539" lon="-82.61213">
        <ele>901.36</ele>
      </trkpt>
      <trkpt lat="35.4754" lon="-82.61206">
        <ele>902.54</ele>
      </trkpt>
      <trkpt lat="35.47542" lon="-82.61199">
        <ele>903.14</ele>
      </trkpt>
      <trkpt lat="35.47542" lon="-82.61192">
        <ele>904.14</ele>
      </trkpt>
      <trkpt lat="35.47542" lon="-82.61186">
        <ele>904.83</ele>
      </trkpt>
      <trkpt lat="35.47542" lon="-82.61179">
        <ele>905.6</ele>
      </trkpt>
      <trkpt lat="35.47541" lon="-82.61173">
        <ele>906.14</ele>
      </trkpt>
      <trkpt lat="35.4754" lon="-82.61167">
        <ele>906.36</ele>
      </trkpt>
      <trkpt lat="35.4754" lon="-82.6116">
        <ele>906.59</ele>
      </trkpt>
      <trkpt lat="35.4754" lon="-82.61153">
        <ele>906.53</ele>
      </trkpt>
      <trkpt lat="35.4754" lon="-82.61147">
        <ele>906.28</ele>
      </trkpt>
      <trkpt lat="35.4754" lon="-82.6114">
        <ele>905.76</ele>
      </trkpt>
      <trkpt lat="35.4754" lon="-82.61134">
        <ele>905.68</ele>
      </trkpt>
      <trkpt lat="35.4754" lon="-82.61127">
        <ele>905.49</ele>
      </trkpt>
      <trkpt lat="35.47541" lon="-82.61122">
        <ele>905.1</ele>
      </trkpt>
      <trkpt lat="35.47543" lon="-82.61117">
        <ele>904.87</ele>
      </trkpt>
      <trkpt lat="35.47546" lon="-82.61111">
        <ele>904.97</ele>
      </trkpt>
      <trkpt lat="35.47548" lon="-82.61105">
        <ele>904.94</ele>
      </trkpt>
      <trkpt lat="35.47549" lon="-82.61098">
        <ele>905.0</ele>
      </trkpt>
      <trkpt lat="35.47552" lon="-82.61092">
        <ele>905.04</ele>
      </trkpt>
      <trkpt lat="35.47554" lon="-82.61086">
        <ele>905.59</ele>
      </trkpt>
      <trkpt lat="35.47556" lon="-82.6108">
        <ele>905.97</ele>
      </trkpt>
      <trkpt lat="35.47558" lon="-82.61074">
        <ele>906.0</ele>
      </trkpt>
      <trkpt lat="35.47561" lon="-82.61069">
        <ele>906.0</ele>
      </trkpt>
      <trkpt lat="35.47562" lon="-82.61062">
        <ele>906.12</ele>
      </trkpt>
      <trkpt lat="35.47563" lon="-82.61055">
        <ele>906.6</ele>
      </trkpt>
      <trkpt lat="35.47566" lon="-82.61049">
        <ele>907.0</ele>
      </trkpt>
      <trkpt lat="35.47568" lon="-82.61043">
        <ele>907.12</ele>
      </trkpt>
      <trkpt lat="35.4757" lon="-82.61037">
        <ele>907.56</ele>
      </trkpt>
      <trkpt lat="35.47572" lon="-82.61031">
        <ele>907.92</ele>
      </trkpt>
      <trkpt lat="35.47575" lon="-82.61025">
        <ele>908.3</ele>
      </trkpt>
      <trkpt lat="35.47576" lon="-82.61018">
        <ele>909.06</ele>
      </trkpt>
      <trkpt lat="35.47577" lon="-82.61011">
        <ele>909.81</ele>
      </trkpt>
      <trkpt lat="35.47579" lon="-82.61005">
        <ele>910.24</ele>
      </trkpt>
      <trkpt lat="35.47582" lon="-82.60999">
        <ele>910.84</ele>
      </trkpt>
      <trkpt lat="35.47584" lon="-82.60993">
        <ele>910.98</ele>
      </trkpt>
      <trkpt lat="35.47586" lon="-82.60987">
        <ele>911.0</ele>
      </trkpt>
      <trkpt lat="35.47589" lon="-82.60981">
        <ele>911.01</ele>
      </trkpt>
      <trkpt lat="35.4759" lon="-82.60975">
        <ele>911.31</ele>
      </trkpt>
      <trkpt lat="35.47591" lon="-82.60968">
        <ele>911.2</ele>
      </trkpt>
      <trkpt lat="35.47592" lon="-82.60961">
        <ele>910.66</ele>
      </trkpt>
      <trkpt lat="35.47594" lon="-82.60954">
        <ele>910.33</ele>
      </trkpt>
      <trkpt lat="35.47596" lon="-82.60948">
        <ele>910.12</ele>
      </trkpt>
      <trkpt lat="35.47598" lon="-82.60942">
        <ele>909.9</ele>
      </trkpt>
      <trkpt lat="35.47601" lon="-82.60936">
        <ele>909.9</ele>
      </trkpt>
      <trkpt lat="35.47603" lon="-82.6093">
        <ele>910.05</ele>
      </trkpt>
      <trkpt lat="35.47605" lon="-82.60924">
        <ele>909.86</ele>
      </trkpt>
      <trkpt lat="35.47606" lon="-82.60917">
        <ele>909.47</ele>
      </trkpt>
      <trkpt lat="35.47608" lon="-82.6091">
        <ele>908.94</ele>
      </trkpt>
      <trkpt lat="35.47609" lon="-82.60903">
        <ele>908.66</ele>
      </trkpt>
      <trkpt lat="35.4761" lon="-82.60896">
        <ele>908.53</ele>
      </trkpt>
      <trkpt lat="35.47612" lon="-82.60889">
        <ele>908.01</ele>
      </trkpt>
      <trkpt lat="35.47613" lon="-82.60882">
        <ele>907.26</ele>
      </trkpt>
      <trkpt lat="35.47613" lon="-82.60876">
        <ele>906.61</ele>
      </trkpt>
      <trkpt lat="35.47613" lon="-82.60869">
        <ele>905.85</ele>
      </trkpt>
      <trkpt lat="35.47613" lon="-82.60863">
        <ele>905.2</ele>
      </trkpt>
      <trkpt lat="35.47612" lon="-82.60856">
        <ele>904.4</ele>
      </trkpt>
      <trkpt lat="35.47611" lon="-82.6085">
        <ele>903.59</ele>
      </trkpt>
      <trkpt lat="35.47611" lon="-82.60844">
        <ele>902.3</ele>
      </trkpt>
      <trkpt lat="35.4761" lon="-82.60837">
        <ele>901.4</ele>
      </trkpt>
      <trkpt lat="35.47609" lon="-82.60831">
        <ele>900.75</ele>
      </trkpt>
      <trkpt lat="35.47609" lon="-82.60824">
        <ele>899.99</ele>
      </trkpt>
      <trkpt lat="35.47608" lon="-82.60818">
        <ele>898.91</ele>
      </trkpt>
      <trkpt lat="35.47607" lon="-82.60812">
        <ele>898.14</ele>
      </trkpt>
      <trkpt lat="35.47607" lon="-82.60805">
        <ele>897.41</ele>
      </trkpt>
      <trkpt lat="35.47606" lon="-82.60799">
        <ele>897.23</ele>
      </trkpt>
      <trkpt lat="35.47605" lon="-82.60793">
        <ele>897.09</ele>
      </trkpt>
      <trkpt lat="35.47605" lon="-82.60786">
        <ele>896.66</ele>
      </trkpt>
      <trkpt lat="35.47604" lon="-82.6078">
        <ele>896.77</ele>
      </trkpt>
      <trkpt lat="35.47603" lon="-82.60774">
        <ele>896.93</ele>
      </trkpt>
      <trkpt lat="35.47603" lon="-82.60767">
        <ele>897.14</ele>
      </trkpt>
      <trkpt lat="35.47602" lon="-82.60761">
        <ele>897.8</ele>
      </trkpt>
      <trkpt lat="35.47601" lon="-82.60755">
        <ele>897.86</ele>
      </trkpt>
      <trkpt lat="35.47601" lon="-82.60748">
        <ele>897.91</ele>
      </trkpt>
      <trkpt lat="35.476" lon="-82.60742">
        <ele>897.8</ele>
      </trkpt>
      <trkpt lat="35.47599" lon="-82.60736">
        <ele>898.2</ele>
      </trkpt>
      <trkpt lat="35.47599" lon="-82.60729">
        <ele>898.88</ele>
      </trkpt>
      <trkpt lat="35.47598" lon="-82.60723">
        <ele>899.12</ele>
      </trkpt>
      <trkpt lat="35.47597" lon="-82.60717">
        <ele>899.25</ele>
      </trkpt>
      <trkpt lat="35.47597" lon="-82.6071">
        <ele>899.63</ele>
      </trkpt>
      <trkpt lat="35.47596" lon="-82.60704">
        <ele>899.72</ele>
      </trkpt>
      <trkpt lat="35.47595" lon="-82.60698">
        <ele>899.98</ele>
      </trkpt>
      <trkpt lat="35.47595" lon="-82.60691">
        <ele>900.54</ele>
      </trkpt>
      <trkpt lat="35.47594" lon="-82.60685">
        <ele>901.02</ele>
      </trkpt>
      <trkpt lat="35.47592" lon="-82.60679">
        <ele>901.52</ele>
      </trkpt>
      <trkpt lat="35.47593" lon="-82.60672">
        <ele>902.0</ele>
      </trkpt>
      <trkpt lat="35.47592" lon="-82.60666">
        <ele>902.01</ele>
      </trkpt>
      <trkpt lat="35.4759" lon="-82.6066">
        <ele>902.44</ele>
      </trkpt>
      <trkpt lat="35.4759" lon="-82.60653">
        <ele>903.2</ele>
      </trkpt>
      <trkpt lat="35.47589" lon="-82.60647">
        <ele>903.66</ele>
      </trkpt>
      <trkpt lat="35.47588" lon="-82.60641">
        <ele>903.89</ele>
      </trkpt>
      <trkpt lat="35.47589" lon="-82.60634">
        <ele>904.53</ele>
      </trkpt>
      <trkpt lat="35.47589" lon="-82.60627">
        <ele>905.17</ele>
      </trkpt>
      <trkpt lat="35.47588" lon="-82.60621">
        <ele>905.47</ele>
      </trkpt>
      <trkpt lat="35.47588" lon="-82.60615">
        <ele>905.79</ele>
      </trkpt>
      <trkpt lat="35.47588" lon="-82.60608">
        <ele>906.17</ele>
      </trkpt>
      <trkpt lat="35.47587" lon="-82.60602">
        <ele>906.39</ele>
      </trkpt>
      <trkpt lat="35.47586" lon="-82.60596">
        <ele>906.92</ele>
      </trkpt>
      <trkpt lat="35.47586" lon="-82.60589">
        <ele>907.56</ele>
      </trkpt>
      <trkpt lat="35.47585" lon="-82.60583">
        <ele>908.01</ele>
      </trkpt>
      <trkpt lat="35.47583" lon="-82.60577">
        <ele>907.92</ele>
      </trkpt>
      <trkpt lat="35.47584" lon="-82.6057">
        <ele>908.48</ele>
      </trkpt>
      <trkpt lat="35.47583" lon="-82.60564">
        <ele>908.9</ele>
      </trkpt>
      <trkpt lat="35.47581" lon="-82.60557">
        <ele>908.46</ele>
      </trkpt>
      <trkpt lat="35.4758" lon="-82.60551">
        <ele>908.28</ele>
      </trkpt>
      <trkpt lat="35.47579" lon="-82.60544">
        <ele>908.31</ele>
      </trkpt>
      <trkpt lat="35.47578" lon="-82.60539">
        <ele>908.64</ele>
      </trkpt>
      <trkpt lat="35.47577" lon="-82.60533">
        <ele>908.93</ele>
      </trkpt>
      <trkpt lat="35.47576" lon="-82.60526">
        <ele>909.25</ele>
      </trkpt>
      <trkpt lat="35.47575" lon="-82.6052">
        <ele>909.18</ele>
      </trkpt>
      <trkpt lat="35.47572" lon="-82.60514">
        <ele>908.82</ele>
      </trkpt>
      <trkpt lat="35.4757" lon="-82.60508">
        <ele>908.76</ele>
      </trkpt>
      <trkpt lat="35.47568" lon="-82.60503">
        <ele>908.26</ele>
      </trkpt>
      <trkpt lat="35.47565" lon="-82.60497">
        <ele>907.4</ele>
      </trkpt>
      <trkpt lat="35.47562" lon="-82.60491">
        <ele>906.76</ele>
      </trkpt>
      <trkpt lat="35.4756" lon="-82.60485">
        <ele>906.54</ele>
      </trkpt>
      <trkpt lat="35.47558" lon="-82.60479">
        <ele>906.06</ele>
      </trkpt>
      <trkpt lat="35.47555" lon="-82.60474">
        <ele>904.76</ele>
      </trkpt>
      <trkpt lat="35.47554" lon="-82.60467">
        <ele>904.89</ele>
      </trkpt>
      <trkpt lat="35.47552" lon="-82.60461">
        <ele>904.46</ele>
      </trkpt>
      <trkpt lat="35.47551" lon="-82.60455">
        <ele>904.03</ele>
      </trkpt>
      <trkpt lat="35.47549" lon="-82.60449">
        <ele>903.17</ele>
      </trkpt>
      <trkpt lat="35.47547" lon="-82.60443">
        <ele>902.16</ele>
      </trkpt>
      <trkpt lat="35.47545" lon="-82.60437">
        <ele>900.61</ele>
      </trkpt>
      <trkpt lat="35.47544" lon="-82.60431">
        <ele>900.01</ele>
      </trkpt>
      <trkpt lat="35.47542" lon="-82.60425">
        <ele>899.14</ele>
      </trkpt>
      <trkpt lat="35.47543" lon="-82.60418">
        <ele>899.58</ele>
      </trkpt>
      <trkpt lat="35.47542" lon="-82.60412">
        <ele>898.6</ele>
      </trkpt>
      <trkpt lat="35.47542" lon="-82.60405">
        <ele>897.69</ele>
      </trkpt>
      <trkpt lat="35.47542" lon="-82.60399">
        <ele>896.74</ele>
      </trkpt>
      <trkpt lat="35.47541" lon="-82.60393">
        <ele>895.49</ele>
      </trkpt>
      <trkpt lat="35.47542" lon="-82.60386">
        <ele>894.62</ele>
      </trkpt>
      <trkpt lat="35.47545" lon="-82.6038">
        <ele>894.63</ele>
      </trkpt>
      <trkpt lat="35.47545" lon="-82.6038">
        <ele>894.63</ele>
      </trkpt>
      <trkpt lat="35.47545" lon="-82.6038">
        <ele>894.63</ele>
      </trkpt>
      <trkpt lat="35.47549" lon="-82.60376">
        <ele>894.8</ele>
      </trkpt>
      <trkpt lat="35.47552" lon="-82.60371">
        <ele>894.37</ele>
      </trkpt>
      <trkpt lat="35.47556" lon="-82.60367">
        <ele>894.0</ele>
      </trkpt>
      <trkpt lat="35.47559" lon="-82.60362">
        <ele>893.03</ele>
      </trkpt>
      <trkpt lat="35.47563" lon="-82.60358">
        <ele>892.33</ele>
      </trkpt>
      <trkpt lat="35.47568" lon="-82.60354">
        <ele>891.62</ele>
      </trkpt>
      <trkpt lat="35.47572" lon="-82.60351">
        <ele>891.28</ele>
      </trkpt>
      <trkpt lat="35.47576" lon="-82.60347">
        <ele>890.53</ele>
      </trkpt>
      <trkpt lat="35.4758" lon="-82.60343">
        <ele>889.16</ele>
      </trkpt>
      <trkpt lat="35.47584" lon="-82.60339">
        <ele>887.55</ele>
      </trkpt>
      <trkpt lat="35.47588" lon="-82.60335">
        <ele>886.64</ele>
      </trkpt>
      <trkpt lat="35.47592" lon="-82.60331">
        <ele>885.86</ele>
      </trkpt>
      <trkpt lat="35.47597" lon="-82.60327">
        <ele>884.74</ele>
      </trkpt>
      <trkpt lat="35.47602" lon="-82.60325">
        <ele>884.42</ele>
      </trkpt>
      <trkpt lat="35.47606" lon="-82.60321">
        <ele>883.12</ele>
      </trkpt>
      <trkpt lat="35.4761" lon="-82.60317">
        <ele>881.82</ele>
      </trkpt>
      <trkpt lat="35.47615" lon="-82.60314">
        <ele>880.98</ele>
      </trkpt>
      <trkpt lat="35.47619" lon="-82.6031">
        <ele>879.25</ele>
      </trkpt>
      <trkpt lat="35.47623" lon="-82.60306">
        <ele>878.09</ele>
      </trkpt>
      <trkpt lat="35.47628" lon="-82.60303">
        <ele>877.82</ele>
      </trkpt>
      <trkpt lat="35.47633" lon="-82.603">
        <ele>877.56</ele>
      </trkpt>
      <trkpt lat="35.47637" lon="-82.60296">
        <ele>877.06</ele>
      </trkpt>
      <trkpt lat="35.47642" lon="-82.60293">
        <ele>877.58</ele>
      </trkpt>
      <trkpt lat="35.47647" lon="-82.6029">
        <ele>877.91</ele>
      </trkpt>
      <trkpt lat="35.47651" lon="-82.60286">
        <ele>877.09</ele>
      </trkpt>
      <trkpt lat="35.47656" lon="-82.60283">
        <ele>876.89</ele>
      </trkpt>
      <trkpt lat="35.47661" lon="-82.6028">
        <ele>876.64</ele>
      </trkpt>
      <trkpt lat="35.47666" lon="-82.60278">
        <ele>876.93</ele>
      </trkpt>
      <trkpt lat="35.4767" lon="-82.60274">
        <ele>876.02</ele>
      </trkpt>
      <trkpt lat="35.47676" lon="-82.60272">
        <ele>876.76</ele>
      </trkpt>
      <trkpt lat="35.4768" lon="-82.60267">
        <ele>875.69</ele>
      </trkpt>
      <trkpt lat="35.47684" lon="-82.60263">
        <ele>874.41</ele>
      </trkpt>
      <trkpt lat="35.47687" lon="-82.60259">
        <ele>873.06</ele>
      </trkpt>
      <trkpt lat="35.47693" lon="-82.60256">
        <ele>872.08</ele>
      </trkpt>
      <trkpt lat="35.47697" lon="-82.60253">
        <ele>871.08</ele>
      </trkpt>
      <trkpt lat="35.47702" lon="-82.6025">
        <ele>870.63</ele>
      </trkpt>
      <trkpt lat="35.47707" lon="-82.60247">
        <ele>869.74</ele>
      </trkpt>
      <trkpt lat="35.47712" lon="-82.60244">
        <ele>868.66</ele>
      </trkpt>
      <trkpt lat="35.47716" lon="-82.6024">
        <ele>867.28</ele>
      </trkpt>
      <trkpt lat="35.47721" lon="-82.60237">
        <ele>867.07</ele>
      </trkpt>
      <trkpt lat="35.47727" lon="-82.60234">
        <ele>867.12</ele>
      </trkpt>
      <trkpt lat="35.47731" lon="-82.60231">
        <ele>866.64</ele>
      </trkpt>
      <trkpt lat="35.47735" lon="-82.60227">
        <ele>865.52</ele>
      </trkpt>
      <trkpt lat="35.4774" lon="-82.60224">
        <ele>865.54</ele>
      </trkpt>
      <trkpt lat="35.47744" lon="-82.6022">
        <ele>864.83</ele>
      </trkpt>
      <trkpt lat="35.47748" lon="-82.60216">
        <ele>864.41</ele>
      </trkpt>
      <trkpt lat="35.47752" lon="-82.60212">
        <ele>864.12</ele>
      </trkpt>
      <trkpt lat="35.47756" lon="-82.60208">
        <ele>863.69</ele>
      </trkpt>
      <trkpt lat="35.4776" lon="-82.60204">
        <ele>863.26</ele>
      </trkpt>
      <trkpt lat="35.47764" lon="-82.602">
        <ele>862.82</ele>
      </trkpt>
      <trkpt lat="35.47767" lon="-82.60195">
        <ele>861.85</ele>
      </trkpt>
      <trkpt lat="35.47771" lon="-82.60191">
        <ele>861.42</ele>
      </trkpt>
      <trkpt lat="35.47775" lon="-82.60187">
        <ele>860.99</ele>
      </trkpt>
      <trkpt lat="35.47779" lon="-82.60183">
        <ele>860.01</ele>
      </trkpt>
      <trkpt lat="35.47784" lon="-82.60179">
        <ele>859.23</ele>
      </trkpt>
      <trkpt lat="35.47788" lon="-82.60175">
        <ele>858.62</ele>
      </trkpt>
      <trkpt lat="35.47792" lon="-82.60172">
        <ele>857.87</ele>
      </trkpt>
      <trkpt lat="35.47795" lon="-82.60167">
        <ele>856.7</ele>
      </trkpt>
      <trkpt lat="35.47801" lon="-82.60165">
        <ele>857.48</ele>
      </trkpt>
      <trkpt lat="35.47805" lon="-82.60161">
        <ele>857.04</ele>
      </trkpt>
      <trkpt lat="35.4781" lon="-82.60158">
        <ele>856.7</ele>
      </trkpt>
      <trkpt lat="35.47815" lon="-82.60155">
        <ele>856.24</ele>
      </trkpt>
      <trkpt lat="35.4782" lon="-82.60152">
        <ele>855.81</ele>
      </trkpt>
      <trkpt lat="35.47825" lon="-82.6015">
        <ele>855.62</ele>
      </trkpt>
      <trkpt lat="35.47831" lon="-82.60148">
        <ele>854.94</ele>
      </trkpt>
      <trkpt lat="35.47838" lon="-82.60146">
        <ele>853.57</ele>
      </trkpt>
      <trkpt lat="35.47843" lon="-82.60144">
        <ele>852.18</ele>
      </trkpt>
      <trkpt lat="35.47849" lon="-82.60144">
        <ele>851.83</ele>
      </trkpt>
      <trkpt lat="35.47854" lon="-82.60147">
        <ele>852.37</ele>
      </trkpt>
      <trkpt lat="35.4786" lon="-82.6015">
        <ele>852.74</ele>
      </trkpt>
      <trkpt lat="35.47865" lon="-82.60152">
        <ele>851.74</ele>
      </trkpt>
      <trkpt lat="35.4787" lon="-82.60155">
        <ele>851.09</ele>
      </trkpt>
      <trkpt lat="35.47875" lon="-82.60156">
        <ele>849.89</ele>
      </trkpt>
      <trkpt lat="35.4788" lon="-82.60161">
        <ele>850.0</ele>
      </trkpt>
      <trkpt lat="35.47885" lon="-82.60164">
        <ele>848.82</ele>
      </trkpt>
      <trkpt lat="35.47895" lon="-82.60174">
        <ele>847.08</ele>
      </trkpt>
      <trkpt lat="35.47895" lon="-82.60174">
        <ele>847.08</ele>
      </trkpt>
      <trkpt lat="35.47898" lon="-82.60179">
        <ele>846.75</ele>
      </trkpt>
      <trkpt lat="35.479" lon="-82.60183">
        <ele>846.48</ele>
      </trkpt>
      <trkpt lat="35.47903" lon="-82.60188">
        <ele>846.13</ele>
      </trkpt>
      <trkpt lat="35.47907" lon="-82.60192">
        <ele>844.72</ele>
      </trkpt>
      <trkpt lat="35.4791" lon="-82.60195">
        <ele>844.02</ele>
      </trkpt>
      <trkpt lat="35.47914" lon="-82.60199">
        <ele>843.49</ele>
      </trkpt>
      <trkpt lat="35.47919" lon="-82.602">
        <ele>842.4</ele>
      </trkpt>
      <trkpt lat="35.47923" lon="-82.60199">
        <ele>841.46</ele>
      </trkpt>
      <trkpt lat="35.47924" lon="-82.60193">
        <ele>840.02</ele>
      </trkpt>
      <trkpt lat="35.47921" lon="-82.60188">
        <ele>839.47</ele>
      </trkpt>
      <trkpt lat="35.47918" lon="-82.60184">
        <ele>838.85</ele>
      </trkpt>
      <trkpt lat="35.47916" lon="-82.60178">
        <ele>838.4</ele>
      </trkpt>
      <trkpt lat="35.47917" lon="-82.60173">
        <ele>837.32</ele>
      </trkpt>
      <trkpt lat="35.47922" lon="-82.6017">
        <ele>835.78</ele>
      </trkpt>
      <trkpt lat="35.47926" lon="-82.60171">
        <ele>835.38</ele>
      </trkpt>
      <trkpt lat="35.47938" lon="-82.60176">
        <ele>833.41</ele>
      </trkpt>
      <trkpt lat="35.4794" lon="-82.60176">
        <ele>832.98</ele>
      </trkpt>
      <trkpt lat="35.47945" lon="-82.60179">
        <ele>832.52</ele>
      </trkpt>
      <trkpt lat="35.47949" lon="-82.60184">
        <ele>832.33</ele>
      </trkpt>
      <trkpt lat="35.47952" lon="-82.6019">
        <ele>831.65</ele>
      </trkpt>
      <trkpt lat="35.47955" lon="-82.60196">
        <ele>830.7</ele>
      </trkpt>
      <trkpt lat="35.47959" lon="-82.60201">
        <ele>829.45</ele>
      </trkpt>
      <trkpt lat="35.47962" lon="-82.60207">
        <ele>828.39</ele>
      </trkpt>
      <trkpt lat="35.47967" lon="-82.60212">
        <ele>827.13</ele>
      </trkpt>
      <trkpt lat="35.47972" lon="-82.60217">
        <ele>826.07</ele>
      </trkpt>
      <trkpt lat="35.47976" lon="-82.60222">
        <ele>825.18</ele>
      </trkpt>
      <trkpt lat="35.47981" lon="-82.60227">
        <ele>824.13</ele>
      </trkpt>
      <trkpt lat="35.47986" lon="-82.60231">
        <ele>823.02</ele>
      </trkpt>
      <trkpt lat="35.47991" lon="-82.60236">
        <ele>821.94</ele>
      </trkpt>
      <trkpt lat="35.47996" lon="-82.60237">
        <ele>820.86</ele>
      </trkpt>
      <trkpt lat="35.48002" lon="-82.60238">
        <ele>819.57</ele>
      </trkpt>
      <trkpt lat="35.48007" lon="-82.60239">
        <ele>818.49</ele>
      </trkpt>
      <trkpt lat="35.48013" lon="-82.6024">
        <ele>816.82</ele>
      </trkpt>
      <trkpt lat="35.48018" lon="-82.6024">
        <ele>815.24</ele>
      </trkpt>
      <trkpt lat="35.48024" lon="-82.60241">
        <ele>813.82</ele>
      </trkpt>
      <trkpt lat="35.48029" lon="-82.60242">
        <ele>812.6</ele>
      </trkpt>
      <trkpt lat="35.48035" lon="-82.60241">
        <ele>810.66</ele>
      </trkpt>
      <trkpt lat="35.48041" lon="-82.60242">
        <ele>809.14</ele>
      </trkpt>
      <trkpt lat="35.48046" lon="-82.60243">
        <ele>808.06</ele>
      </trkpt>
      <trkpt lat="35.48052" lon="-82.60243">
        <ele>806.92</ele>
      </trkpt>
      <trkpt lat="35.48057" lon="-82.60244">
        <ele>806.04</ele>
      </trkpt>
      <trkpt lat="35.48063" lon="-82.60245">
        <ele>804.85</ele>
      </trkpt>
      <trkpt lat="35.48069" lon="-82.60244">
        <ele>803.61</ele>
      </trkpt>
      <trkpt lat="35.48074" lon="-82.60244">
        <ele>802.72</ele>
      </trkpt>
      <trkpt lat="35.4808" lon="-82.60245">
        <ele>801.35</ele>
      </trkpt>
      <trkpt lat="35.48086" lon="-82.60243">
        <ele>799.6</ele>
      </trkpt>
      <trkpt lat="35.48091" lon="-82.60245">
        <ele>798.42</ele>
      </trkpt>
      <trkpt lat="35.48097" lon="-82.60246">
        <ele>796.57</ele>
      </trkpt>
      <trkpt lat="35.48102" lon="-82.60247">
        <ele>794.95</ele>
      </trkpt>
      <trkpt lat="35.48107" lon="-82.60248">
        <ele>793.33</ele>
      </trkpt>
      <trkpt lat="35.48113" lon="-82.60249">
        <ele>791.39</ele>
      </trkpt>
      <trkpt lat="35.48119" lon="-82.60249">
        <ele>789.44</ele>
      </trkpt>
      <trkpt lat="35.48124" lon="-82.6025">
        <ele>788.22</ele>
      </trkpt>
      <trkpt lat="35.4813" lon="-82.60251">
        <ele>786.81</ele>
      </trkpt>
      <trkpt lat="35.48135" lon="-82.60252">
        <ele>785.62</ele>
      </trkpt>
      <trkpt lat="35.48141" lon="-82.60253">
        <ele>784.22</ele>
      </trkpt>
      <trkpt lat="35.48146" lon="-82.60255">
        <ele>782.92</ele>
      </trkpt>
      <trkpt lat="35.48152" lon="-82.60256">
        <ele>781.79</ele>
      </trkpt>
      <trkpt lat="35.48157" lon="-82.60258">
        <ele>781.05</ele>
      </trkpt>
      <trkpt lat="35.48163" lon="-82.60256">
        <ele>779.79</ele>
      </trkpt>
      <trkpt lat="35.48169" lon="-82.60256">
        <ele>778.5</ele>
      </trkpt>
      <trkpt lat="35.48174" lon="-82.60254">
        <ele>777.42</ele>
      </trkpt>
      <trkpt lat="35.48181" lon="-82.60252">
        <ele>775.36</ele>
      </trkpt>
      <trkpt lat="35.48187" lon="-82.60251">
        <ele>773.41</ele>
      </trkpt>
      <trkpt lat="35.48193" lon="-82.60249">
        <ele>771.47</ele>
      </trkpt>
      <trkpt lat="35.48199" lon="-82.60247">
        <ele>770.02</ele>
      </trkpt>
      <trkpt lat="35.48204" lon="-82.60247">
        <ele>768.94</ele>
      </trkpt>
      <trkpt lat="35.4821" lon="-82.60245">
        <ele>767.64</ele>
      </trkpt>
      <trkpt lat="35.48216" lon="-82.60247">
        <ele>766.67</ele>
      </trkpt>
      <trkpt lat="35.48221" lon="-82.60248">
        <ele>766.13</ele>
      </trkpt>
      <trkpt lat="35.48226" lon="-82.6025">
        <ele>765.59</ele>
      </trkpt>
      <trkpt lat="35.48232" lon="-82.60251">
        <ele>764.84</ele>
      </trkpt>
      <trkpt lat="35.48237" lon="-82.60253">
        <ele>764.08</ele>
      </trkpt>
      <trkpt lat="35.48243" lon="-82.60252">
        <ele>763.78</ele>
      </trkpt>
      <trkpt lat="35.48249" lon="-82.60252">
        <ele>763.78</ele>
      </trkpt>
      <trkpt lat="35.48255" lon="-82.60251">
        <ele>763.89</ele>
      </trkpt>
      <trkpt lat="35.4826" lon="-82.60251">
        <ele>763.81</ele>
      </trkpt>
      <trkpt lat="35.48266" lon="-82.6025">
        <ele>763.27</ele>
      </trkpt>
      <trkpt lat="35.48272" lon="-82.6025">
        <ele>763.0</ele>
      </trkpt>
      <trkpt lat="35.48278" lon="-82.6025">
        <ele>762.98</ele>
      </trkpt>
      <trkpt lat="35.48283" lon="-82.60249">
        <ele>762.5</ele>
      </trkpt>
      <trkpt lat="35.48289" lon="-82.60249">
        <ele>762.09</ele>
      </trkpt>
      <trkpt lat="35.48295" lon="-82.60248">
        <ele>762.03</ele>
      </trkpt>
      <trkpt lat="35.48301" lon="-82.60248">
        <ele>762.0</ele>
      </trkpt>
      <trkpt lat="35.48306" lon="-82.60247">
        <ele>762.0</ele>
      </trkpt>
      <trkpt lat="35.48312" lon="-82.60246">
        <ele>762.0</ele>
      </trkpt>
      <trkpt lat="35.48318" lon="-82.60245">
        <ele>761.84</ele>
      </trkpt>
      <trkpt lat="35.48324" lon="-82.60245">
        <ele>761.54</ele>
      </trkpt>
      <trkpt lat="35.4833" lon="-82.60244">
        <ele>761.65</ele>
      </trkpt>
      <trkpt lat="35.48335" lon="-82.60245">
        <ele>761.54</ele>
      </trkpt>
      <trkpt lat="35.48341" lon="-82.60243">
        <ele>761.76</ele>
      </trkpt>
      <trkpt lat="35.48346" lon="-82.6024">
        <ele>762.03</ele>
      </trkpt>
      <trkpt lat="35.48349" lon="-82.60236">
        <ele>762.35</ele>
      </trkpt>
      <trkpt lat="35.48354" lon="-82.60232">
        <ele>763.18</ele>
      </trkpt>
      <trkpt lat="35.48357" lon="-82.60227">
        <ele>762.86</ele>
      </trkpt>
      <trkpt lat="35.48363" lon="-82.60225">
        <ele>763.44</ele>
      </trkpt>
      <trkpt lat="35.48368" lon="-82.60222">
        <ele>763.69</ele>
      </trkpt>
      <trkpt lat="35.48373" lon="-82.60219">
        <ele>763.5</ele>
      </trkpt>
      <trkpt lat="35.48378" lon="-82.60217">
        <ele>763.8</ele>
      </trkpt>
      <trkpt lat="35.48383" lon="-82.60214">
        <ele>763.96</ele>
      </trkpt>
      <trkpt lat="35.48388" lon="-82.60211">
        <ele>763.73</ele>
      </trkpt>
      <trkpt lat="35.48393" lon="-82.60208">
        <ele>763.7</ele>
      </trkpt>
      <trkpt lat="35.48398" lon="-82.60205">
        <ele>763.99</ele>
      </trkpt>
      <trkpt lat="35.48403" lon="-82.60202">
        <ele>764.07</ele>
      </trkpt>
      <trkpt lat="35.48408" lon="-82.60199">
        <ele>764.05</ele>
      </trkpt>
      <trkpt lat="35.48414" lon="-82.60197">
        <ele>764.58</ele>
      </trkpt>
      <trkpt lat="35.48418" lon="-82.60193">
        <ele>764.85</ele>
      </trkpt>
      <trkpt lat="35.48424" lon="-82.60191">
        <ele>765.34</ele>
      </trkpt>
      <trkpt lat="35.48427" lon="-82.60186">
        <ele>765.31</ele>
      </trkpt>
      <trkpt lat="35.48431" lon="-82.60182">
        <ele>765.75</ele>
      </trkpt>
      <trkpt lat="35.48435" lon="-82.60178">
        <ele>766.18</ele>
      </trkpt>
      <trkpt lat="35.48439" lon="-82.60174">
        <ele>766.49</ele>
      </trkpt>
      <trkpt lat="35.48443" lon="-82.60171">
        <ele>767.07</ele>
      </trkpt>
      <trkpt lat="35.48449" lon="-82.60168">
        <ele>768.06</ele>
      </trkpt>
      <trkpt lat="35.48454" lon="-82.60165">
        <ele>768.89</ele>
      </trkpt>
      <trkpt lat="35.48458" lon="-82.60161">
        <ele>769.6</ele>
      </trkpt>
      <trkpt lat="35.48463" lon="-82.60158">
        <ele>771.01</ele>
      </trkpt>
      <trkpt lat="35.48468" lon="-82.60155">
        <ele>771.97</ele>
      </trkpt>
      <trkpt lat="35.48473" lon="-82.60153">
        <ele>773.12</ele>
      </trkpt>
      <trkpt lat="35.48477" lon="-82.60149">
        <ele>773.98</ele>
      </trkpt>
      <trkpt lat="35.48482" lon="-82.60146">
        <ele>775.07</ele>
      </trkpt>
      <trkpt lat="35.48487" lon="-82.60143">
        <ele>775.93</ele>
      </trkpt>
      <trkpt lat="35.48492" lon="-82.6014">
        <ele>777.02</ele>
      </trkpt>
      <trkpt lat="35.48497" lon="-82.60136">
        <ele>777.89</ele>
      </trkpt>
      <trkpt lat="35.48502" lon="-82.60134">
        <ele>778.74</ele>
      </trkpt>
      <trkpt lat="35.48506" lon="-82.6013">
        <ele>779.61</ele>
      </trkpt>
      <trkpt lat="35.48509" lon="-82.60125">
        <ele>780.46</ele>
      </trkpt>
      <trkpt lat="35.48512" lon="-82.6012">
        <ele>781.3</ele>
      </trkpt>
      <trkpt lat="35.48515" lon="-82.60115">
        <ele>781.62</ele>
      </trkpt>
      <trkpt lat="35.48518" lon="-82.60109">
        <ele>781.93</ele>
      </trkpt>
      <trkpt lat="35.4852" lon="-82.60103">
        <ele>782.32</ele>
      </trkpt>
      <trkpt lat="35.48523" lon="-82.60098">
        <ele>782.55</ele>
      </trkpt>
      <trkpt lat="35.48525" lon="-82.60092">
        <ele>782.25</ele>
      </trkpt>
      <trkpt lat="35.48528" lon="-82.60086">
        <ele>781.64</ele>
      </trkpt>
      <trkpt lat="35.48532" lon="-82.6008">
        <ele>781.65</ele>
      </trkpt>
      <trkpt lat="35.48534" lon="-82.60076">
        <ele>781.43</ele>
      </trkpt>
      <trkpt lat="35.48537" lon="-82.60072">
        <ele>781.32</ele>
      </trkpt>
      <trkpt lat="35.4854" lon="-82.60067">
        <ele>780.67</ele>
      </trkpt>
      <trkpt lat="35.48544" lon="-82.60062">
        <ele>780.27</ele>
      </trkpt>
      <trkpt lat="35.48547" lon="-82.60057">
        <ele>779.7</ele>
      </trkpt>
      <trkpt lat="35.4855" lon="-82.60052">
        <ele>778.97</ele>
      </trkpt>
      <trkpt lat="35.48552" lon="-82.60046">
        <ele>778.02</ele>
      </trkpt>
      <trkpt lat="35.48555" lon="-82.60041">
        <ele>778.56</ele>
      </trkpt>
      <trkpt lat="35.48559" lon="-82.60036">
        <ele>779.64</ele>
      </trkpt>
      <trkpt lat="35.48561" lon="-82.6003">
        <ele>779.42</ele>
      </trkpt>
      <trkpt lat="35.48563" lon="-82.60024">
        <ele>779.28</ele>
      </trkpt>
      <trkpt lat="35.48566" lon="-82.6002">
        <ele>779.83</ele>
      </trkpt>
      <trkpt lat="35.48568" lon="-82.60014">
        <ele>779.4</ele>
      </trkpt>
      <trkpt lat="35.48571" lon="-82.60008">
        <ele>779.31</ele>
      </trkpt>
      <trkpt lat="35.48573" lon="-82.60002">
        <ele>778.27</ele>
      </trkpt>
      <trkpt lat="35.48576" lon="-82.59997">
        <ele>778.18</ele>
      </trkpt>
      <trkpt lat="35.48578" lon="-82.59991">
        <ele>777.75</ele>
      </trkpt>
      <trkpt lat="35.48581" lon="-82.59985">
        <ele>777.29</ele>
      </trkpt>
      <trkpt lat="35.48583" lon="-82.59979">
        <ele>776.09</ele>
      </trkpt>
      <trkpt lat="35.48585" lon="-82.59973">
        <ele>774.96</ele>
      </trkpt>
      <trkpt lat="35.48588" lon="-82.59967">
        <ele>774.89</ele>
      </trkpt>
      <trkpt lat="35.48589" lon="-82.59961">
        <ele>773.81</ele>
      </trkpt>
      <trkpt lat="35.48593" lon="-82.59956">
        <ele>773.92</ele>
      </trkpt>
      <trkpt lat="35.48596" lon="-82.59951">
        <ele>773.89</ele>
      </trkpt>
      <trkpt lat="35.48599" lon="-82.59947">
        <ele>774.32</ele>
      </trkpt>
      <trkpt lat="35.48603" lon="-82.59942">
        <ele>774.84</ele>
      </trkpt>
      <trkpt lat="35.48606" lon="-82.59937">
        <ele>774.74</ele>
      </trkpt>
      <trkpt lat="35.48609" lon="-82.59932">
        <ele>774.63</ele>
      </trkpt>
      <trkpt lat="35.48612" lon="-82.59927">
        <ele>774.52</ele>
      </trkpt>
      <trkpt lat="35.48616" lon="-82.59923">
        <ele>774.95</ele>
      </trkpt>
      <trkpt lat="35.48619" lon="-82.59917">
        <ele>774.63</ele>
      </trkpt>
      <trkpt lat="35.4862" lon="-82.5991">
        <ele>772.72</ele>
      </trkpt>
      <trkpt lat="35.48619" lon="-82.59904">
        <ele>770.77</ele>
      </trkpt>
      <trkpt lat="35.48618" lon="-82.59898">
        <ele>768.96</ele>
      </trkpt>
      <trkpt lat="35.48619" lon="-82.59893">
        <ele>768.85</ele>
      </trkpt>
      <trkpt lat="35.48624" lon="-82.59889">
        <ele>770.58</ele>
      </trkpt>
      <trkpt lat="35.48629" lon="-82.59886">
        <ele>772.13</ele>
      </trkpt>
      <trkpt lat="35.48631" lon="-82.59881">
        <ele>771.89</ele>
      </trkpt>
      <trkpt lat="35.48632" lon="-82.59874">
        <ele>770.65</ele>
      </trkpt>
      <trkpt lat="35.48634" lon="-82.59867">
        <ele>769.86</ele>
      </trkpt>
      <trkpt lat="35.48635" lon="-82.5986">
        <ele>769.2</ele>
      </trkpt>
      <trkpt lat="35.48636" lon="-82.59853">
        <ele>768.88</ele>
      </trkpt>
      <trkpt lat="35.48639" lon="-82.59847">
        <ele>769.0</ele>
      </trkpt>
      <trkpt lat="35.48641" lon="-82.59841">
        <ele>768.57</ele>
      </trkpt>
      <trkpt lat="35.48643" lon="-82.59835">
        <ele>768.14</ele>
      </trkpt>
      <trkpt lat="35.48645" lon="-82.59829">
        <ele>767.4</ele>
      </trkpt>
      <trkpt lat="35.48648" lon="-82.59823">
        <ele>766.72</ele>
      </trkpt>
      <trkpt lat="35.48648" lon="-82.59817">
        <ele>765.42</ele>
      </trkpt>
      <trkpt lat="35.48649" lon="-82.59811">
        <ele>764.51</ele>
      </trkpt>
      <trkpt lat="35.48648" lon="-82.59805">
        <ele>762.82</ele>
      </trkpt>
      <trkpt lat="35.48651" lon="-82.598">
        <ele>762.72</ele>
      </trkpt>
      <trkpt lat="35.48653" lon="-82.59795">
        <ele>762.29</ele>
      </trkpt>
      <trkpt lat="35.48657" lon="-82.59792">
        <ele>762.94</ele>
      </trkpt>
      <trkpt lat="35.4866" lon="-82.59787">
        <ele>762.83</ele>
      </trkpt>
      <trkpt lat="35.48664" lon="-82.59783">
        <ele>763.14</ele>
      </trkpt>
      <trkpt lat="35.48669" lon="-82.59779">
        <ele>763.8</ele>
      </trkpt>
      <trkpt lat="35.48673" lon="-82.59775">
        <ele>763.47</ele>
      </trkpt>
      <trkpt lat="35.48676" lon="-82.5977">
        <ele>762.5</ele>
      </trkpt>
      <trkpt lat="35.48682" lon="-82.59768">
        <ele>763.11</ele>
      </trkpt>
      <trkpt lat="35.48687" lon="-82.59765">
        <ele>762.75</ele>
      </trkpt>
      <trkpt lat="35.48693" lon="-82.59764">
        <ele>763.3</ele>
      </trkpt>
      <trkpt lat="35.48699" lon="-82.59763">
        <ele>763.41</ele>
      </trkpt>
      <trkpt lat="35.48704" lon="-82.59763">
        <ele>763.64</ele>
      </trkpt>
      <trkpt lat="35.4871" lon="-82.59762">
        <ele>763.66</ele>
      </trkpt>
      <trkpt lat="35.48716" lon="-82.59763">
        <ele>763.56</ele>
      </trkpt>
      <trkpt lat="35.48721" lon="-82.59766">
        <ele>763.45</ele>
      </trkpt>
      <trkpt lat="35.48726" lon="-82.59767">
        <ele>763.1</ele>
      </trkpt>
      <trkpt lat="35.48732" lon="-82.59769">
        <ele>763.04</ele>
      </trkpt>
      <trkpt lat="35.48737" lon="-82.59773">
        <ele>763.26</ele>
      </trkpt>
      <trkpt lat="35.48742" lon="-82.59777">
        <ele>763.48</ele>
      </trkpt>
      <trkpt lat="35.48747" lon="-82.5978">
        <ele>763.21</ele>
      </trkpt>
      <trkpt lat="35.4875" lon="-82.59786">
        <ele>763.78</ele>
      </trkpt>
      <trkpt lat="35.48754" lon="-82.59791">
        <ele>763.8</ele>
      </trkpt>
      <trkpt lat="35.48756" lon="-82.59797">
        <ele>764.48</ele>
      </trkpt>
      <trkpt lat="35.48758" lon="-82.59803">
        <ele>764.27</ele>
      </trkpt>
      <trkpt lat="35.4876" lon="-82.59809">
        <ele>763.68</ele>
      </trkpt>
      <trkpt lat="35.48764" lon="-82.59814">
        <ele>761.95</ele>
      </trkpt>
      <trkpt lat="35.48766" lon="-82.5982">
        <ele>761.5</ele>
      </trkpt>
      <trkpt lat="35.4877" lon="-82.59826">
        <ele>761.1</ele>
      </trkpt>
      <trkpt lat="35.48773" lon="-82.59831">
        <ele>761.53</ele>
      </trkpt>
      <trkpt lat="35.48777" lon="-82.59837">
        <ele>762.36</ele>
      </trkpt>
      <trkpt lat="35.48779" lon="-82.59843">
        <ele>763.73</ele>
      </trkpt>
      <trkpt lat="35.48783" lon="-82.59848">
        <ele>763.73</ele>
      </trkpt>
      <trkpt lat="35.48785" lon="-82.59854">
        <ele>764.16</ele>
      </trkpt>
      <trkpt lat="35.48786" lon="-82.5986">
        <ele>764.43</ele>
      </trkpt>
      <trkpt lat="35.48787" lon="-82.59866">
        <ele>764.02</ele>
      </trkpt>
      <trkpt lat="35.48788" lon="-82.59873">
        <ele>763.58</ele>
      </trkpt>
      <trkpt lat="35.48789" lon="-82.59879">
        <ele>763.15</ele>
      </trkpt>
      <trkpt lat="35.48791" lon="-82.59885">
        <ele>762.29</ele>
      </trkpt>
      <trkpt lat="35.48794" lon="-82.59889">
        <ele>761.01</ele>
      </trkpt>
      <trkpt lat="35.48799" lon="-82.59892">
        <ele>759.8</ele>
      </trkpt>
      <trkpt lat="35.48805" lon="-82.59894">
        <ele>758.28</ele>
      </trkpt>
      <trkpt lat="35.4881" lon="-82.59896">
        <ele>757.46</ele>
      </trkpt>
      <trkpt lat="35.48815" lon="-82.59899">
        <ele>757.35</ele>
      </trkpt>
      <trkpt lat="35.4882" lon="-82.59901">
        <ele>757.67</ele>
      </trkpt>
      <trkpt lat="35.48826" lon="-82.59902">
        <ele>757.58</ele>
      </trkpt>
      <trkpt lat="35.4883" lon="-82.59907">
        <ele>759.21</ele>
      </trkpt>
      <trkpt lat="35.48835" lon="-82.59911">
        <ele>760.3</ele>
      </trkpt>
      <trkpt lat="35.48843" lon="-82.59919">
        <ele>761.61</ele>
      </trkpt>
      <trkpt lat="35.48845" lon="-82.59921">
        <ele>761.5</ele>
      </trkpt>
      <trkpt lat="35.48848" lon="-82.59927">
        <ele>761.9</ele>
      </trkpt>
      <trkpt lat="35.48852" lon="-82.59932">
        <ele>761.25</ele>
      </trkpt>
      <trkpt lat="35.48855" lon="-82.59938">
        <ele>761.25</ele>
      </trkpt>
      <trkpt lat="35.48857" lon="-82.59944">
        <ele>761.68</ele>
      </trkpt>
      <trkpt lat="35.4886" lon="-82.59949">
        <ele>761.46</ele>
      </trkpt>
      <trkpt lat="35.48862" lon="-82.59955">
        <ele>761.76</ele>
      </trkpt>
      <trkpt lat="35.48866" lon="-82.59961">
        <ele>760.68</ele>
      </trkpt>
      <trkpt lat="35.48871" lon="-82.59964">
        <ele>759.03</ele>
      </trkpt>
      <trkpt lat="35.48876" lon="-82.59965">
        <ele>757.75</ele>
      </trkpt>
      <trkpt lat="35.48881" lon="-82.59968">
        <ele>757.7</ele>
      </trkpt>
      <trkpt lat="35.48887" lon="-82.59969">
        <ele>758.23</ele>
      </trkpt>
      <trkpt lat="35.48892" lon="-82.59971">
        <ele>759.36</ele>
      </trkpt>
      <trkpt lat="35.48898" lon="-82.59971">
        <ele>760.57</ele>
      </trkpt>
      <trkpt lat="35.48904" lon="-82.59969">
        <ele>761.22</ele>
      </trkpt>
      <trkpt lat="35.48908" lon="-82.59965">
        <ele>760.72</ele>
      </trkpt>
      <trkpt lat="35.48912" lon="-82.59961">
        <ele>759.86</ele>
      </trkpt>
      <trkpt lat="35.48917" lon="-82.5996">
        <ele>760.04</ele>
      </trkpt>
      <trkpt lat="35.48922" lon="-82.59962">
        <ele>760.69</ele>
      </trkpt>
      <trkpt lat="35.48928" lon="-82.59963">
        <ele>761.01</ele>
      </trkpt>
      <trkpt lat="35.48933" lon="-82.59965">
        <ele>761.49</ele>
      </trkpt>
      <trkpt lat="35.48939" lon="-82.59964">
        <ele>760.81</ele>
      </trkpt>
      <trkpt lat="35.48944" lon="-82.59965">
        <ele>760.49</ele>
      </trkpt>
      <trkpt lat="35.4895" lon="-82.59963">
        <ele>758.81</ele>
      </trkpt>
      <trkpt lat="35.48955" lon="-82.59967">
        <ele>759.17</ele>
      </trkpt>
      <trkpt lat="35.4896" lon="-82.5997">
        <ele>759.6</ele>
      </trkpt>
      <trkpt lat="35.48966" lon="-82.5997">
        <ele>758.95</ele>
      </trkpt>
      <trkpt lat="35.48972" lon="-82.59968">
        <ele>757.66</ele>
      </trkpt>
      <trkpt lat="35.48978" lon="-82.59966">
        <ele>756.78</ele>
      </trkpt>
      <trkpt lat="35.48984" lon="-82.59966">
        <ele>756.66</ele>
      </trkpt>
      <trkpt lat="35.48989" lon="-82.5997">
        <ele>757.52</ele>
      </trkpt>
      <trkpt lat="35.48994" lon="-82.59973">
        <ele>757.65</ele>
      </trkpt>
      <trkpt lat="35.49" lon="-82.59973">
        <ele>757.0</ele>
      </trkpt>
      <trkpt lat="35.49006" lon="-82.59971">
        <ele>756.17</ele>
      </trkpt>
      <trkpt lat="35.49012" lon="-82.59969">
        <ele>755.65</ele>
      </trkpt>
      <trkpt lat="35.49018" lon="-82.59968">
        <ele>755.54</ele>
      </trkpt>
      <trkpt lat="35.49024" lon="-82.59966">
        <ele>755.13</ele>
      </trkpt>
      <trkpt lat="35.4903" lon="-82.59964">
        <ele>754.76</ele>
      </trkpt>
      <trkpt lat="35.49035" lon="-82.59963">
        <ele>754.22</ele>
      </trkpt>
      <trkpt lat="35.49041" lon="-82.59963">
        <ele>753.57</ele>
      </trkpt>
      <trkpt lat="35.49047" lon="-82.59964">
        <ele>752.99</ele>
      </trkpt>
      <trkpt lat="35.49051" lon="-82.5996">
        <ele>753.0</ele>
      </trkpt>
      <trkpt lat="35.49055" lon="-82.5996">
        <ele>753.0</ele>
      </trkpt>
      <trkpt lat="35.49059" lon="-82.59956">
        <ele>752.63</ele>
      </trkpt>
      <trkpt lat="35.49065" lon="-82.59957">
        <ele>751.98</ele>
      </trkpt>
      <trkpt lat="35.49071" lon="-82.59957">
        <ele>751.33</ele>
      </trkpt>
      <trkpt lat="35.49076" lon="-82.59956">
        <ele>750.79</ele>
      </trkpt>
      <trkpt lat="35.49082" lon="-82.59955">
        <ele>750.14</ele>
      </trkpt>
      <trkpt lat="35.49088" lon="-82.59954">
        <ele>749.01</ele>
      </trkpt>
      <trkpt lat="35.49094" lon="-82.59954">
        <ele>748.03</ele>
      </trkpt>
      <trkpt lat="35.491" lon="-82.59953">
        <ele>747.86</ele>
      </trkpt>
      <trkpt lat="35.49105" lon="-82.59953">
        <ele>747.51</ele>
      </trkpt>
      <trkpt lat="35.49111" lon="-82.59952">
        <ele>746.64</ele>
      </trkpt>
      <trkpt lat="35.49117" lon="-82.59951">
        <ele>747.05</ele>
      </trkpt>
      <trkpt lat="35.49123" lon="-82.59949">
        <ele>747.27</ele>
      </trkpt>
      <trkpt lat="35.49129" lon="-82.59947">
        <ele>747.9</ele>
      </trkpt>
      <trkpt lat="35.49134" lon="-82.59944">
        <ele>748.4</ele>
      </trkpt>
      <trkpt lat="35.49139" lon="-82.59941">
        <ele>748.64</ele>
      </trkpt>
      <trkpt lat="35.49145" lon="-82.59938">
        <ele>748.96</ele>
      </trkpt>
      <trkpt lat="35.49149" lon="-82.59935">
        <ele>749.09</ele>
      </trkpt>
      <trkpt lat="35.49153" lon="-82.59931">
        <ele>749.52</ele>
      </trkpt>
      <trkpt lat="35.49158" lon="-82.59928">
        <ele>750.06</ele>
      </trkpt>
      <trkpt lat="35.49163" lon="-82.59925">
        <ele>750.56</ele>
      </trkpt>
      <trkpt lat="35.49168" lon="-82.59922">
        <ele>751.14</ele>
      </trkpt>
      <trkpt lat="35.49174" lon="-82.5992">
        <ele>751.79</ele>
      </trkpt>
      <trkpt lat="35.4918" lon="-82.59919">
        <ele>752.44</ele>
      </trkpt>
      <trkpt lat="35.49185" lon="-82.59916">
        <ele>752.98</ele>
      </trkpt>
      <trkpt lat="35.4919" lon="-82.59913">
        <ele>753.0</ele>
      </trkpt>
      <trkpt lat="35.49195" lon="-82.5991">
        <ele>753.06</ele>
      </trkpt>
      <trkpt lat="35.492" lon="-82.59907">
        <ele>753.6</ele>
      </trkpt>
      <trkpt lat="35.49205" lon="-82.59904">
        <ele>754.14</ele>
      </trkpt>
      <trkpt lat="35.49212" lon="-82.59902">
        <ele>754.9</ele>
      </trkpt>
      <trkpt lat="35.49216" lon="-82.59899">
        <ele>755.3</ele>
      </trkpt>
      <trkpt lat="35.49219" lon="-82.59894">
        <ele>755.5</ele>
      </trkpt>
      <trkpt lat="35.49221" lon="-82.59888">
        <ele>755.56</ele>
      </trkpt>
      <trkpt lat="35.49226" lon="-82.59885">
        <ele>755.74</ele>
      </trkpt>
      <trkpt lat="35.49232" lon="-82.59883">
        <ele>756.4</ele>
      </trkpt>
      <trkpt lat="35.49238" lon="-82.59881">
        <ele>756.75</ele>
      </trkpt>
      <trkpt lat="35.49244" lon="-82.59879">
        <ele>757.28</ele>
      </trkpt>
      <trkpt lat="35.4925" lon="-82.59879">
        <ele>757.93</ele>
      </trkpt>
      <trkpt lat="35.49256" lon="-82.59879">
        <ele>758.62</ele>
      </trkpt>
      <trkpt lat="35.49261" lon="-82.59879">
        <ele>759.19</ele>
      </trkpt>
      <trkpt lat="35.49266" lon="-82.59878">
        <ele>759.73</ele>
      </trkpt>
      <trkpt lat="35.4927" lon="-82.59874">
        <ele>760.16</ele>
      </trkpt>
      <trkpt lat="35.49275" lon="-82.59871">
        <ele>760.7</ele>
      </trkpt>
      <trkpt lat="35.4928" lon="-82.59869">
        <ele>761.13</ele>
      </trkpt>
      <trkpt lat="35.49286" lon="-82.59867">
        <ele>761.85</ele>
      </trkpt>
      <trkpt lat="35.49292" lon="-82.59865">
        <ele>762.54</ele>
      </trkpt>
      <trkpt lat="35.49298" lon="-82.59863">
        <ele>763.15</ele>
      </trkpt>
      <trkpt lat="35.49304" lon="-82.59861">
        <ele>763.83</ele>
      </trkpt>
      <trkpt lat="35.4931" lon="-82.5986">
        <ele>764.06</ele>
      </trkpt>
      <trkpt lat="35.49315" lon="-82.59857">
        <ele>764.46</ele>
      </trkpt>
      <trkpt lat="35.49321" lon="-82.59854">
        <ele>765.44</ele>
      </trkpt>
      <trkpt lat="35.49326" lon="-82.59851">
        <ele>765.95</ele>
      </trkpt>
      <trkpt lat="35.49331" lon="-82.59848">
        <ele>766.21</ele>
      </trkpt>
      <trkpt lat="35.49336" lon="-82.59845">
        <ele>767.03</ele>
      </trkpt>
      <trkpt lat="35.49341" lon="-82.59843">
        <ele>767.78</ele>
      </trkpt>
      <trkpt lat="35.49346" lon="-82.5984">
        <ele>768.37</ele>
      </trkpt>
      <trkpt lat="35.49351" lon="-82.59837">
        <ele>768.91</ele>
      </trkpt>
      <trkpt lat="35.49356" lon="-82.59834">
        <ele>769.86</ele>
      </trkpt>
      <trkpt lat="35.49361" lon="-82.59831">
        <ele>770.73</ele>
      </trkpt>
      <trkpt lat="35.49366" lon="-82.59828">
        <ele>771.26</ele>
      </trkpt>
      <trkpt lat="35.49371" lon="-82.59825">
        <ele>772.14</ele>
      </trkpt>
      <trkpt lat="35.49376" lon="-82.59823">
        <ele>773.1</ele>
      </trkpt>
      <trkpt lat="35.49385" lon="-82.59818">
        <ele>774.3</ele>
      </trkpt>
      <trkpt lat="35.49385" lon="-82.59818">
        <ele>774.3</ele>
      </trkpt>
      <trkpt lat="35.49391" lon="-82.59817">
        <ele>775.4</ele>
      </trkpt>
      <trkpt lat="35.49392" lon="-82.59817">
        <ele>775.59</ele>
      </trkpt>
      <trkpt lat="35.49396" lon="-82.59816">
        <ele>776.44</ele>
      </trkpt>
      <trkpt lat="35.49401" lon="-82.59812">
        <ele>777.0</ele>
      </trkpt>
      <trkpt lat="35.49404" lon="-82.59808">
        <ele>776.9</ele>
      </trkpt>
      <trkpt lat="35.49407" lon="-82.59803">
        <ele>776.67</ele>
      </trkpt>
      <trkpt lat="35.4941" lon="-82.59799">
        <ele>776.85</ele>
      </trkpt>
      <trkpt lat="35.49416" lon="-82.59791">
        <ele>777.28</ele>
      </trkpt>
      <trkpt lat="35.49416" lon="-82.59791">
        <ele>777.28</ele>
      </trkpt>
      <trkpt lat="35.4942" lon="-82.59786">
        <ele>777.18</ele>
      </trkpt>
      <trkpt lat="35.49424" lon="-82.59782">
        <ele>777.13</ele>
      </trkpt>
      <trkpt lat="35.49428" lon="-82.59778">
        <ele>777.25</ele>
      </trkpt>
      <trkpt lat="35.49432" lon="-82.59774">
        <ele>777.11</ele>
      </trkpt>
      <trkpt lat="35.49437" lon="-82.59771">
        <ele>777.46</ele>
      </trkpt>
      <trkpt lat="35.49441" lon="-82.59768">
        <ele>777.55</ele>
      </trkpt>
      <trkpt lat="35.49445" lon="-82.59764">
        <ele>777.6</ele>
      </trkpt>
      <trkpt lat="35.4945" lon="-82.59761">
        <ele>777.9</ele>
      </trkpt>
      <trkpt lat="35.49455" lon="-82.59757">
        <ele>778.0</ele>
      </trkpt>
      <trkpt lat="35.49459" lon="-82.59753">
        <ele>778.08</ele>
      </trkpt>
      <trkpt lat="35.49463" lon="-82.59749">
        <ele>777.79</ele>
      </trkpt>
      <trkpt lat="35.49467" lon="-82.59745">
        <ele>777.79</ele>
      </trkpt>
      <trkpt lat="35.4947" lon="-82.59741">
        <ele>777.58</ele>
      </trkpt>
      <trkpt lat="35.49474" lon="-82.59737">
        <ele>777.58</ele>
      </trkpt>
      <trkpt lat="35.49477" lon="-82.59732">
        <ele>777.14</ele>
      </trkpt>
      <trkpt lat="35.49482" lon="-82.59728">
        <ele>777.38</ele>
      </trkpt>
      <trkpt lat="35.49485" lon="-82.59723">
        <ele>777.28</ele>
      </trkpt>
      <trkpt lat="35.49488" lon="-82.59718">
        <ele>777.2</ele>
      </trkpt>
      <trkpt lat="35.49491" lon="-82.59713">
        <ele>777.06</ele>
      </trkpt>
      <trkpt lat="35.49494" lon="-82.59708">
        <ele>776.63</ele>
      </trkpt>
      <trkpt lat="35.49497" lon="-82.59702">
        <ele>775.8</ele>
      </trkpt>
      <trkpt lat="35.49499" lon="-82.59696">
        <ele>774.29</ele>
      </trkpt>
      <trkpt lat="35.49501" lon="-82.59691">
        <ele>773.91</ele>
      </trkpt>
      <trkpt lat="35.49503" lon="-82.59685">
        <ele>773.59</ele>
      </trkpt>
      <trkpt lat="35.49506" lon="-82.59679">
        <ele>772.72</ele>
      </trkpt>
      <trkpt lat="35.49508" lon="-82.59673">
        <ele>771.69</ele>
      </trkpt>
      <trkpt lat="35.49511" lon="-82.59668">
        <ele>770.81</ele>
      </trkpt>
      <trkpt lat="35.49514" lon="-82.59663">
        <ele>769.84</ele>
      </trkpt>
      <trkpt lat="35.49518" lon="-82.59658">
        <ele>769.08</ele>
      </trkpt>
      <trkpt lat="35.49522" lon="-82.59654">
        <ele>768.27</ele>
      </trkpt>
      <trkpt lat="35.49526" lon="-82.5965">
        <ele>767.41</ele>
      </trkpt>
      <trkpt lat="35.4953" lon="-82.59646">
        <ele>766.54</ele>
      </trkpt>
      <trkpt lat="35.49535" lon="-82.59644">
        <ele>766.44</ele>
      </trkpt>
      <trkpt lat="35.4954" lon="-82.59641">
        <ele>765.76</ele>
      </trkpt>
      <trkpt lat="35.49545" lon="-82.59638">
        <ele>764.6</ele>
      </trkpt>
      <trkpt lat="35.49551" lon="-82.59636">
        <ele>763.75</ele>
      </trkpt>
      <trkpt lat="35.49557" lon="-82.59636">
        <ele>763.6</ele>
      </trkpt>
      <trkpt lat="35.49563" lon="-82.59635">
        <ele>762.52</ele>
      </trkpt>
      <trkpt lat="35.49568" lon="-82.59635">
        <ele>761.49</ele>
      </trkpt>
      <trkpt lat="35.49574" lon="-82.59636">
        <ele>760.46</ele>
      </trkpt>
      <trkpt lat="35.49579" lon="-82.59637">
        <ele>759.38</ele>
      </trkpt>
      <trkpt lat="35.49585" lon="-82.59638">
        <ele>757.62</ele>
      </trkpt>
      <trkpt lat="35.4959" lon="-82.59639">
        <ele>755.44</ele>
      </trkpt>
      <trkpt lat="35.49595" lon="-82.59644">
        <ele>754.91</ele>
      </trkpt>
      <trkpt lat="35.496" lon="-82.59648">
        <ele>753.94</ele>
      </trkpt>
      <trkpt lat="35.49605" lon="-82.59651">
        <ele>752.87</ele>
      </trkpt>
      <trkpt lat="35.4961" lon="-82.59656">
        <ele>752.87</ele>
      </trkpt>
      <trkpt lat="35.49615" lon="-82.59657">
        <ele>751.14</ele>
      </trkpt>
      <trkpt lat="35.49621" lon="-82.59659">
        <ele>749.71</ele>
      </trkpt>
      <trkpt lat="35.49627" lon="-82.59658">
        <ele>747.84</ele>
      </trkpt>
      <trkpt lat="35.49632" lon="-82.59659">
        <ele>747.86</ele>
      </trkpt>
      <trkpt lat="35.49638" lon="-82.59659">
        <ele>748.28</ele>
      </trkpt>
      <trkpt lat="35.49643" lon="-82.59659">
        <ele>748.27</ele>
      </trkpt>
      <trkpt lat="35.49648" lon="-82.59658">
        <ele>748.07</ele>
      </trkpt>
      <trkpt lat="35.49652" lon="-82.59653">
        <ele>747.03</ele>
      </trkpt>
      <trkpt lat="35.49655" lon="-82.59649">
        <ele>746.79</ele>
      </trkpt>
      <trkpt lat="35.49657" lon="-82.59642">
        <ele>746.26</ele>
      </trkpt>
      <trkpt lat="35.49659" lon="-82.59637">
        <ele>745.83</ele>
      </trkpt>
      <trkpt lat="35.4966" lon="-82.59629">
        <ele>745.23</ele>
      </trkpt>
      <trkpt lat="35.49662" lon="-82.59623">
        <ele>745.14</ele>
      </trkpt>
      <trkpt lat="35.49664" lon="-82.59617">
        <ele>745.06</ele>
      </trkpt>
      <trkpt lat="35.49669" lon="-82.59614">
        <ele>745.56</ele>
      </trkpt>
      <trkpt lat="35.49674" lon="-82.59611">
        <ele>745.79</ele>
      </trkpt>
      <trkpt lat="35.49676" lon="-82.59605">
        <ele>746.01</ele>
      </trkpt>
      <trkpt lat="35.49678" lon="-82.59598">
        <ele>745.9</ele>
      </trkpt>
      <trkpt lat="35.4968" lon="-82.59592">
        <ele>745.84</ele>
      </trkpt>
      <trkpt lat="35.49682" lon="-82.59586">
        <ele>746.07</ele>
      </trkpt>
      <trkpt lat="35.49684" lon="-82.5958">
        <ele>746.3</ele>
      </trkpt>
      <trkpt lat="35.49687" lon="-82.59574">
        <ele>746.19</ele>
      </trkpt>
      <trkpt lat="35.4969" lon="-82.5957">
        <ele>746.31</ele>
      </trkpt>
      <trkpt lat="35.49692" lon="-82.59564">
        <ele>746.32</ele>
      </trkpt>
      <trkpt lat="35.49694" lon="-82.59558">
        <ele>745.47</ele>
      </trkpt>
      <trkpt lat="35.49698" lon="-82.59553">
        <ele>744.83</ele>
      </trkpt>
      <trkpt lat="35.49701" lon="-82.59548">
        <ele>744.08</ele>
      </trkpt>
      <trkpt lat="35.49704" lon="-82.59543">
        <ele>743.32</ele>
      </trkpt>
      <trkpt lat="35.49707" lon="-82.59538">
        <ele>742.56</ele>
      </trkpt>
      <trkpt lat="35.49711" lon="-82.59534">
        <ele>741.48</ele>
      </trkpt>
      <trkpt lat="35.49715" lon="-82.59529">
        <ele>739.72</ele>
      </trkpt>
      <trkpt lat="35.4972" lon="-82.59527">
        <ele>739.36</ele>
      </trkpt>
      <trkpt lat="35.49726" lon="-82.59525">
        <ele>738.62</ele>
      </trkpt>
      <trkpt lat="35.49732" lon="-82.59523">
        <ele>737.96</ele>
      </trkpt>
      <trkpt lat="35.49738" lon="-82.59521">
        <ele>737.59</ele>
      </trkpt>
      <trkpt lat="35.49744" lon="-82.59519">
        <ele>737.16</ele>
      </trkpt>
      <trkpt lat="35.4975" lon="-82.59517">
        <ele>736.34</ele>
      </trkpt>
      <trkpt lat="35.49756" lon="-82.59516">
        <ele>735.44</ele>
      </trkpt>
      <trkpt lat="35.49761" lon="-82.59515">
        <ele>734.6</ele>
      </trkpt>
      <trkpt lat="35.49767" lon="-82.59515">
        <ele>733.71</ele>
      </trkpt>
      <trkpt lat="35.49773" lon="-82.59514">
        <ele>732.56</ele>
      </trkpt>
      <trkpt lat="35.49779" lon="-82.59514">
        <ele>731.85</ele>
      </trkpt>
      <trkpt lat="35.49784" lon="-82.59513">
        <ele>730.67</ele>
      </trkpt>
      <trkpt lat="35.4979" lon="-82.59512">
        <ele>729.79</ele>
      </trkpt>
      <trkpt lat="35.49796" lon="-82.5951">
        <ele>729.16</ele>
      </trkpt>
      <trkpt lat="35.49802" lon="-82.59508">
        <ele>727.74</ele>
      </trkpt>
      <trkpt lat="35.49808" lon="-82.59506">
        <ele>726.42</ele>
      </trkpt>
      <trkpt lat="35.49814" lon="-82.59504">
        <ele>725.33</ele>
      </trkpt>
      <trkpt lat="35.4982" lon="-82.59503">
        <ele>724.23</ele>
      </trkpt>
      <trkpt lat="35.49826" lon="-82.59502">
        <ele>723.22</ele>
      </trkpt>
      <trkpt lat="35.49832" lon="-82.59502">
        <ele>722.58</ele>
      </trkpt>
      <trkpt lat="35.49838" lon="-82.59501">
        <ele>721.66</ele>
      </trkpt>
      <trkpt lat="35.49843" lon="-82.59502">
        <ele>721.16</ele>
      </trkpt>
      <trkpt lat="35.49851" lon="-82.59503">
        <ele>720.12</ele>
      </trkpt>
      <trkpt lat="35.49855" lon="-82.59503">
        <ele>719.32</ele>
      </trkpt>
      <trkpt lat="35.4986" lon="-82.59504">
        <ele>718.24</ele>
      </trkpt>
      <trkpt lat="35.49865" lon="-82.59505">
        <ele>717.16</ele>
      </trkpt>
      <trkpt lat="35.49871" lon="-82.59504">
        <ele>715.86</ele>
      </trkpt>
      <trkpt lat="35.49877" lon="-82.59504">
        <ele>714.57</ele>
      </trkpt>
      <trkpt lat="35.49883" lon="-82.59503">
        <ele>713.27</ele>
      </trkpt>
      <trkpt lat="35.49889" lon="-82.59502">
        <ele>711.98</ele>
      </trkpt>
      <trkpt lat="35.49895" lon="-82.595">
        <ele>710.68</ele>
      </trkpt>
      <trkpt lat="35.49901" lon="-82.59498">
        <ele>709.38</ele>
      </trkpt>
      <trkpt lat="35.49907" lon="-82.59496">
        <ele>708.09</ele>
      </trkpt>
      <trkpt lat="35.49913" lon="-82.59494">
        <ele>706.19</ele>
      </trkpt>
      <trkpt lat="35.49919" lon="-82.59493">
        <ele>704.5</ele>
      </trkpt>
      <trkpt lat="35.49925" lon="-82.59491">
        <ele>703.2</ele>
      </trkpt>
      <trkpt lat="35.49931" lon="-82.59491">
        <ele>701.36</ele>
      </trkpt>
      <trkpt lat="35.49936" lon="-82.59494">
        <ele>699.71</ele>
      </trkpt>
      <trkpt lat="35.4994" lon="-82.59499">
        <ele>697.98</ele>
      </trkpt>
      <trkpt lat="35.49944" lon="-82.59505">
        <ele>696.17</ele>
      </trkpt>
      <trkpt lat="35.49945" lon="-82.59511">
        <ele>695.63</ele>
      </trkpt>
      <trkpt lat="35.49947" lon="-82.59517">
        <ele>694.34</ele>
      </trkpt>
      <trkpt lat="35.49948" lon="-82.59523">
        <ele>693.36</ele>
      </trkpt>
      <trkpt lat="35.49951" lon="-82.59529">
        <ele>691.74</ele>
      </trkpt>
      <trkpt lat="35.49952" lon="-82.59535">
        <ele>690.77</ele>
      </trkpt>
      <trkpt lat="35.49954" lon="-82.59541">
        <ele>689.44</ele>
      </trkpt>
      <trkpt lat="35.49955" lon="-82.59547">
        <ele>688.36</ele>
      </trkpt>
      <trkpt lat="35.49957" lon="-82.59553">
        <ele>686.85</ele>
      </trkpt>
      <trkpt lat="35.49956" lon="-82.5956">
        <ele>686.17</ele>
      </trkpt>
      <trkpt lat="35.49957" lon="-82.59566">
        <ele>684.76</ele>
      </trkpt>
      <trkpt lat="35.49956" lon="-82.59573">
        <ele>684.15</ele>
      </trkpt>
      <trkpt lat="35.49958" lon="-82.59579">
        <ele>682.08</ele>
      </trkpt>
      <trkpt lat="35.49959" lon="-82.59585">
        <ele>680.25</ele>
      </trkpt>
      <trkpt lat="35.4996" lon="-82.59592">
        <ele>677.77</ele>
      </trkpt>
      <trkpt lat="35.49961" lon="-82.59598">
        <ele>675.89</ele>
      </trkpt>
      <trkpt lat="35.49962" lon="-82.59604">
        <ele>674.31</ele>
      </trkpt>
      <trkpt lat="35.49962" lon="-82.59611">
        <ele>673.63</ele>
      </trkpt>
      <trkpt lat="35.49963" lon="-82.59617">
        <ele>673.62</ele>
      </trkpt>
      <trkpt lat="35.49964" lon="-82.59623">
        <ele>673.22</ele>
      </trkpt>
      <trkpt lat="35.49964" lon="-82.5963">
        <ele>672.62</ele>
      </trkpt>
      <trkpt lat="35.49964" lon="-82.59636">
        <ele>671.98</ele>
      </trkpt>
      <trkpt lat="35.49964" lon="-82.59643">
        <ele>670.83</ele>
      </trkpt>
      <trkpt lat="35.49963" lon="-82.5965">
        <ele>669.59</ele>
      </trkpt>
      <trkpt lat="35.49962" lon="-82.59657">
        <ele>668.3</ele>
      </trkpt>
      <trkpt lat="35.4996" lon="-82.59664">
        <ele>667.22</ele>
      </trkpt>
      <trkpt lat="35.49959" lon="-82.59671">
        <ele>665.72</ele>
      </trkpt>
      <trkpt lat="35.49957" lon="-82.59677">
        <ele>664.37</ele>
      </trkpt>
      <trkpt lat="35.49954" lon="-82.59682">
        <ele>663.64</ele>
      </trkpt>
      <trkpt lat="35.49952" lon="-82.59688">
        <ele>662.33</ele>
      </trkpt>
      <trkpt lat="35.49949" lon="-82.59693">
        <ele>661.4</ele>
      </trkpt>
      <trkpt lat="35.49946" lon="-82.59698">
        <ele>660.9</ele>
      </trkpt>
      <trkpt lat="35.49944" lon="-82.59704">
        <ele>659.95</ele>
      </trkpt>
      <trkpt lat="35.49941" lon="-82.5971">
        <ele>658.58</ele>
      </trkpt>
      <trkpt lat="35.49938" lon="-82.59715">
        <ele>657.95</ele>
      </trkpt>
      <trkpt lat="35.49936" lon="-82.59722">
        <ele>656.87</ele>
      </trkpt>
      <trkpt lat="35.49932" lon="-82.59727">
        <ele>656.66</ele>
      </trkpt>
      <trkpt lat="35.49932" lon="-82.59727">
        <ele>656.66</ele>
      </trkpt>
      <trkpt lat="35.49928" lon="-82.59732">
        <ele>656.44</ele>
      </trkpt>
      <trkpt lat="35.49926" lon="-82.59734">
        <ele>656.44</ele>
      </trkpt>
      <trkpt lat="35.49922" lon="-82.59738">
        <ele>656.02</ele>
      </trkpt>
      <trkpt lat="35.49919" lon="-82.59742">
        <ele>655.48</ele>
      </trkpt>
      <trkpt lat="35.49916" lon="-82.59748">
        <ele>654.5</ele>
      </trkpt>
      <trkpt lat="35.49917" lon="-82.59754">
        <ele>652.67</ele>
      </trkpt>
      <trkpt lat="35.4992" lon="-82.59758">
        <ele>651.05</ele>
      </trkpt>
      <trkpt lat="35.49924" lon="-82.59761">
        <ele>649.83</ele>
      </trkpt>
      <trkpt lat="35.49928" lon="-82.59763">
        <ele>648.97</ele>
      </trkpt>
      <trkpt lat="35.49933" lon="-82.59764">
        <ele>648.21</ele>
      </trkpt>
      <trkpt lat="35.49937" lon="-82.59764">
        <ele>647.68</ele>
      </trkpt>
      <trkpt lat="35.49951" lon="-82.59762">
        <ele>645.71</ele>
      </trkpt>
      <trkpt lat="35.49953" lon="-82.59762">
        <ele>645.4</ele>
      </trkpt>
      <trkpt lat="35.49959" lon="-82.59761">
        <ele>644.83</ele>
      </trkpt>
      <trkpt lat="35.49965" lon="-82.59761">
        <ele>644.56</ele>
      </trkpt>
      <trkpt lat="35.49971" lon="-82.59759">
        <ele>643.93</ele>
      </trkpt>
      <trkpt lat="35.49977" lon="-82.59757">
        <ele>642.36</ele>
      </trkpt>
      <trkpt lat="35.49983" lon="-82.59755">
        <ele>640.84</ele>
      </trkpt>
      <trkpt lat="35.49988" lon="-82.59755">
        <ele>640.05</ele>
      </trkpt>
      <trkpt lat="35.49993" lon="-82.59759">
        <ele>640.43</ele>
      </trkpt>
      <trkpt lat="35.49999" lon="-82.59761">
        <ele>639.59</ele>
      </trkpt>
      <trkpt lat="35.50003" lon="-82.59765">
        <ele>639.07</ele>
      </trkpt>
      <trkpt lat="35.50009" lon="-82.59768">
        <ele>637.05</ele>
      </trkpt>
      <trkpt lat="35.50014" lon="-82.59772">
        <ele>636.22</ele>
      </trkpt>
      <trkpt lat="35.50018" lon="-82.59777">
        <ele>636.0</ele>
      </trkpt>
      <trkpt lat="35.50023" lon="-82.59782">
        <ele>635.46</ele>
      </trkpt>
      <trkpt lat="35.50028" lon="-82.59788">
        <ele>635.01</ele>
      </trkpt>
      <trkpt lat="35.50031" lon="-82.59793">
        <ele>634.25</ele>
      </trkpt>
      <trkpt lat="35.50031" lon="-82.598">
        <ele>634.61</ele>
      </trkpt>
      <trkpt lat="35.5003" lon="-82.59807">
        <ele>634.88</ele>
      </trkpt>
      <trkpt lat="35.50028" lon="-82.59814">
        <ele>634.99</ele>
      </trkpt>
      <trkpt lat="35.50027" lon="-82.59821">
        <ele>634.14</ele>
      </trkpt>
      <trkpt lat="35.50026" lon="-82.59828">
        <ele>633.3</ele>
      </trkpt>
      <trkpt lat="35.50024" lon="-82.59834">
        <ele>633.38</ele>
      </trkpt>
      <trkpt lat="35.50024" lon="-82.59841">
        <ele>632.62</ele>
      </trkpt>
      <trkpt lat="35.50024" lon="-82.59848">
        <ele>631.52</ele>
      </trkpt>
      <trkpt lat="35.50024" lon="-82.59854">
        <ele>630.76</ele>
      </trkpt>
      <trkpt lat="35.50024" lon="-82.59861">
        <ele>630.45</ele>
      </trkpt>
      <trkpt lat="35.50025" lon="-82.59867">
        <ele>629.16</ele>
      </trkpt>
      <trkpt lat="35.50025" lon="-82.59867">
        <ele>629.16</ele>
      </trkpt>
      <trkpt lat="35.50022" lon="-82.59882">
        <ele>628.23</ele>
      </trkpt>
      <trkpt lat="35.50022" lon="-82.59885">
        <ele>627.58</ele>
      </trkpt>
      <trkpt lat="35.50021" lon="-82.59891">
        <ele>626.77</ele>
      </trkpt>
      <trkpt lat="35.5002" lon="-82.59897">
        <ele>625.55</ele>
      </trkpt>
      <trkpt lat="35.50018" lon="-82.59902">
        <ele>625.42</ele>
      </trkpt>
      <trkpt lat="35.50016" lon="-82.59907">
        <ele>625.19</ele>
      </trkpt>
      <trkpt lat="35.50014" lon="-82.59912">
        <ele>624.71</ele>
      </trkpt>
      <trkpt lat="35.50012" lon="-82.59917">
        <ele>624.42</ele>
      </trkpt>
      <trkpt lat="35.5001" lon="-82.59923">
        <ele>623.6</ele>
      </trkpt>
      <trkpt lat="35.50013" lon="-82.59928">
        <ele>621.07</ele>
      </trkpt>
      <trkpt lat="35.50017" lon="-82.59926">
        <ele>619.64</ele>
      </trkpt>
      <trkpt lat="35.5002" lon="-82.59921">
        <ele>619.5</ele>
      </trkpt>
      <trkpt lat="35.50022" lon="-82.59915">
        <ele>619.97</ele>
      </trkpt>
      <trkpt lat="35.50023" lon="-82.5991">
        <ele>620.88</ele>
      </trkpt>
      <trkpt lat="35.50025" lon="-82.59903">
        <ele>621.45</ele>
      </trkpt>
      <trkpt lat="35.50027" lon="-82.59898">
        <ele>621.45</ele>
      </trkpt>
      <trkpt lat="35.50031" lon="-82.59894">
        <ele>620.16</ele>
      </trkpt>
      <trkpt lat="35.50035" lon="-82.59884">
        <ele>620.16</ele>
      </trkpt>
      <trkpt lat="35.50036" lon="-82.59881">
        <ele>620.26</ele>
      </trkpt>
      <trkpt lat="35.50038" lon="-82.59875">
        <ele>620.43</ele>
      </trkpt>
      <trkpt lat="35.50041" lon="-82.5987">
        <ele>619.92</ele>
      </trkpt>
      <trkpt lat="35.50044" lon="-82.59864">
        <ele>619.45</ele>
      </trkpt>
      <trkpt lat="35.50046" lon="-82.59858">
        <ele>619.14</ele>
      </trkpt>
      <trkpt lat="35.50048" lon="-82.59852">
        <ele>618.08</ele>
      </trkpt>
      <trkpt lat="35.50051" lon="-82.59847">
        <ele>616.98</ele>
      </trkpt>
      <trkpt lat="35.50054" lon="-82.59841">
        <ele>616.36</ele>
      </trkpt>
      <trkpt lat="35.50056" lon="-82.59835">
        <ele>617.24</ele>
      </trkpt>
      <trkpt lat="35.50058" lon="-82.5983">
        <ele>617.76</ele>
      </trkpt>
      <trkpt lat="35.50061" lon="-82.59825">
        <ele>617.76</ele>
      </trkpt>
      <trkpt lat="35.50064" lon="-82.59819">
        <ele>618.04</ele>
      </trkpt>
      <trkpt lat="35.50066" lon="-82.59813">
        <ele>618.71</ele>
      </trkpt>
      <trkpt lat="35.50069" lon="-82.59808">
        <ele>618.26</ele>
      </trkpt>
      <trkpt lat="35.50072" lon="-82.59803">
        <ele>617.95</ele>
      </trkpt>
      <trkpt lat="35.50075" lon="-82.59798">
        <ele>617.52</ele>
      </trkpt>
      <trkpt lat="35.50078" lon="-82.59792">
        <ele>616.73</ele>
      </trkpt>
      <trkpt lat="35.50078" lon="-82.59786">
        <ele>616.66</ele>
      </trkpt>
      <trkpt lat="35.50076" lon="-82.5978">
        <ele>616.77</ele>
      </trkpt>
      <trkpt lat="35.50074" lon="-82.59773">
        <ele>617.02</ele>
      </trkpt>
      <trkpt lat="35.50072" lon="-82.59768">
        <ele>617.62</ele>
      </trkpt>
      <trkpt lat="35.50074" lon="-82.59761">
        <ele>616.21</ele>
      </trkpt>
      <trkpt lat="35.50074" lon="-82.59754">
        <ele>616.59</ele>
      </trkpt>
      <trkpt lat="35.50075" lon="-82.59747">
        <ele>617.42</ele>
      </trkpt>
      <trkpt lat="35.50076" lon="-82.5974">
        <ele>618.54</ele>
      </trkpt>
      <trkpt lat="35.50079" lon="-82.59734">
        <ele>618.86</ele>
      </trkpt>
      <trkpt lat="35.50081" lon="-82.59728">
        <ele>618.95</ele>
      </trkpt>
      <trkpt lat="35.50083" lon="-82.59722">
        <ele>618.2</ele>
      </trkpt>
      <trkpt lat="35.50085" lon="-82.59716">
        <ele>618.19</ele>
      </trkpt>
      <trkpt lat="35.50088" lon="-82.59711">
        <ele>617.7</ele>
      </trkpt>
      <trkpt lat="35.50089" lon="-82.59704">
        <ele>618.13</ele>
      </trkpt>
      <trkpt lat="35.5009" lon="-82.59697">
        <ele>618.56</ele>
      </trkpt>
      <trkpt lat="35.50092" lon="-82.59689">
        <ele>618.23</ele>
      </trkpt>
      <trkpt lat="35.50093" lon="-82.59683">
        <ele>618.09</ele>
      </trkpt>
      <trkpt lat="35.50094" lon="-82.59676">
        <ele>618.39</ele>
      </trkpt>
      <trkpt lat="35.50095" lon="-82.59669">
        <ele>618.15</ele>
      </trkpt>
      <trkpt lat="35.50097" lon="-82.59662">
        <ele>617.84</ele>
      </trkpt>
      <trkpt lat="35.50098" lon="-82.59655">
        <ele>617.66</ele>
      </trkpt>
      <trkpt lat="35.50099" lon="-82.59648">
        <ele>617.24</ele>
      </trkpt>
      <trkpt lat="35.50101" lon="-82.59641">
        <ele>617.07</ele>
      </trkpt>
      <trkpt lat="35.50103" lon="-82.59635">
        <ele>616.63</ele>
      </trkpt>
      <trkpt lat="35.50105" lon="-82.59629">
        <ele>616.02</ele>
      </trkpt>
      <trkpt lat="35.50107" lon="-82.59623">
        <ele>615.65</ele>
      </trkpt>
      <trkpt lat="35.5011" lon="-82.59617">
        <ele>614.84</ele>
      </trkpt>
      <trkpt lat="35.50112" lon="-82.59611">
        <ele>614.71</ele>
      </trkpt>
      <trkpt lat="35.50112" lon="-82.59605">
        <ele>614.71</ele>
      </trkpt>
      <trkpt lat="35.50112" lon="-82.59598">
        <ele>614.71</ele>
      </trkpt>
      <trkpt lat="35.50112" lon="-82.59592">
        <ele>614.71</ele>
      </trkpt>
      <trkpt lat="35.50112" lon="-82.59585">
        <ele>614.71</ele>
      </trkpt>
      <trkpt lat="35.50113" lon="-82.59579">
        <ele>614.02</ele>
      </trkpt>
      <trkpt lat="35.50113" lon="-82.59572">
        <ele>613.41</ele>
      </trkpt>
      <trkpt lat="35.50114" lon="-82.59565">
        <ele>612.7</ele>
      </trkpt>
      <trkpt lat="35.50112" lon="-82.59559">
        <ele>612.9</ele>
      </trkpt>
      <trkpt lat="35.50111" lon="-82.59553">
        <ele>613.04</ele>
      </trkpt>
      <trkpt lat="35.50109" lon="-82.59547">
        <ele>613.89</ele>
      </trkpt>
      <trkpt lat="35.5011" lon="-82.5954">
        <ele>614.08</ele>
      </trkpt>
      <trkpt lat="35.50109" lon="-82.59534">
        <ele>614.68</ele>
      </trkpt>
      <trkpt lat="35.5011" lon="-82.59527">
        <ele>614.35</ele>
      </trkpt>
      <trkpt lat="35.50108" lon="-82.59521">
        <ele>614.76</ele>
      </trkpt>
      <trkpt lat="35.50106" lon="-82.59515">
        <ele>615.31</ele>
      </trkpt>
      <trkpt lat="35.50104" lon="-82.59509">
        <ele>616.38</ele>
      </trkpt>
      <trkpt lat="35.50105" lon="-82.59502">
        <ele>617.8</ele>
      </trkpt>
      <trkpt lat="35.50106" lon="-82.59495">
        <ele>618.6</ele>
      </trkpt>
      <trkpt lat="35.50107" lon="-82.59488">
        <ele>618.83</ele>
      </trkpt>
      <trkpt lat="35.50108" lon="-82.59481">
        <ele>618.71</ele>
      </trkpt>
      <trkpt lat="35.50108" lon="-82.59475">
        <ele>619.14</ele>
      </trkpt>
      <trkpt lat="35.50108" lon="-82.59468">
        <ele>619.5</ele>
      </trkpt>
      <trkpt lat="35.50109" lon="-82.59462">
        <ele>619.16</ele>
      </trkpt>
      <trkpt lat="35.50109" lon="-82.59455">
        <ele>619.34</ele>
      </trkpt>
      <trkpt lat="35.50108" lon="-82.59449">
        <ele>620.02</ele>
      </trkpt>
      <trkpt lat="35.50109" lon="-82.59442">
        <ele>619.31</ele>
      </trkpt>
      <trkpt lat="35.50108" lon="-82.59437">
        <ele>619.75</ele>
      </trkpt>
      <trkpt lat="35.50111" lon="-82.59435">
        <ele>618.1</ele>
      </trkpt>
      <trkpt lat="35.50117" lon="-82.59434">
        <ele>618.17</ele>
      </trkpt>
      <trkpt lat="35.50122" lon="-82.59438">
        <ele>617.27</ele>
      </trkpt>
      <trkpt lat="35.50127" lon="-82.59443">
        <ele>616.2</ele>
      </trkpt>
      <trkpt lat="35.50132" lon="-82.59449">
        <ele>616.0</ele>
      </trkpt>
      <trkpt lat="35.50132" lon="-82.59449">
        <ele>616.0</ele>
      </trkpt>
      <trkpt lat="35.50133" lon="-82.5945">
        <ele>616.0</ele>
      </trkpt>
      <trkpt lat="35.50137" lon="-82.59451">
        <ele>616.0</ele>
      </trkpt>
      <trkpt lat="35.50141" lon="-82.59452">
        <ele>615.69</ele>
      </trkpt>
      <trkpt lat="35.50146" lon="-82.59451">
        <ele>614.78</ele>
      </trkpt>
      <trkpt lat="35.50151" lon="-82.59451">
        <ele>613.89</ele>
      </trkpt>
      <trkpt lat="35.50155" lon="-82.59452">
        <ele>613.29</ele>
      </trkpt>
      <trkpt lat="35.5016" lon="-82.59453">
        <ele>612.64</ele>
      </trkpt>
      <trkpt lat="35.50165" lon="-82.59455">
        <ele>612.43</ele>
      </trkpt>
      <trkpt lat="35.50172" lon="-82.59456">
        <ele>612.5</ele>
      </trkpt>
      <trkpt lat="35.50175" lon="-82.59453">
        <ele>611.99</ele>
      </trkpt>
      <trkpt lat="35.50176" lon="-82.59447">
        <ele>611.99</ele>
      </trkpt>
      <trkpt lat="35.50178" lon="-82.59441">
        <ele>611.78</ele>
      </trkpt>
      <trkpt lat="35.5018" lon="-82.59434">
        <ele>611.49</ele>
      </trkpt>
      <trkpt lat="35.5018" lon="-82.59427">
        <ele>611.06</ele>
      </trkpt>
      <trkpt lat="35.50181" lon="-82.5942">
        <ele>611.0</ele>
      </trkpt>
      <trkpt lat="35.50179" lon="-82.59414">
        <ele>610.9</ele>
      </trkpt>
      <trkpt lat="35.50178" lon="-82.59408">
        <ele>610.79</ele>
      </trkpt>
      <trkpt lat="35.50175" lon="-82.59402">
        <ele>611.0</ele>
      </trkpt>
      <trkpt lat="35.50174" lon="-82.59396">
        <ele>611.0</ele>
      </trkpt>
      <trkpt lat="35.50172" lon="-82.5939">
        <ele>611.0</ele>
      </trkpt>
      <trkpt lat="35.50173" lon="-82.59385">
        <ele>611.71</ele>
      </trkpt>
      <trkpt lat="35.50176" lon="-82.5938">
        <ele>612.9</ele>
      </trkpt>
      <trkpt lat="35.50179" lon="-82.59375">
        <ele>612.17</ele>
      </trkpt>
      <trkpt lat="35.50181" lon="-82.59361">
        <ele>610.9</ele>
      </trkpt>
    </trkseg>
  </trk>
</gpx>
