<?xml version="1.0"?>
<gpx xmlns="http://www.topografix.com/GPX/1/1" xmlns:xsi="http://www.w3.org/2001/XMLSchema-instance" version="1.1" creator="AllTrails.com" xsi:schemaLocation="http://www.topografix.com/GPX/1/1 http://www.topografix.com/GPX/1/1/gpx.xsd">
  <metadata>
    <name><![CDATA[PF440 - MST (excluding shut-in)]]></name>
    <desc><![CDATA[]]></desc>
    <link href="http://www.alltrails.com">
      <text>AllTrails, LLC</text>
    </link>
    <bounds minlat="35.30022" minlon="-82.95355" maxlat="35.41505" maxlon="-82.74654"/>
  </metadata>
  <trk>
    <name><![CDATA[PF440 - MST (excluding shut-in)]]></name>
    <src>AllTrails</src>
    <trkseg>
      <trkpt lat="35.41505" lon="-82.74863">
        <ele>1518.73</ele>
      </trkpt>
      <trkpt lat="35.41505" lon="-82.74863">
        <ele>1518.73</ele>
      </trkpt>
      <trkpt lat="35.41454" lon="-82.74891">
        <ele>1523.96</ele>
      </trkpt>
      <trkpt lat="35.41438" lon="-82.74894">
        <ele>1525.25</ele>
      </trkpt>
      <trkpt lat="35.41426" lon="-82.74901">
        <ele>1526.69</ele>
      </trkpt>
      <trkpt lat="35.41414" lon="-82.74904">
        <ele>1527.55</ele>
      </trkpt>
      <trkpt lat="35.41385" lon="-82.74905">
        <ele>1527.35</ele>
      </trkpt>
      <trkpt lat="35.41377" lon="-82.74903">
        <ele>1525.94</ele>
      </trkpt>
      <trkpt lat="35.41375" lon="-82.74909">
        <ele>1527.0</ele>
      </trkpt>
      <trkpt lat="35.41368" lon="-82.74914">
        <ele>1526.05</ele>
      </trkpt>
      <trkpt lat="35.41356" lon="-82.7492">
        <ele>1524.81</ele>
      </trkpt>
      <trkpt lat="35.41349" lon="-82.74926">
        <ele>1525.0</ele>
      </trkpt>
      <trkpt lat="35.41332" lon="-82.74931">
        <ele>1524.47</ele>
      </trkpt>
      <trkpt lat="35.41322" lon="-82.74925">
        <ele>1523.52</ele>
      </trkpt>
      <trkpt lat="35.41293" lon="-82.7493">
        <ele>1522.28</ele>
      </trkpt>
      <trkpt lat="35.41289" lon="-82.74915">
        <ele>1520.82</ele>
      </trkpt>
      <trkpt lat="35.41274" lon="-82.74909">
        <ele>1520.17</ele>
      </trkpt>
      <trkpt lat="35.41266" lon="-82.74893">
        <ele>1517.48</ele>
      </trkpt>
      <trkpt lat="35.41254" lon="-82.74893">
        <ele>1518.2</ele>
      </trkpt>
      <trkpt lat="35.41219" lon="-82.74888">
        <ele>1515.65</ele>
      </trkpt>
      <trkpt lat="35.41181" lon="-82.74828">
        <ele>1513.81</ele>
      </trkpt>
      <trkpt lat="35.4113" lon="-82.74737">
        <ele>1516.46</ele>
      </trkpt>
      <trkpt lat="35.41092" lon="-82.74688">
        <ele>1522.06</ele>
      </trkpt>
      <trkpt lat="35.41062" lon="-82.74667">
        <ele>1527.28</ele>
      </trkpt>
      <trkpt lat="35.41033" lon="-82.7466">
        <ele>1531.44</ele>
      </trkpt>
      <trkpt lat="35.41018" lon="-82.74654">
        <ele>1534.06</ele>
      </trkpt>
      <trkpt lat="35.41004" lon="-82.7466">
        <ele>1536.26</ele>
      </trkpt>
      <trkpt lat="35.40989" lon="-82.7467">
        <ele>1540.38</ele>
      </trkpt>
      <trkpt lat="35.40969" lon="-82.74675">
        <ele>1544.38</ele>
      </trkpt>
      <trkpt lat="35.40949" lon="-82.74707">
        <ele>1546.99</ele>
      </trkpt>
      <trkpt lat="35.40928" lon="-82.74733">
        <ele>1550.16</ele>
      </trkpt>
      <trkpt lat="35.40905" lon="-82.74759">
        <ele>1553.81</ele>
      </trkpt>
      <trkpt lat="35.40883" lon="-82.74774">
        <ele>1556.83</ele>
      </trkpt>
      <trkpt lat="35.40865" lon="-82.74793">
        <ele>1556.29</ele>
      </trkpt>
      <trkpt lat="35.40846" lon="-82.7481">
        <ele>1555.5</ele>
      </trkpt>
      <trkpt lat="35.4082" lon="-82.74819">
        <ele>1557.28</ele>
      </trkpt>
      <trkpt lat="35.40795" lon="-82.74817">
        <ele>1558.29</ele>
      </trkpt>
      <trkpt lat="35.40767" lon="-82.74825">
        <ele>1556.7</ele>
      </trkpt>
      <trkpt lat="35.40743" lon="-82.74838">
        <ele>1554.63</ele>
      </trkpt>
      <trkpt lat="35.40718" lon="-82.74855">
        <ele>1554.08</ele>
      </trkpt>
      <trkpt lat="35.40692" lon="-82.74881">
        <ele>1552.12</ele>
      </trkpt>
      <trkpt lat="35.40675" lon="-82.74916">
        <ele>1549.07</ele>
      </trkpt>
      <trkpt lat="35.40671" lon="-82.7495">
        <ele>1546.0</ele>
      </trkpt>
      <trkpt lat="35.40668" lon="-82.74995">
        <ele>1549.25</ele>
      </trkpt>
      <trkpt lat="35.40655" lon="-82.75034">
        <ele>1548.59</ele>
      </trkpt>
      <trkpt lat="35.40633" lon="-82.75061">
        <ele>1547.26</ele>
      </trkpt>
      <trkpt lat="35.40605" lon="-82.75076">
        <ele>1545.19</ele>
      </trkpt>
      <trkpt lat="35.40571" lon="-82.75087">
        <ele>1541.85</ele>
      </trkpt>
      <trkpt lat="35.40545" lon="-82.75094">
        <ele>1537.33</ele>
      </trkpt>
      <trkpt lat="35.40515" lon="-82.75109">
        <ele>1536.25</ele>
      </trkpt>
      <trkpt lat="35.40493" lon="-82.75132">
        <ele>1538.74</ele>
      </trkpt>
      <trkpt lat="35.40466" lon="-82.75139">
        <ele>1531.02</ele>
      </trkpt>
      <trkpt lat="35.40447" lon="-82.75149">
        <ele>1528.67</ele>
      </trkpt>
      <trkpt lat="35.4045" lon="-82.75168">
        <ele>1530.71</ele>
      </trkpt>
      <trkpt lat="35.4045" lon="-82.75168">
        <ele>1530.71</ele>
      </trkpt>
      <trkpt lat="35.40458" lon="-82.75216">
        <ele>1526.6</ele>
      </trkpt>
      <trkpt lat="35.40445" lon="-82.7524">
        <ele>1521.14</ele>
      </trkpt>
      <trkpt lat="35.40428" lon="-82.75261">
        <ele>1515.85</ele>
      </trkpt>
      <trkpt lat="35.40374" lon="-82.75302">
        <ele>1506.78</ele>
      </trkpt>
      <trkpt lat="35.40365" lon="-82.75321">
        <ele>1504.33</ele>
      </trkpt>
      <trkpt lat="35.40369" lon="-82.75331">
        <ele>1503.25</ele>
      </trkpt>
      <trkpt lat="35.40369" lon="-82.75335">
        <ele>1502.82</ele>
      </trkpt>
      <trkpt lat="35.40365" lon="-82.75337">
        <ele>1502.6</ele>
      </trkpt>
      <trkpt lat="35.40349" lon="-82.75353">
        <ele>1502.0</ele>
      </trkpt>
      <trkpt lat="35.40328" lon="-82.75375">
        <ele>1501.5</ele>
      </trkpt>
      <trkpt lat="35.40312" lon="-82.75395">
        <ele>1501.54</ele>
      </trkpt>
      <trkpt lat="35.40298" lon="-82.75413">
        <ele>1502.0</ele>
      </trkpt>
      <trkpt lat="35.40294" lon="-82.75419">
        <ele>1502.0</ele>
      </trkpt>
      <trkpt lat="35.40293" lon="-82.75428">
        <ele>1502.0</ele>
      </trkpt>
      <trkpt lat="35.40279" lon="-82.75422">
        <ele>1502.0</ele>
      </trkpt>
      <trkpt lat="35.40262" lon="-82.75418">
        <ele>1499.13</ele>
      </trkpt>
      <trkpt lat="35.40254" lon="-82.75425">
        <ele>1497.47</ele>
      </trkpt>
      <trkpt lat="35.4024" lon="-82.75444">
        <ele>1498.3</ele>
      </trkpt>
      <trkpt lat="35.40232" lon="-82.75469">
        <ele>1498.6</ele>
      </trkpt>
      <trkpt lat="35.40221" lon="-82.7551">
        <ele>1499.25</ele>
      </trkpt>
      <trkpt lat="35.40208" lon="-82.75543">
        <ele>1498.42</ele>
      </trkpt>
      <trkpt lat="35.40201" lon="-82.75572">
        <ele>1498.54</ele>
      </trkpt>
      <trkpt lat="35.40207" lon="-82.75604">
        <ele>1500.42</ele>
      </trkpt>
      <trkpt lat="35.40197" lon="-82.75632">
        <ele>1495.38</ele>
      </trkpt>
      <trkpt lat="35.402" lon="-82.75667">
        <ele>1498.82</ele>
      </trkpt>
      <trkpt lat="35.40176" lon="-82.75715">
        <ele>1495.68</ele>
      </trkpt>
      <trkpt lat="35.40153" lon="-82.75745">
        <ele>1493.28</ele>
      </trkpt>
      <trkpt lat="35.40139" lon="-82.75766">
        <ele>1493.51</ele>
      </trkpt>
      <trkpt lat="35.40125" lon="-82.75781">
        <ele>1489.02</ele>
      </trkpt>
      <trkpt lat="35.40128" lon="-82.75744">
        <ele>1479.53</ele>
      </trkpt>
      <trkpt lat="35.40105" lon="-82.75767">
        <ele>1474.66</ele>
      </trkpt>
      <trkpt lat="35.40098" lon="-82.75782">
        <ele>1471.5</ele>
      </trkpt>
      <trkpt lat="35.40093" lon="-82.75812">
        <ele>1468.99</ele>
      </trkpt>
      <trkpt lat="35.40094" lon="-82.75771">
        <ele>1468.8</ele>
      </trkpt>
      <trkpt lat="35.40092" lon="-82.75757">
        <ele>1464.96</ele>
      </trkpt>
      <trkpt lat="35.4008" lon="-82.75785">
        <ele>1458.98</ele>
      </trkpt>
      <trkpt lat="35.40082" lon="-82.75798">
        <ele>1461.02</ele>
      </trkpt>
      <trkpt lat="35.40075" lon="-82.75809">
        <ele>1456.97</ele>
      </trkpt>
      <trkpt lat="35.40069" lon="-82.75792">
        <ele>1452.01</ele>
      </trkpt>
      <trkpt lat="35.40065" lon="-82.75775">
        <ele>1449.42</ele>
      </trkpt>
      <trkpt lat="35.40056" lon="-82.75754">
        <ele>1443.72</ele>
      </trkpt>
      <trkpt lat="35.40042" lon="-82.75792">
        <ele>1434.25</ele>
      </trkpt>
      <trkpt lat="35.40023" lon="-82.75808">
        <ele>1432.99</ele>
      </trkpt>
      <trkpt lat="35.4001" lon="-82.75817">
        <ele>1431.03</ele>
      </trkpt>
      <trkpt lat="35.39968" lon="-82.75827">
        <ele>1421.67</ele>
      </trkpt>
      <trkpt lat="35.39995" lon="-82.75809">
        <ele>1422.16</ele>
      </trkpt>
      <trkpt lat="35.40017" lon="-82.75781">
        <ele>1419.34</ele>
      </trkpt>
      <trkpt lat="35.4001" lon="-82.75743">
        <ele>1413.99</ele>
      </trkpt>
      <trkpt lat="35.40026" lon="-82.75708">
        <ele>1416.71</ele>
      </trkpt>
      <trkpt lat="35.40056" lon="-82.75659">
        <ele>1407.83</ele>
      </trkpt>
      <trkpt lat="35.40056" lon="-82.75649">
        <ele>1403.64</ele>
      </trkpt>
      <trkpt lat="35.40056" lon="-82.75649">
        <ele>1403.64</ele>
      </trkpt>
      <trkpt lat="35.40058" lon="-82.75611">
        <ele>1396.55</ele>
      </trkpt>
      <trkpt lat="35.40066" lon="-82.75524">
        <ele>1395.56</ele>
      </trkpt>
      <trkpt lat="35.40078" lon="-82.75482">
        <ele>1388.49</ele>
      </trkpt>
      <trkpt lat="35.40083" lon="-82.75448">
        <ele>1393.05</ele>
      </trkpt>
      <trkpt lat="35.40062" lon="-82.75379">
        <ele>1389.95</ele>
      </trkpt>
      <trkpt lat="35.40062" lon="-82.75403">
        <ele>1391.26</ele>
      </trkpt>
      <trkpt lat="35.40052" lon="-82.75436">
        <ele>1382.64</ele>
      </trkpt>
      <trkpt lat="35.40051" lon="-82.75448">
        <ele>1378.68</ele>
      </trkpt>
      <trkpt lat="35.40054" lon="-82.75479">
        <ele>1375.87</ele>
      </trkpt>
      <trkpt lat="35.40052" lon="-82.7549">
        <ele>1379.19</ele>
      </trkpt>
      <trkpt lat="35.40029" lon="-82.75543">
        <ele>1379.3</ele>
      </trkpt>
      <trkpt lat="35.40019" lon="-82.75585">
        <ele>1377.26</ele>
      </trkpt>
      <trkpt lat="35.40013" lon="-82.75601">
        <ele>1371.3</ele>
      </trkpt>
      <trkpt lat="35.40006" lon="-82.7561">
        <ele>1371.46</ele>
      </trkpt>
      <trkpt lat="35.39983" lon="-82.75627">
        <ele>1370.8</ele>
      </trkpt>
      <trkpt lat="35.39918" lon="-82.75661">
        <ele>1363.26</ele>
      </trkpt>
      <trkpt lat="35.39911" lon="-82.75695">
        <ele>1363.27</ele>
      </trkpt>
      <trkpt lat="35.39898" lon="-82.757">
        <ele>1359.01</ele>
      </trkpt>
      <trkpt lat="35.3988" lon="-82.757">
        <ele>1358.84</ele>
      </trkpt>
      <trkpt lat="35.39838" lon="-82.75687">
        <ele>1355.59</ele>
      </trkpt>
      <trkpt lat="35.39826" lon="-82.75686">
        <ele>1355.19</ele>
      </trkpt>
      <trkpt lat="35.39814" lon="-82.75691">
        <ele>1352.96</ele>
      </trkpt>
      <trkpt lat="35.39808" lon="-82.75691">
        <ele>1350.77</ele>
      </trkpt>
      <trkpt lat="35.39802" lon="-82.75688">
        <ele>1349.95</ele>
      </trkpt>
      <trkpt lat="35.39794" lon="-82.7568">
        <ele>1349.71</ele>
      </trkpt>
      <trkpt lat="35.39773" lon="-82.75644">
        <ele>1345.94</ele>
      </trkpt>
      <trkpt lat="35.39767" lon="-82.75638">
        <ele>1346.04</ele>
      </trkpt>
      <trkpt lat="35.39751" lon="-82.75628">
        <ele>1345.21</ele>
      </trkpt>
      <trkpt lat="35.39711" lon="-82.75612">
        <ele>1341.52</ele>
      </trkpt>
      <trkpt lat="35.39682" lon="-82.75594">
        <ele>1336.61</ele>
      </trkpt>
      <trkpt lat="35.39661" lon="-82.75588">
        <ele>1336.93</ele>
      </trkpt>
      <trkpt lat="35.39639" lon="-82.75575">
        <ele>1335.39</ele>
      </trkpt>
      <trkpt lat="35.39598" lon="-82.7555">
        <ele>1330.27</ele>
      </trkpt>
      <trkpt lat="35.3956" lon="-82.75519">
        <ele>1324.25</ele>
      </trkpt>
      <trkpt lat="35.39539" lon="-82.75507">
        <ele>1322.6</ele>
      </trkpt>
      <trkpt lat="35.39515" lon="-82.75488">
        <ele>1319.76</ele>
      </trkpt>
      <trkpt lat="35.39486" lon="-82.7547">
        <ele>1316.79</ele>
      </trkpt>
      <trkpt lat="35.39454" lon="-82.75457">
        <ele>1316.07</ele>
      </trkpt>
      <trkpt lat="35.39426" lon="-82.75448">
        <ele>1312.15</ele>
      </trkpt>
      <trkpt lat="35.39398" lon="-82.75428">
        <ele>1310.43</ele>
      </trkpt>
      <trkpt lat="35.39388" lon="-82.75424">
        <ele>1308.49</ele>
      </trkpt>
      <trkpt lat="35.39382" lon="-82.75426">
        <ele>1308.27</ele>
      </trkpt>
      <trkpt lat="35.39377" lon="-82.75432">
        <ele>1308.19</ele>
      </trkpt>
      <trkpt lat="35.39374" lon="-82.7544">
        <ele>1307.99</ele>
      </trkpt>
      <trkpt lat="35.39371" lon="-82.75457">
        <ele>1307.25</ele>
      </trkpt>
      <trkpt lat="35.39373" lon="-82.75474">
        <ele>1306.94</ele>
      </trkpt>
      <trkpt lat="35.39388" lon="-82.75527">
        <ele>1300.77</ele>
      </trkpt>
      <trkpt lat="35.39393" lon="-82.75566">
        <ele>1297.92</ele>
      </trkpt>
      <trkpt lat="35.39402" lon="-82.75607">
        <ele>1296.38</ele>
      </trkpt>
      <trkpt lat="35.39415" lon="-82.75632">
        <ele>1300.45</ele>
      </trkpt>
      <trkpt lat="35.39423" lon="-82.75653">
        <ele>1298.16</ele>
      </trkpt>
      <trkpt lat="35.3943" lon="-82.75665">
        <ele>1296.4</ele>
      </trkpt>
      <trkpt lat="35.39476" lon="-82.75723">
        <ele>1290.35</ele>
      </trkpt>
      <trkpt lat="35.39483" lon="-82.75738">
        <ele>1287.38</ele>
      </trkpt>
      <trkpt lat="35.39487" lon="-82.75754">
        <ele>1286.21</ele>
      </trkpt>
      <trkpt lat="35.39491" lon="-82.75783">
        <ele>1286.01</ele>
      </trkpt>
      <trkpt lat="35.3949" lon="-82.75792">
        <ele>1284.64</ele>
      </trkpt>
      <trkpt lat="35.39484" lon="-82.75803">
        <ele>1281.16</ele>
      </trkpt>
      <trkpt lat="35.3948" lon="-82.75808">
        <ele>1280.95</ele>
      </trkpt>
      <trkpt lat="35.39448" lon="-82.7583">
        <ele>1285.93</ele>
      </trkpt>
      <trkpt lat="35.39435" lon="-82.75836">
        <ele>1284.15</ele>
      </trkpt>
      <trkpt lat="35.39402" lon="-82.75834">
        <ele>1279.05</ele>
      </trkpt>
      <trkpt lat="35.39334" lon="-82.75849">
        <ele>1271.63</ele>
      </trkpt>
      <trkpt lat="35.39324" lon="-82.7585">
        <ele>1270.01</ele>
      </trkpt>
      <trkpt lat="35.39282" lon="-82.75841">
        <ele>1268.86</ele>
      </trkpt>
      <trkpt lat="35.39272" lon="-82.7584">
        <ele>1268.16</ele>
      </trkpt>
      <trkpt lat="35.39265" lon="-82.75843">
        <ele>1268.75</ele>
      </trkpt>
      <trkpt lat="35.39258" lon="-82.75851">
        <ele>1270.34</ele>
      </trkpt>
      <trkpt lat="35.39249" lon="-82.7587">
        <ele>1268.57</ele>
      </trkpt>
      <trkpt lat="35.39245" lon="-82.75892">
        <ele>1264.66</ele>
      </trkpt>
      <trkpt lat="35.39238" lon="-82.75909">
        <ele>1261.86</ele>
      </trkpt>
      <trkpt lat="35.39226" lon="-82.75924">
        <ele>1259.42</ele>
      </trkpt>
      <trkpt lat="35.39209" lon="-82.75942">
        <ele>1257.08</ele>
      </trkpt>
      <trkpt lat="35.39205" lon="-82.75949">
        <ele>1257.4</ele>
      </trkpt>
      <trkpt lat="35.39202" lon="-82.75961">
        <ele>1258.09</ele>
      </trkpt>
      <trkpt lat="35.39201" lon="-82.75972">
        <ele>1257.83</ele>
      </trkpt>
      <trkpt lat="35.39207" lon="-82.76005">
        <ele>1256.54</ele>
      </trkpt>
      <trkpt lat="35.39209" lon="-82.76015">
        <ele>1255.0</ele>
      </trkpt>
      <trkpt lat="35.39229" lon="-82.76061">
        <ele>1248.9</ele>
      </trkpt>
      <trkpt lat="35.39231" lon="-82.76076">
        <ele>1245.11</ele>
      </trkpt>
      <trkpt lat="35.39228" lon="-82.76101">
        <ele>1244.28</ele>
      </trkpt>
      <trkpt lat="35.39225" lon="-82.76108">
        <ele>1242.56</ele>
      </trkpt>
      <trkpt lat="35.3922" lon="-82.76116">
        <ele>1240.87</ele>
      </trkpt>
      <trkpt lat="35.39214" lon="-82.76121">
        <ele>1239.64</ele>
      </trkpt>
      <trkpt lat="35.39168" lon="-82.76131">
        <ele>1238.91</ele>
      </trkpt>
      <trkpt lat="35.39144" lon="-82.76143">
        <ele>1238.43</ele>
      </trkpt>
      <trkpt lat="35.39131" lon="-82.76147">
        <ele>1237.55</ele>
      </trkpt>
      <trkpt lat="35.39085" lon="-82.76149">
        <ele>1238.46</ele>
      </trkpt>
      <trkpt lat="35.39036" lon="-82.76159">
        <ele>1242.58</ele>
      </trkpt>
      <trkpt lat="35.39023" lon="-82.76166">
        <ele>1244.2</ele>
      </trkpt>
      <trkpt lat="35.39016" lon="-82.76172">
        <ele>1245.18</ele>
      </trkpt>
      <trkpt lat="35.39012" lon="-82.76178">
        <ele>1246.04</ele>
      </trkpt>
      <trkpt lat="35.3901" lon="-82.76195">
        <ele>1249.16</ele>
      </trkpt>
      <trkpt lat="35.39018" lon="-82.7627">
        <ele>1244.5</ele>
      </trkpt>
      <trkpt lat="35.39027" lon="-82.76292">
        <ele>1249.5</ele>
      </trkpt>
      <trkpt lat="35.39033" lon="-82.76317">
        <ele>1250.01</ele>
      </trkpt>
      <trkpt lat="35.39037" lon="-82.76328">
        <ele>1249.71</ele>
      </trkpt>
      <trkpt lat="35.39045" lon="-82.76339">
        <ele>1248.13</ele>
      </trkpt>
      <trkpt lat="35.39052" lon="-82.76345">
        <ele>1247.97</ele>
      </trkpt>
      <trkpt lat="35.39076" lon="-82.76356">
        <ele>1249.87</ele>
      </trkpt>
      <trkpt lat="35.39081" lon="-82.7636">
        <ele>1247.69</ele>
      </trkpt>
      <trkpt lat="35.39086" lon="-82.76365">
        <ele>1244.01</ele>
      </trkpt>
      <trkpt lat="35.39087" lon="-82.76372">
        <ele>1240.29</ele>
      </trkpt>
      <trkpt lat="35.39082" lon="-82.76394">
        <ele>1239.11</ele>
      </trkpt>
      <trkpt lat="35.39075" lon="-82.76409">
        <ele>1239.13</ele>
      </trkpt>
      <trkpt lat="35.3907" lon="-82.76417">
        <ele>1238.5</ele>
      </trkpt>
      <trkpt lat="35.39065" lon="-82.76429">
        <ele>1240.45</ele>
      </trkpt>
      <trkpt lat="35.39063" lon="-82.76438">
        <ele>1242.07</ele>
      </trkpt>
      <trkpt lat="35.39063" lon="-82.76457">
        <ele>1242.34</ele>
      </trkpt>
      <trkpt lat="35.39071" lon="-82.7649">
        <ele>1241.86</ele>
      </trkpt>
      <trkpt lat="35.39071" lon="-82.76499">
        <ele>1241.08</ele>
      </trkpt>
      <trkpt lat="35.39069" lon="-82.76506">
        <ele>1240.65</ele>
      </trkpt>
      <trkpt lat="35.39062" lon="-82.76517">
        <ele>1238.97</ele>
      </trkpt>
      <trkpt lat="35.39051" lon="-82.76524">
        <ele>1239.08</ele>
      </trkpt>
      <trkpt lat="35.39041" lon="-82.76526">
        <ele>1239.31</ele>
      </trkpt>
      <trkpt lat="35.39004" lon="-82.7652">
        <ele>1238.21</ele>
      </trkpt>
      <trkpt lat="35.38985" lon="-82.76509">
        <ele>1239.79</ele>
      </trkpt>
      <trkpt lat="35.38977" lon="-82.76507">
        <ele>1240.15</ele>
      </trkpt>
      <trkpt lat="35.38955" lon="-82.7651">
        <ele>1239.46</ele>
      </trkpt>
      <trkpt lat="35.38939" lon="-82.76508">
        <ele>1238.4</ele>
      </trkpt>
      <trkpt lat="35.38917" lon="-82.76514">
        <ele>1238.63</ele>
      </trkpt>
      <trkpt lat="35.3891" lon="-82.76514">
        <ele>1237.84</ele>
      </trkpt>
      <trkpt lat="35.38897" lon="-82.76508">
        <ele>1236.95</ele>
      </trkpt>
      <trkpt lat="35.38877" lon="-82.76493">
        <ele>1238.11</ele>
      </trkpt>
      <trkpt lat="35.38844" lon="-82.76466">
        <ele>1238.43</ele>
      </trkpt>
      <trkpt lat="35.38817" lon="-82.76436">
        <ele>1240.32</ele>
      </trkpt>
      <trkpt lat="35.38797" lon="-82.76419">
        <ele>1240.78</ele>
      </trkpt>
      <trkpt lat="35.3879" lon="-82.76416">
        <ele>1241.07</ele>
      </trkpt>
      <trkpt lat="35.3878" lon="-82.76416">
        <ele>1241.71</ele>
      </trkpt>
      <trkpt lat="35.38752" lon="-82.76421">
        <ele>1239.87</ele>
      </trkpt>
      <trkpt lat="35.38744" lon="-82.76419">
        <ele>1239.66</ele>
      </trkpt>
      <trkpt lat="35.38736" lon="-82.76412">
        <ele>1239.54</ele>
      </trkpt>
      <trkpt lat="35.38726" lon="-82.764">
        <ele>1239.97</ele>
      </trkpt>
      <trkpt lat="35.38715" lon="-82.76386">
        <ele>1239.18</ele>
      </trkpt>
      <trkpt lat="35.38707" lon="-82.76378">
        <ele>1239.4</ele>
      </trkpt>
      <trkpt lat="35.38663" lon="-82.76358">
        <ele>1239.45</ele>
      </trkpt>
      <trkpt lat="35.3864" lon="-82.76352">
        <ele>1240.05</ele>
      </trkpt>
      <trkpt lat="35.38623" lon="-82.76351">
        <ele>1238.72</ele>
      </trkpt>
      <trkpt lat="35.38599" lon="-82.76355">
        <ele>1239.05</ele>
      </trkpt>
      <trkpt lat="35.38584" lon="-82.76363">
        <ele>1241.08</ele>
      </trkpt>
      <trkpt lat="35.38564" lon="-82.76369">
        <ele>1242.1</ele>
      </trkpt>
      <trkpt lat="35.38553" lon="-82.76374">
        <ele>1241.74</ele>
      </trkpt>
      <trkpt lat="35.38535" lon="-82.76374">
        <ele>1237.21</ele>
      </trkpt>
      <trkpt lat="35.38516" lon="-82.76379">
        <ele>1238.95</ele>
      </trkpt>
      <trkpt lat="35.38504" lon="-82.76379">
        <ele>1240.83</ele>
      </trkpt>
      <trkpt lat="35.38488" lon="-82.76373">
        <ele>1239.63</ele>
      </trkpt>
      <trkpt lat="35.38468" lon="-82.7637">
        <ele>1240.31</ele>
      </trkpt>
      <trkpt lat="35.3841" lon="-82.76356">
        <ele>1241.22</ele>
      </trkpt>
      <trkpt lat="35.38367" lon="-82.76342">
        <ele>1241.9</ele>
      </trkpt>
      <trkpt lat="35.38361" lon="-82.76343">
        <ele>1242.06</ele>
      </trkpt>
      <trkpt lat="35.38357" lon="-82.76349">
        <ele>1242.83</ele>
      </trkpt>
      <trkpt lat="35.38353" lon="-82.76361">
        <ele>1243.0</ele>
      </trkpt>
      <trkpt lat="35.38354" lon="-82.76377">
        <ele>1242.23</ele>
      </trkpt>
      <trkpt lat="35.38365" lon="-82.76399">
        <ele>1241.27</ele>
      </trkpt>
      <trkpt lat="35.38377" lon="-82.7641">
        <ele>1242.15</ele>
      </trkpt>
      <trkpt lat="35.3838" lon="-82.76421">
        <ele>1241.61</ele>
      </trkpt>
      <trkpt lat="35.38382" lon="-82.7645">
        <ele>1237.57</ele>
      </trkpt>
      <trkpt lat="35.38385" lon="-82.76458">
        <ele>1236.81</ele>
      </trkpt>
      <trkpt lat="35.38402" lon="-82.76479">
        <ele>1237.78</ele>
      </trkpt>
      <trkpt lat="35.38423" lon="-82.76497">
        <ele>1237.34</ele>
      </trkpt>
      <trkpt lat="35.38458" lon="-82.76532">
        <ele>1236.03</ele>
      </trkpt>
      <trkpt lat="35.38477" lon="-82.76565">
        <ele>1233.52</ele>
      </trkpt>
      <trkpt lat="35.3851" lon="-82.76592">
        <ele>1241.44</ele>
      </trkpt>
      <trkpt lat="35.38517" lon="-82.76604">
        <ele>1238.58</ele>
      </trkpt>
      <trkpt lat="35.38525" lon="-82.76622">
        <ele>1233.52</ele>
      </trkpt>
      <trkpt lat="35.3853" lon="-82.76628">
        <ele>1233.49</ele>
      </trkpt>
      <trkpt lat="35.38547" lon="-82.76641">
        <ele>1236.7</ele>
      </trkpt>
      <trkpt lat="35.38552" lon="-82.76648">
        <ele>1237.13</ele>
      </trkpt>
      <trkpt lat="35.38563" lon="-82.76669">
        <ele>1234.21</ele>
      </trkpt>
      <trkpt lat="35.38594" lon="-82.76706">
        <ele>1230.83</ele>
      </trkpt>
      <trkpt lat="35.38603" lon="-82.7672">
        <ele>1229.31</ele>
      </trkpt>
      <trkpt lat="35.38606" lon="-82.76739">
        <ele>1229.69</ele>
      </trkpt>
      <trkpt lat="35.38614" lon="-82.76759">
        <ele>1229.64</ele>
      </trkpt>
      <trkpt lat="35.38628" lon="-82.76785">
        <ele>1229.87</ele>
      </trkpt>
      <trkpt lat="35.38629" lon="-82.76792">
        <ele>1229.76</ele>
      </trkpt>
      <trkpt lat="35.38627" lon="-82.768">
        <ele>1228.0</ele>
      </trkpt>
      <trkpt lat="35.38622" lon="-82.76804">
        <ele>1226.26</ele>
      </trkpt>
      <trkpt lat="35.38605" lon="-82.76809">
        <ele>1225.24</ele>
      </trkpt>
      <trkpt lat="35.38588" lon="-82.76811">
        <ele>1223.97</ele>
      </trkpt>
      <trkpt lat="35.3857" lon="-82.76809">
        <ele>1222.93</ele>
      </trkpt>
      <trkpt lat="35.38544" lon="-82.76811">
        <ele>1224.79</ele>
      </trkpt>
      <trkpt lat="35.38537" lon="-82.76813">
        <ele>1225.21</ele>
      </trkpt>
      <trkpt lat="35.3853" lon="-82.76823">
        <ele>1227.13</ele>
      </trkpt>
      <trkpt lat="35.38523" lon="-82.76837">
        <ele>1227.02</ele>
      </trkpt>
      <trkpt lat="35.38519" lon="-82.76852">
        <ele>1226.26</ele>
      </trkpt>
      <trkpt lat="35.38514" lon="-82.76887">
        <ele>1225.95</ele>
      </trkpt>
      <trkpt lat="35.38503" lon="-82.76919">
        <ele>1225.56</ele>
      </trkpt>
      <trkpt lat="35.38497" lon="-82.76929">
        <ele>1222.49</ele>
      </trkpt>
      <trkpt lat="35.38491" lon="-82.7693">
        <ele>1219.57</ele>
      </trkpt>
      <trkpt lat="35.38481" lon="-82.76924">
        <ele>1219.53</ele>
      </trkpt>
      <trkpt lat="35.38465" lon="-82.76904">
        <ele>1220.72</ele>
      </trkpt>
      <trkpt lat="35.38453" lon="-82.76874">
        <ele>1221.16</ele>
      </trkpt>
      <trkpt lat="35.38444" lon="-82.76854">
        <ele>1220.92</ele>
      </trkpt>
      <trkpt lat="35.38433" lon="-82.76836">
        <ele>1220.74</ele>
      </trkpt>
      <trkpt lat="35.38419" lon="-82.76793">
        <ele>1220.01</ele>
      </trkpt>
      <trkpt lat="35.38413" lon="-82.76786">
        <ele>1219.74</ele>
      </trkpt>
      <trkpt lat="35.38408" lon="-82.76783">
        <ele>1220.06</ele>
      </trkpt>
      <trkpt lat="35.38366" lon="-82.76776">
        <ele>1219.85</ele>
      </trkpt>
      <trkpt lat="35.38349" lon="-82.76776">
        <ele>1220.29</ele>
      </trkpt>
      <trkpt lat="35.38325" lon="-82.76773">
        <ele>1219.86</ele>
      </trkpt>
      <trkpt lat="35.38309" lon="-82.76774">
        <ele>1220.33</ele>
      </trkpt>
      <trkpt lat="35.38279" lon="-82.76772">
        <ele>1215.75</ele>
      </trkpt>
      <trkpt lat="35.38235" lon="-82.76761">
        <ele>1217.56</ele>
      </trkpt>
      <trkpt lat="35.38217" lon="-82.76753">
        <ele>1214.86</ele>
      </trkpt>
      <trkpt lat="35.38197" lon="-82.7675">
        <ele>1215.0</ele>
      </trkpt>
      <trkpt lat="35.3817" lon="-82.76755">
        <ele>1214.52</ele>
      </trkpt>
      <trkpt lat="35.38156" lon="-82.76761">
        <ele>1214.42</ele>
      </trkpt>
      <trkpt lat="35.3813" lon="-82.76786">
        <ele>1211.86</ele>
      </trkpt>
      <trkpt lat="35.3811" lon="-82.76793">
        <ele>1211.79</ele>
      </trkpt>
      <trkpt lat="35.38098" lon="-82.76794">
        <ele>1211.76</ele>
      </trkpt>
      <trkpt lat="35.38065" lon="-82.76788">
        <ele>1208.52</ele>
      </trkpt>
      <trkpt lat="35.38013" lon="-82.76764">
        <ele>1203.85</ele>
      </trkpt>
      <trkpt lat="35.37993" lon="-82.76758">
        <ele>1201.32</ele>
      </trkpt>
      <trkpt lat="35.37986" lon="-82.76758">
        <ele>1200.81</ele>
      </trkpt>
      <trkpt lat="35.3798" lon="-82.7676">
        <ele>1201.0</ele>
      </trkpt>
      <trkpt lat="35.37954" lon="-82.76775">
        <ele>1202.16</ele>
      </trkpt>
      <trkpt lat="35.37949" lon="-82.76797">
        <ele>1200.42</ele>
      </trkpt>
      <trkpt lat="35.37947" lon="-82.76811">
        <ele>1198.84</ele>
      </trkpt>
      <trkpt lat="35.37948" lon="-82.76824">
        <ele>1198.92</ele>
      </trkpt>
      <trkpt lat="35.37951" lon="-82.76832">
        <ele>1198.83</ele>
      </trkpt>
      <trkpt lat="35.37961" lon="-82.76852">
        <ele>1197.1</ele>
      </trkpt>
      <trkpt lat="35.37966" lon="-82.76869">
        <ele>1194.36</ele>
      </trkpt>
      <trkpt lat="35.37967" lon="-82.76887">
        <ele>1192.26</ele>
      </trkpt>
      <trkpt lat="35.37966" lon="-82.76914">
        <ele>1190.39</ele>
      </trkpt>
      <trkpt lat="35.37969" lon="-82.76934">
        <ele>1189.17</ele>
      </trkpt>
      <trkpt lat="35.37973" lon="-82.76941">
        <ele>1190.91</ele>
      </trkpt>
      <trkpt lat="35.37979" lon="-82.76957">
        <ele>1190.59</ele>
      </trkpt>
      <trkpt lat="35.37988" lon="-82.76974">
        <ele>1188.34</ele>
      </trkpt>
      <trkpt lat="35.38017" lon="-82.7699">
        <ele>1188.01</ele>
      </trkpt>
      <trkpt lat="35.38023" lon="-82.76994">
        <ele>1186.24</ele>
      </trkpt>
      <trkpt lat="35.38034" lon="-82.76999">
        <ele>1184.21</ele>
      </trkpt>
      <trkpt lat="35.3804" lon="-82.77004">
        <ele>1182.3</ele>
      </trkpt>
      <trkpt lat="35.38044" lon="-82.7701">
        <ele>1180.3</ele>
      </trkpt>
      <trkpt lat="35.38069" lon="-82.77057">
        <ele>1177.34</ele>
      </trkpt>
      <trkpt lat="35.38083" lon="-82.77075">
        <ele>1178.42</ele>
      </trkpt>
      <trkpt lat="35.38088" lon="-82.77085">
        <ele>1176.98</ele>
      </trkpt>
      <trkpt lat="35.38102" lon="-82.77123">
        <ele>1175.51</ele>
      </trkpt>
      <trkpt lat="35.38102" lon="-82.77136">
        <ele>1174.07</ele>
      </trkpt>
      <trkpt lat="35.38098" lon="-82.77142">
        <ele>1172.48</ele>
      </trkpt>
      <trkpt lat="35.38095" lon="-82.77144">
        <ele>1171.45</ele>
      </trkpt>
      <trkpt lat="35.38087" lon="-82.77145">
        <ele>1170.45</ele>
      </trkpt>
      <trkpt lat="35.38068" lon="-82.77142">
        <ele>1169.47</ele>
      </trkpt>
      <trkpt lat="35.38061" lon="-82.77144">
        <ele>1169.08</ele>
      </trkpt>
      <trkpt lat="35.38046" lon="-82.77152">
        <ele>1169.98</ele>
      </trkpt>
      <trkpt lat="35.38035" lon="-82.77154">
        <ele>1168.24</ele>
      </trkpt>
      <trkpt lat="35.38015" lon="-82.7715">
        <ele>1168.57</ele>
      </trkpt>
      <trkpt lat="35.38005" lon="-82.77152">
        <ele>1168.58</ele>
      </trkpt>
      <trkpt lat="35.3798" lon="-82.77161">
        <ele>1166.62</ele>
      </trkpt>
      <trkpt lat="35.3797" lon="-82.77162">
        <ele>1165.6</ele>
      </trkpt>
      <trkpt lat="35.37959" lon="-82.77159">
        <ele>1165.54</ele>
      </trkpt>
      <trkpt lat="35.37948" lon="-82.77153">
        <ele>1165.62</ele>
      </trkpt>
      <trkpt lat="35.37933" lon="-82.77148">
        <ele>1166.94</ele>
      </trkpt>
      <trkpt lat="35.37905" lon="-82.77148">
        <ele>1166.67</ele>
      </trkpt>
      <trkpt lat="35.37881" lon="-82.77151">
        <ele>1164.43</ele>
      </trkpt>
      <trkpt lat="35.37861" lon="-82.77158">
        <ele>1166.24</ele>
      </trkpt>
      <trkpt lat="35.37855" lon="-82.77161">
        <ele>1166.64</ele>
      </trkpt>
      <trkpt lat="35.37849" lon="-82.77167">
        <ele>1167.47</ele>
      </trkpt>
      <trkpt lat="35.37843" lon="-82.77179">
        <ele>1167.52</ele>
      </trkpt>
      <trkpt lat="35.37837" lon="-82.77185">
        <ele>1164.96</ele>
      </trkpt>
      <trkpt lat="35.37819" lon="-82.77195">
        <ele>1164.3</ele>
      </trkpt>
      <trkpt lat="35.37812" lon="-82.77194">
        <ele>1164.08</ele>
      </trkpt>
      <trkpt lat="35.378" lon="-82.77186">
        <ele>1162.55</ele>
      </trkpt>
      <trkpt lat="35.37791" lon="-82.77183">
        <ele>1162.53</ele>
      </trkpt>
      <trkpt lat="35.37759" lon="-82.77182">
        <ele>1163.97</ele>
      </trkpt>
      <trkpt lat="35.37751" lon="-82.77186">
        <ele>1165.11</ele>
      </trkpt>
      <trkpt lat="35.37743" lon="-82.77197">
        <ele>1165.04</ele>
      </trkpt>
      <trkpt lat="35.37739" lon="-82.77209">
        <ele>1166.01</ele>
      </trkpt>
      <trkpt lat="35.37728" lon="-82.77244">
        <ele>1164.85</ele>
      </trkpt>
      <trkpt lat="35.37725" lon="-82.77262">
        <ele>1164.41</ele>
      </trkpt>
      <trkpt lat="35.37726" lon="-82.7727">
        <ele>1164.47</ele>
      </trkpt>
      <trkpt lat="35.37738" lon="-82.77298">
        <ele>1165.34</ele>
      </trkpt>
      <trkpt lat="35.3774" lon="-82.77312">
        <ele>1164.21</ele>
      </trkpt>
      <trkpt lat="35.37741" lon="-82.77322">
        <ele>1163.39</ele>
      </trkpt>
      <trkpt lat="35.37735" lon="-82.77328">
        <ele>1159.84</ele>
      </trkpt>
      <trkpt lat="35.37721" lon="-82.77331">
        <ele>1160.03</ele>
      </trkpt>
      <trkpt lat="35.3771" lon="-82.77329">
        <ele>1159.6</ele>
      </trkpt>
      <trkpt lat="35.37684" lon="-82.7731">
        <ele>1161.11</ele>
      </trkpt>
      <trkpt lat="35.37666" lon="-82.77291">
        <ele>1159.47</ele>
      </trkpt>
      <trkpt lat="35.37657" lon="-82.77289">
        <ele>1161.4</ele>
      </trkpt>
      <trkpt lat="35.3764" lon="-82.7729">
        <ele>1159.52</ele>
      </trkpt>
      <trkpt lat="35.37628" lon="-82.77289">
        <ele>1156.95</ele>
      </trkpt>
      <trkpt lat="35.37605" lon="-82.77272">
        <ele>1159.07</ele>
      </trkpt>
      <trkpt lat="35.37584" lon="-82.77264">
        <ele>1158.95</ele>
      </trkpt>
      <trkpt lat="35.37551" lon="-82.77264">
        <ele>1158.04</ele>
      </trkpt>
      <trkpt lat="35.37531" lon="-82.77268">
        <ele>1157.85</ele>
      </trkpt>
      <trkpt lat="35.37499" lon="-82.77263">
        <ele>1157.3</ele>
      </trkpt>
      <trkpt lat="35.37489" lon="-82.77267">
        <ele>1156.43</ele>
      </trkpt>
      <trkpt lat="35.37445" lon="-82.77306">
        <ele>1154.43</ele>
      </trkpt>
      <trkpt lat="35.374" lon="-82.77357">
        <ele>1154.07</ele>
      </trkpt>
      <trkpt lat="35.37385" lon="-82.77398">
        <ele>1156.33</ele>
      </trkpt>
      <trkpt lat="35.37384" lon="-82.7742">
        <ele>1155.42</ele>
      </trkpt>
      <trkpt lat="35.37385" lon="-82.7743">
        <ele>1155.92</ele>
      </trkpt>
      <trkpt lat="35.37398" lon="-82.77462">
        <ele>1155.06</ele>
      </trkpt>
      <trkpt lat="35.37397" lon="-82.77485">
        <ele>1151.12</ele>
      </trkpt>
      <trkpt lat="35.37399" lon="-82.77492">
        <ele>1151.02</ele>
      </trkpt>
      <trkpt lat="35.37414" lon="-82.77518">
        <ele>1152.9</ele>
      </trkpt>
      <trkpt lat="35.37421" lon="-82.7755">
        <ele>1149.71</ele>
      </trkpt>
      <trkpt lat="35.37429" lon="-82.77577">
        <ele>1148.01</ele>
      </trkpt>
      <trkpt lat="35.37436" lon="-82.77593">
        <ele>1149.57</ele>
      </trkpt>
      <trkpt lat="35.37431" lon="-82.77603">
        <ele>1148.69</ele>
      </trkpt>
      <trkpt lat="35.37426" lon="-82.77609">
        <ele>1151.3</ele>
      </trkpt>
      <trkpt lat="35.37396" lon="-82.77619">
        <ele>1154.9</ele>
      </trkpt>
      <trkpt lat="35.3739" lon="-82.77619">
        <ele>1155.45</ele>
      </trkpt>
      <trkpt lat="35.37346" lon="-82.77613">
        <ele>1163.88</ele>
      </trkpt>
      <trkpt lat="35.37336" lon="-82.77614">
        <ele>1165.43</ele>
      </trkpt>
      <trkpt lat="35.37329" lon="-82.77617">
        <ele>1165.63</ele>
      </trkpt>
      <trkpt lat="35.37324" lon="-82.77626">
        <ele>1167.2</ele>
      </trkpt>
      <trkpt lat="35.37323" lon="-82.77639">
        <ele>1169.67</ele>
      </trkpt>
      <trkpt lat="35.37323" lon="-82.77657">
        <ele>1172.49</ele>
      </trkpt>
      <trkpt lat="35.37328" lon="-82.77691">
        <ele>1175.48</ele>
      </trkpt>
      <trkpt lat="35.37331" lon="-82.77702">
        <ele>1176.7</ele>
      </trkpt>
      <trkpt lat="35.37345" lon="-82.77734">
        <ele>1178.78</ele>
      </trkpt>
      <trkpt lat="35.37351" lon="-82.77743">
        <ele>1180.72</ele>
      </trkpt>
      <trkpt lat="35.37359" lon="-82.77749">
        <ele>1183.32</ele>
      </trkpt>
      <trkpt lat="35.37377" lon="-82.77755">
        <ele>1185.51</ele>
      </trkpt>
      <trkpt lat="35.37389" lon="-82.77761">
        <ele>1185.65</ele>
      </trkpt>
      <trkpt lat="35.37397" lon="-82.77767">
        <ele>1186.81</ele>
      </trkpt>
      <trkpt lat="35.37402" lon="-82.77774">
        <ele>1187.9</ele>
      </trkpt>
      <trkpt lat="35.37406" lon="-82.77783">
        <ele>1189.31</ele>
      </trkpt>
      <trkpt lat="35.37412" lon="-82.77808">
        <ele>1193.38</ele>
      </trkpt>
      <trkpt lat="35.37416" lon="-82.77845">
        <ele>1195.64</ele>
      </trkpt>
      <trkpt lat="35.37414" lon="-82.77865">
        <ele>1196.11</ele>
      </trkpt>
      <trkpt lat="35.37418" lon="-82.77878">
        <ele>1200.57</ele>
      </trkpt>
      <trkpt lat="35.37425" lon="-82.7789">
        <ele>1203.17</ele>
      </trkpt>
      <trkpt lat="35.37445" lon="-82.77912">
        <ele>1209.77</ele>
      </trkpt>
      <trkpt lat="35.37476" lon="-82.77956">
        <ele>1218.14</ele>
      </trkpt>
      <trkpt lat="35.37489" lon="-82.7798">
        <ele>1216.54</ele>
      </trkpt>
      <trkpt lat="35.37489" lon="-82.7798">
        <ele>1216.54</ele>
      </trkpt>
      <trkpt lat="35.37497" lon="-82.77994">
        <ele>1218.03</ele>
      </trkpt>
      <trkpt lat="35.37507" lon="-82.78033">
        <ele>1216.08</ele>
      </trkpt>
      <trkpt lat="35.37514" lon="-82.78048">
        <ele>1218.7</ele>
      </trkpt>
      <trkpt lat="35.37527" lon="-82.78071">
        <ele>1220.33</ele>
      </trkpt>
      <trkpt lat="35.37537" lon="-82.78082">
        <ele>1222.27</ele>
      </trkpt>
      <trkpt lat="35.37554" lon="-82.78096">
        <ele>1222.19</ele>
      </trkpt>
      <trkpt lat="35.37559" lon="-82.78104">
        <ele>1220.51</ele>
      </trkpt>
      <trkpt lat="35.37566" lon="-82.78123">
        <ele>1219.19</ele>
      </trkpt>
      <trkpt lat="35.37592" lon="-82.78203">
        <ele>1212.84</ele>
      </trkpt>
      <trkpt lat="35.37611" lon="-82.78257">
        <ele>1205.71</ele>
      </trkpt>
      <trkpt lat="35.3762" lon="-82.78274">
        <ele>1208.75</ele>
      </trkpt>
      <trkpt lat="35.37624" lon="-82.78289">
        <ele>1213.64</ele>
      </trkpt>
      <trkpt lat="35.37625" lon="-82.78306">
        <ele>1219.67</ele>
      </trkpt>
      <trkpt lat="35.37619" lon="-82.78314">
        <ele>1222.65</ele>
      </trkpt>
      <trkpt lat="35.37595" lon="-82.78325">
        <ele>1224.59</ele>
      </trkpt>
      <trkpt lat="35.37581" lon="-82.78335">
        <ele>1226.59</ele>
      </trkpt>
      <trkpt lat="35.37521" lon="-82.78364">
        <ele>1233.7</ele>
      </trkpt>
      <trkpt lat="35.37484" lon="-82.78375">
        <ele>1239.59</ele>
      </trkpt>
      <trkpt lat="35.37473" lon="-82.78375">
        <ele>1241.83</ele>
      </trkpt>
      <trkpt lat="35.37456" lon="-82.78369">
        <ele>1245.61</ele>
      </trkpt>
      <trkpt lat="35.37446" lon="-82.78369">
        <ele>1248.52</ele>
      </trkpt>
      <trkpt lat="35.3744" lon="-82.78376">
        <ele>1249.9</ele>
      </trkpt>
      <trkpt lat="35.37436" lon="-82.78389">
        <ele>1252.01</ele>
      </trkpt>
      <trkpt lat="35.37436" lon="-82.784">
        <ele>1253.21</ele>
      </trkpt>
      <trkpt lat="35.37442" lon="-82.78432">
        <ele>1257.43</ele>
      </trkpt>
      <trkpt lat="35.37444" lon="-82.7845">
        <ele>1259.98</ele>
      </trkpt>
      <trkpt lat="35.37444" lon="-82.7848">
        <ele>1262.61</ele>
      </trkpt>
      <trkpt lat="35.37441" lon="-82.78493">
        <ele>1262.28</ele>
      </trkpt>
      <trkpt lat="35.37425" lon="-82.78547">
        <ele>1263.41</ele>
      </trkpt>
      <trkpt lat="35.37423" lon="-82.78565">
        <ele>1263.11</ele>
      </trkpt>
      <trkpt lat="35.37427" lon="-82.78625">
        <ele>1266.58</ele>
      </trkpt>
      <trkpt lat="35.37427" lon="-82.78657">
        <ele>1265.62</ele>
      </trkpt>
      <trkpt lat="35.37425" lon="-82.78665">
        <ele>1263.76</ele>
      </trkpt>
      <trkpt lat="35.37421" lon="-82.78675">
        <ele>1262.41</ele>
      </trkpt>
      <trkpt lat="35.37415" lon="-82.7868">
        <ele>1263.76</ele>
      </trkpt>
      <trkpt lat="35.37405" lon="-82.78687">
        <ele>1267.04</ele>
      </trkpt>
      <trkpt lat="35.37395" lon="-82.78688">
        <ele>1268.45</ele>
      </trkpt>
      <trkpt lat="35.37378" lon="-82.78687">
        <ele>1268.75</ele>
      </trkpt>
      <trkpt lat="35.37367" lon="-82.7869">
        <ele>1269.56</ele>
      </trkpt>
      <trkpt lat="35.37283" lon="-82.78742">
        <ele>1281.48</ele>
      </trkpt>
      <trkpt lat="35.37274" lon="-82.78751">
        <ele>1284.34</ele>
      </trkpt>
      <trkpt lat="35.37264" lon="-82.78785">
        <ele>1292.58</ele>
      </trkpt>
      <trkpt lat="35.3726" lon="-82.78792">
        <ele>1292.2</ele>
      </trkpt>
      <trkpt lat="35.37251" lon="-82.78799">
        <ele>1290.77</ele>
      </trkpt>
      <trkpt lat="35.37237" lon="-82.78804">
        <ele>1294.37</ele>
      </trkpt>
      <trkpt lat="35.37217" lon="-82.78802">
        <ele>1299.36</ele>
      </trkpt>
      <trkpt lat="35.37203" lon="-82.78804">
        <ele>1301.66</ele>
      </trkpt>
      <trkpt lat="35.37194" lon="-82.78809">
        <ele>1302.74</ele>
      </trkpt>
      <trkpt lat="35.37189" lon="-82.78816">
        <ele>1304.26</ele>
      </trkpt>
      <trkpt lat="35.37175" lon="-82.78856">
        <ele>1305.6</ele>
      </trkpt>
      <trkpt lat="35.37167" lon="-82.78871">
        <ele>1303.18</ele>
      </trkpt>
      <trkpt lat="35.37157" lon="-82.78883">
        <ele>1302.64</ele>
      </trkpt>
      <trkpt lat="35.37127" lon="-82.78912">
        <ele>1307.56</ele>
      </trkpt>
      <trkpt lat="35.3711" lon="-82.78925">
        <ele>1306.67</ele>
      </trkpt>
      <trkpt lat="35.37088" lon="-82.78929">
        <ele>1305.84</ele>
      </trkpt>
      <trkpt lat="35.37066" lon="-82.78936">
        <ele>1306.15</ele>
      </trkpt>
      <trkpt lat="35.37051" lon="-82.78938">
        <ele>1306.71</ele>
      </trkpt>
      <trkpt lat="35.37016" lon="-82.78937">
        <ele>1306.51</ele>
      </trkpt>
      <trkpt lat="35.36997" lon="-82.78938">
        <ele>1304.1</ele>
      </trkpt>
      <trkpt lat="35.36989" lon="-82.78942">
        <ele>1304.43</ele>
      </trkpt>
      <trkpt lat="35.36958" lon="-82.78967">
        <ele>1305.67</ele>
      </trkpt>
      <trkpt lat="35.3695" lon="-82.78969">
        <ele>1305.21</ele>
      </trkpt>
      <trkpt lat="35.36912" lon="-82.78953">
        <ele>1304.32</ele>
      </trkpt>
      <trkpt lat="35.3688" lon="-82.78933">
        <ele>1308.45</ele>
      </trkpt>
      <trkpt lat="35.36871" lon="-82.7893">
        <ele>1310.15</ele>
      </trkpt>
      <trkpt lat="35.36827" lon="-82.78919">
        <ele>1312.12</ele>
      </trkpt>
      <trkpt lat="35.36789" lon="-82.78906">
        <ele>1317.24</ele>
      </trkpt>
      <trkpt lat="35.36767" lon="-82.78906">
        <ele>1320.72</ele>
      </trkpt>
      <trkpt lat="35.36752" lon="-82.7891">
        <ele>1322.12</ele>
      </trkpt>
      <trkpt lat="35.36745" lon="-82.78905">
        <ele>1321.48</ele>
      </trkpt>
      <trkpt lat="35.36724" lon="-82.78908">
        <ele>1320.27</ele>
      </trkpt>
      <trkpt lat="35.36659" lon="-82.78927">
        <ele>1308.67</ele>
      </trkpt>
      <trkpt lat="35.36641" lon="-82.78948">
        <ele>1312.29</ele>
      </trkpt>
      <trkpt lat="35.36638" lon="-82.78977">
        <ele>1320.03</ele>
      </trkpt>
      <trkpt lat="35.36625" lon="-82.78993">
        <ele>1324.85</ele>
      </trkpt>
      <trkpt lat="35.36613" lon="-82.78993">
        <ele>1325.58</ele>
      </trkpt>
      <trkpt lat="35.3656" lon="-82.78986">
        <ele>1323.46</ele>
      </trkpt>
      <trkpt lat="35.3653" lon="-82.79018">
        <ele>1328.31</ele>
      </trkpt>
      <trkpt lat="35.36522" lon="-82.79072">
        <ele>1337.66</ele>
      </trkpt>
      <trkpt lat="35.36539" lon="-82.79139">
        <ele>1349.06</ele>
      </trkpt>
      <trkpt lat="35.36537" lon="-82.79173">
        <ele>1347.98</ele>
      </trkpt>
      <trkpt lat="35.36536" lon="-82.7921">
        <ele>1351.16</ele>
      </trkpt>
      <trkpt lat="35.36541" lon="-82.79259">
        <ele>1358.14</ele>
      </trkpt>
      <trkpt lat="35.36558" lon="-82.79338">
        <ele>1365.72</ele>
      </trkpt>
      <trkpt lat="35.36577" lon="-82.79394">
        <ele>1378.68</ele>
      </trkpt>
      <trkpt lat="35.36573" lon="-82.79415">
        <ele>1379.0</ele>
      </trkpt>
      <trkpt lat="35.36573" lon="-82.79442">
        <ele>1380.85</ele>
      </trkpt>
      <trkpt lat="35.36541" lon="-82.79481">
        <ele>1390.09</ele>
      </trkpt>
      <trkpt lat="35.36529" lon="-82.79502">
        <ele>1394.6</ele>
      </trkpt>
      <trkpt lat="35.36526" lon="-82.79541">
        <ele>1395.77</ele>
      </trkpt>
      <trkpt lat="35.36537" lon="-82.79583">
        <ele>1391.98</ele>
      </trkpt>
      <trkpt lat="35.3654" lon="-82.79618">
        <ele>1397.63</ele>
      </trkpt>
      <trkpt lat="35.36534" lon="-82.7965">
        <ele>1405.93</ele>
      </trkpt>
      <trkpt lat="35.36503" lon="-82.79646">
        <ele>1409.37</ele>
      </trkpt>
      <trkpt lat="35.36472" lon="-82.79628">
        <ele>1419.53</ele>
      </trkpt>
      <trkpt lat="35.3645" lon="-82.79611">
        <ele>1423.36</ele>
      </trkpt>
      <trkpt lat="35.36402" lon="-82.79628">
        <ele>1419.3</ele>
      </trkpt>
      <trkpt lat="35.36368" lon="-82.79652">
        <ele>1428.62</ele>
      </trkpt>
      <trkpt lat="35.36351" lon="-82.79652">
        <ele>1432.49</ele>
      </trkpt>
      <trkpt lat="35.36326" lon="-82.79659">
        <ele>1437.58</ele>
      </trkpt>
      <trkpt lat="35.36299" lon="-82.79676">
        <ele>1445.32</ele>
      </trkpt>
      <trkpt lat="35.36271" lon="-82.79696">
        <ele>1455.58</ele>
      </trkpt>
      <trkpt lat="35.36247" lon="-82.7972">
        <ele>1468.39</ele>
      </trkpt>
      <trkpt lat="35.36229" lon="-82.79751">
        <ele>1478.15</ele>
      </trkpt>
      <trkpt lat="35.36208" lon="-82.79764">
        <ele>1488.95</ele>
      </trkpt>
      <trkpt lat="35.36179" lon="-82.79767">
        <ele>1498.84</ele>
      </trkpt>
      <trkpt lat="35.36149" lon="-82.79756">
        <ele>1497.83</ele>
      </trkpt>
      <trkpt lat="35.36075" lon="-82.79768">
        <ele>1509.94</ele>
      </trkpt>
      <trkpt lat="35.3605" lon="-82.79758">
        <ele>1508.43</ele>
      </trkpt>
      <trkpt lat="35.3602" lon="-82.79751">
        <ele>1501.9</ele>
      </trkpt>
      <trkpt lat="35.3599" lon="-82.79748">
        <ele>1504.45</ele>
      </trkpt>
      <trkpt lat="35.359" lon="-82.7975">
        <ele>1527.6</ele>
      </trkpt>
      <trkpt lat="35.35875" lon="-82.7976">
        <ele>1526.8</ele>
      </trkpt>
      <trkpt lat="35.35827" lon="-82.79833">
        <ele>1510.33</ele>
      </trkpt>
      <trkpt lat="35.35777" lon="-82.79924">
        <ele>1519.13</ele>
      </trkpt>
      <trkpt lat="35.35756" lon="-82.79969">
        <ele>1519.77</ele>
      </trkpt>
      <trkpt lat="35.35756" lon="-82.79969">
        <ele>1519.77</ele>
      </trkpt>
      <trkpt lat="35.35723" lon="-82.80041">
        <ele>1528.99</ele>
      </trkpt>
      <trkpt lat="35.35673" lon="-82.80108">
        <ele>1539.33</ele>
      </trkpt>
      <trkpt lat="35.3558" lon="-82.8014">
        <ele>1514.48</ele>
      </trkpt>
      <trkpt lat="35.35528" lon="-82.80173">
        <ele>1523.39</ele>
      </trkpt>
      <trkpt lat="35.3549" lon="-82.80183">
        <ele>1522.6</ele>
      </trkpt>
      <trkpt lat="35.35454" lon="-82.80214">
        <ele>1517.13</ele>
      </trkpt>
      <trkpt lat="35.3547" lon="-82.80282">
        <ele>1514.11</ele>
      </trkpt>
      <trkpt lat="35.35437" lon="-82.80295">
        <ele>1502.43</ele>
      </trkpt>
      <trkpt lat="35.35409" lon="-82.80234">
        <ele>1494.59</ele>
      </trkpt>
      <trkpt lat="35.35396" lon="-82.80203">
        <ele>1490.09</ele>
      </trkpt>
      <trkpt lat="35.35376" lon="-82.80169">
        <ele>1483.82</ele>
      </trkpt>
      <trkpt lat="35.35354" lon="-82.80162">
        <ele>1477.58</ele>
      </trkpt>
      <trkpt lat="35.35351" lon="-82.802">
        <ele>1474.72</ele>
      </trkpt>
      <trkpt lat="35.35334" lon="-82.80234">
        <ele>1465.94</ele>
      </trkpt>
      <trkpt lat="35.35309" lon="-82.80255">
        <ele>1458.54</ele>
      </trkpt>
      <trkpt lat="35.35245" lon="-82.80267">
        <ele>1444.84</ele>
      </trkpt>
      <trkpt lat="35.35214" lon="-82.80286">
        <ele>1442.9</ele>
      </trkpt>
      <trkpt lat="35.35193" lon="-82.80309">
        <ele>1441.75</ele>
      </trkpt>
      <trkpt lat="35.35162" lon="-82.80335">
        <ele>1439.59</ele>
      </trkpt>
      <trkpt lat="35.35134" lon="-82.80335">
        <ele>1437.57</ele>
      </trkpt>
      <trkpt lat="35.35094" lon="-82.80351">
        <ele>1437.06</ele>
      </trkpt>
      <trkpt lat="35.35062" lon="-82.8036">
        <ele>1433.31</ele>
      </trkpt>
      <trkpt lat="35.35022" lon="-82.80376">
        <ele>1424.14</ele>
      </trkpt>
      <trkpt lat="35.34979" lon="-82.80395">
        <ele>1412.8</ele>
      </trkpt>
      <trkpt lat="35.34949" lon="-82.80393">
        <ele>1405.98</ele>
      </trkpt>
      <trkpt lat="35.34917" lon="-82.80415">
        <ele>1398.1</ele>
      </trkpt>
      <trkpt lat="35.34896" lon="-82.80435">
        <ele>1391.82</ele>
      </trkpt>
      <trkpt lat="35.34873" lon="-82.80455">
        <ele>1388.81</ele>
      </trkpt>
      <trkpt lat="35.34841" lon="-82.80457">
        <ele>1385.07</ele>
      </trkpt>
      <trkpt lat="35.34808" lon="-82.80474">
        <ele>1381.91</ele>
      </trkpt>
      <trkpt lat="35.34785" lon="-82.80498">
        <ele>1381.56</ele>
      </trkpt>
      <trkpt lat="35.34756" lon="-82.80532">
        <ele>1377.65</ele>
      </trkpt>
      <trkpt lat="35.34752" lon="-82.80566">
        <ele>1372.96</ele>
      </trkpt>
      <trkpt lat="35.34752" lon="-82.80645">
        <ele>1356.11</ele>
      </trkpt>
      <trkpt lat="35.34745" lon="-82.80676">
        <ele>1346.83</ele>
      </trkpt>
      <trkpt lat="35.3474" lon="-82.80709">
        <ele>1342.71</ele>
      </trkpt>
      <trkpt lat="35.34723" lon="-82.80719">
        <ele>1331.62</ele>
      </trkpt>
      <trkpt lat="35.34713" lon="-82.80746">
        <ele>1334.71</ele>
      </trkpt>
      <trkpt lat="35.3471" lon="-82.80787">
        <ele>1340.0</ele>
      </trkpt>
      <trkpt lat="35.34702" lon="-82.80823">
        <ele>1346.14</ele>
      </trkpt>
      <trkpt lat="35.34683" lon="-82.80852">
        <ele>1355.49</ele>
      </trkpt>
      <trkpt lat="35.34678" lon="-82.80885">
        <ele>1360.91</ele>
      </trkpt>
      <trkpt lat="35.34655" lon="-82.80914">
        <ele>1373.42</ele>
      </trkpt>
      <trkpt lat="35.34631" lon="-82.80954">
        <ele>1384.59</ele>
      </trkpt>
      <trkpt lat="35.34599" lon="-82.81018">
        <ele>1401.5</ele>
      </trkpt>
      <trkpt lat="35.34599" lon="-82.8106">
        <ele>1406.26</ele>
      </trkpt>
      <trkpt lat="35.346" lon="-82.81095">
        <ele>1408.61</ele>
      </trkpt>
      <trkpt lat="35.34616" lon="-82.8114">
        <ele>1407.0</ele>
      </trkpt>
      <trkpt lat="35.34609" lon="-82.81179">
        <ele>1409.46</ele>
      </trkpt>
      <trkpt lat="35.34594" lon="-82.81218">
        <ele>1409.46</ele>
      </trkpt>
      <trkpt lat="35.34576" lon="-82.81246">
        <ele>1406.43</ele>
      </trkpt>
      <trkpt lat="35.34524" lon="-82.81312">
        <ele>1388.84</ele>
      </trkpt>
      <trkpt lat="35.34504" lon="-82.8134">
        <ele>1380.03</ele>
      </trkpt>
      <trkpt lat="35.34487" lon="-82.81375">
        <ele>1378.18</ele>
      </trkpt>
      <trkpt lat="35.34475" lon="-82.81403">
        <ele>1379.48</ele>
      </trkpt>
      <trkpt lat="35.34467" lon="-82.81418">
        <ele>1379.52</ele>
      </trkpt>
      <trkpt lat="35.34462" lon="-82.81442">
        <ele>1382.18</ele>
      </trkpt>
      <trkpt lat="35.34435" lon="-82.81473">
        <ele>1392.0</ele>
      </trkpt>
      <trkpt lat="35.34414" lon="-82.81487">
        <ele>1395.88</ele>
      </trkpt>
      <trkpt lat="35.34362" lon="-82.81496">
        <ele>1400.0</ele>
      </trkpt>
      <trkpt lat="35.34302" lon="-82.81472">
        <ele>1392.96</ele>
      </trkpt>
      <trkpt lat="35.34218" lon="-82.81421">
        <ele>1384.86</ele>
      </trkpt>
      <trkpt lat="35.34118" lon="-82.81375">
        <ele>1379.63</ele>
      </trkpt>
      <trkpt lat="35.33992" lon="-82.81342">
        <ele>1388.94</ele>
      </trkpt>
      <trkpt lat="35.33927" lon="-82.81322">
        <ele>1374.18</ele>
      </trkpt>
      <trkpt lat="35.33884" lon="-82.81338">
        <ele>1356.86</ele>
      </trkpt>
      <trkpt lat="35.33821" lon="-82.81413">
        <ele>1332.0</ele>
      </trkpt>
      <trkpt lat="35.33804" lon="-82.81427">
        <ele>1325.55</ele>
      </trkpt>
      <trkpt lat="35.33778" lon="-82.81433">
        <ele>1320.72</ele>
      </trkpt>
      <trkpt lat="35.33767" lon="-82.81437">
        <ele>1319.54</ele>
      </trkpt>
      <trkpt lat="35.33767" lon="-82.81437">
        <ele>1319.54</ele>
      </trkpt>
      <trkpt lat="35.33742" lon="-82.81448">
        <ele>1318.19</ele>
      </trkpt>
      <trkpt lat="35.33733" lon="-82.81447">
        <ele>1319.36</ele>
      </trkpt>
      <trkpt lat="35.33725" lon="-82.81441">
        <ele>1319.11</ele>
      </trkpt>
      <trkpt lat="35.33673" lon="-82.8147">
        <ele>1316.57</ele>
      </trkpt>
      <trkpt lat="35.33649" lon="-82.81486">
        <ele>1314.68</ele>
      </trkpt>
      <trkpt lat="35.33582" lon="-82.81539">
        <ele>1319.0</ele>
      </trkpt>
      <trkpt lat="35.33563" lon="-82.81553">
        <ele>1319.04</ele>
      </trkpt>
      <trkpt lat="35.33534" lon="-82.81567">
        <ele>1320.22</ele>
      </trkpt>
      <trkpt lat="35.33518" lon="-82.81572">
        <ele>1321.87</ele>
      </trkpt>
      <trkpt lat="35.33499" lon="-82.81575">
        <ele>1323.3</ele>
      </trkpt>
      <trkpt lat="35.33473" lon="-82.81577">
        <ele>1324.92</ele>
      </trkpt>
      <trkpt lat="35.3342" lon="-82.81657">
        <ele>1353.6</ele>
      </trkpt>
      <trkpt lat="35.33412" lon="-82.8167">
        <ele>1352.81</ele>
      </trkpt>
      <trkpt lat="35.33397" lon="-82.8174">
        <ele>1347.31</ele>
      </trkpt>
      <trkpt lat="35.33368" lon="-82.81832">
        <ele>1361.26</ele>
      </trkpt>
      <trkpt lat="35.3332" lon="-82.81919">
        <ele>1377.58</ele>
      </trkpt>
      <trkpt lat="35.33305" lon="-82.81952">
        <ele>1384.26</ele>
      </trkpt>
      <trkpt lat="35.33289" lon="-82.81971">
        <ele>1389.55</ele>
      </trkpt>
      <trkpt lat="35.33272" lon="-82.81981">
        <ele>1392.52</ele>
      </trkpt>
      <trkpt lat="35.3326" lon="-82.81993">
        <ele>1394.91</ele>
      </trkpt>
      <trkpt lat="35.33249" lon="-82.8201">
        <ele>1398.1</ele>
      </trkpt>
      <trkpt lat="35.33217" lon="-82.82044">
        <ele>1406.46</ele>
      </trkpt>
      <trkpt lat="35.33197" lon="-82.82089">
        <ele>1411.22</ele>
      </trkpt>
      <trkpt lat="35.33189" lon="-82.82112">
        <ele>1417.7</ele>
      </trkpt>
      <trkpt lat="35.33155" lon="-82.82124">
        <ele>1416.92</ele>
      </trkpt>
      <trkpt lat="35.33155" lon="-82.82124">
        <ele>1416.92</ele>
      </trkpt>
      <trkpt lat="35.33154" lon="-82.82124">
        <ele>1416.81</ele>
      </trkpt>
      <trkpt lat="35.33129" lon="-82.82156">
        <ele>1422.63</ele>
      </trkpt>
      <trkpt lat="35.33113" lon="-82.82208">
        <ele>1422.35</ele>
      </trkpt>
      <trkpt lat="35.33105" lon="-82.8227">
        <ele>1424.31</ele>
      </trkpt>
      <trkpt lat="35.33081" lon="-82.82303">
        <ele>1417.09</ele>
      </trkpt>
      <trkpt lat="35.3304" lon="-82.82329">
        <ele>1413.17</ele>
      </trkpt>
      <trkpt lat="35.33013" lon="-82.82355">
        <ele>1409.41</ele>
      </trkpt>
      <trkpt lat="35.32948" lon="-82.82412">
        <ele>1398.95</ele>
      </trkpt>
      <trkpt lat="35.32917" lon="-82.82436">
        <ele>1395.16</ele>
      </trkpt>
      <trkpt lat="35.32889" lon="-82.82452">
        <ele>1392.47</ele>
      </trkpt>
      <trkpt lat="35.32858" lon="-82.82465">
        <ele>1389.55</ele>
      </trkpt>
      <trkpt lat="35.32832" lon="-82.82474">
        <ele>1384.9</ele>
      </trkpt>
      <trkpt lat="35.32808" lon="-82.82498">
        <ele>1382.26</ele>
      </trkpt>
      <trkpt lat="35.32783" lon="-82.82531">
        <ele>1378.5</ele>
      </trkpt>
      <trkpt lat="35.3276" lon="-82.82538">
        <ele>1375.87</ele>
      </trkpt>
      <trkpt lat="35.32732" lon="-82.82551">
        <ele>1367.58</ele>
      </trkpt>
      <trkpt lat="35.32707" lon="-82.8257">
        <ele>1362.52</ele>
      </trkpt>
      <trkpt lat="35.32682" lon="-82.82606">
        <ele>1358.45</ele>
      </trkpt>
      <trkpt lat="35.32659" lon="-82.82628">
        <ele>1356.18</ele>
      </trkpt>
      <trkpt lat="35.3262" lon="-82.82647">
        <ele>1356.41</ele>
      </trkpt>
      <trkpt lat="35.3258" lon="-82.82656">
        <ele>1355.0</ele>
      </trkpt>
      <trkpt lat="35.32506" lon="-82.8266">
        <ele>1348.09</ele>
      </trkpt>
      <trkpt lat="35.32479" lon="-82.82663">
        <ele>1347.84</ele>
      </trkpt>
      <trkpt lat="35.32465" lon="-82.82655">
        <ele>1348.52</ele>
      </trkpt>
      <trkpt lat="35.32462" lon="-82.82648">
        <ele>1350.03</ele>
      </trkpt>
      <trkpt lat="35.32454" lon="-82.82644">
        <ele>1351.33</ele>
      </trkpt>
      <trkpt lat="35.32446" lon="-82.82647">
        <ele>1350.37</ele>
      </trkpt>
      <trkpt lat="35.32429" lon="-82.82663">
        <ele>1349.67</ele>
      </trkpt>
      <trkpt lat="35.32425" lon="-82.82674">
        <ele>1349.31</ele>
      </trkpt>
      <trkpt lat="35.3243" lon="-82.8269">
        <ele>1348.79</ele>
      </trkpt>
      <trkpt lat="35.32437" lon="-82.82706">
        <ele>1350.3</ele>
      </trkpt>
      <trkpt lat="35.32445" lon="-82.82708">
        <ele>1349.87</ele>
      </trkpt>
      <trkpt lat="35.32451" lon="-82.82715">
        <ele>1350.58</ele>
      </trkpt>
      <trkpt lat="35.32462" lon="-82.82741">
        <ele>1353.16</ele>
      </trkpt>
      <trkpt lat="35.32472" lon="-82.82754">
        <ele>1355.32</ele>
      </trkpt>
      <trkpt lat="35.32493" lon="-82.82766">
        <ele>1353.72</ele>
      </trkpt>
      <trkpt lat="35.32496" lon="-82.82773">
        <ele>1354.75</ele>
      </trkpt>
      <trkpt lat="35.32504" lon="-82.82803">
        <ele>1359.15</ele>
      </trkpt>
      <trkpt lat="35.32504" lon="-82.82803">
        <ele>1359.15</ele>
      </trkpt>
      <trkpt lat="35.32506" lon="-82.82809">
        <ele>1359.93</ele>
      </trkpt>
      <trkpt lat="35.32509" lon="-82.82826">
        <ele>1363.3</ele>
      </trkpt>
      <trkpt lat="35.32507" lon="-82.8284">
        <ele>1364.98</ele>
      </trkpt>
      <trkpt lat="35.32498" lon="-82.82848">
        <ele>1368.06</ele>
      </trkpt>
      <trkpt lat="35.32488" lon="-82.82853">
        <ele>1370.08</ele>
      </trkpt>
      <trkpt lat="35.32468" lon="-82.82865">
        <ele>1369.74</ele>
      </trkpt>
      <trkpt lat="35.32445" lon="-82.82863">
        <ele>1369.59</ele>
      </trkpt>
      <trkpt lat="35.32416" lon="-82.8288">
        <ele>1371.99</ele>
      </trkpt>
      <trkpt lat="35.32404" lon="-82.82891">
        <ele>1372.0</ele>
      </trkpt>
      <trkpt lat="35.32377" lon="-82.82905">
        <ele>1371.52</ele>
      </trkpt>
      <trkpt lat="35.3235" lon="-82.82912">
        <ele>1371.4</ele>
      </trkpt>
      <trkpt lat="35.32293" lon="-82.82923">
        <ele>1370.93</ele>
      </trkpt>
      <trkpt lat="35.32283" lon="-82.8293">
        <ele>1371.95</ele>
      </trkpt>
      <trkpt lat="35.32277" lon="-82.82942">
        <ele>1373.15</ele>
      </trkpt>
      <trkpt lat="35.32272" lon="-82.82995">
        <ele>1373.41</ele>
      </trkpt>
      <trkpt lat="35.32269" lon="-82.83008">
        <ele>1372.98</ele>
      </trkpt>
      <trkpt lat="35.32264" lon="-82.8303">
        <ele>1371.98</ele>
      </trkpt>
      <trkpt lat="35.32256" lon="-82.83051">
        <ele>1369.71</ele>
      </trkpt>
      <trkpt lat="35.32244" lon="-82.83072">
        <ele>1366.34</ele>
      </trkpt>
      <trkpt lat="35.32224" lon="-82.83094">
        <ele>1363.01</ele>
      </trkpt>
      <trkpt lat="35.3221" lon="-82.83106">
        <ele>1361.17</ele>
      </trkpt>
      <trkpt lat="35.322" lon="-82.83118">
        <ele>1358.38</ele>
      </trkpt>
      <trkpt lat="35.32192" lon="-82.83131">
        <ele>1355.31</ele>
      </trkpt>
      <trkpt lat="35.32184" lon="-82.83143">
        <ele>1352.09</ele>
      </trkpt>
      <trkpt lat="35.32175" lon="-82.83152">
        <ele>1350.64</ele>
      </trkpt>
      <trkpt lat="35.32168" lon="-82.83163">
        <ele>1348.76</ele>
      </trkpt>
      <trkpt lat="35.32157" lon="-82.83187">
        <ele>1344.74</ele>
      </trkpt>
      <trkpt lat="35.32167" lon="-82.83201">
        <ele>1341.28</ele>
      </trkpt>
      <trkpt lat="35.32184" lon="-82.83217">
        <ele>1344.62</ele>
      </trkpt>
      <trkpt lat="35.32209" lon="-82.83231">
        <ele>1338.69</ele>
      </trkpt>
      <trkpt lat="35.32212" lon="-82.83237">
        <ele>1336.88</ele>
      </trkpt>
      <trkpt lat="35.32211" lon="-82.83244">
        <ele>1336.71</ele>
      </trkpt>
      <trkpt lat="35.32208" lon="-82.83259">
        <ele>1335.74</ele>
      </trkpt>
      <trkpt lat="35.32207" lon="-82.83272">
        <ele>1333.74</ele>
      </trkpt>
      <trkpt lat="35.32215" lon="-82.83285">
        <ele>1330.51</ele>
      </trkpt>
      <trkpt lat="35.32228" lon="-82.83301">
        <ele>1327.75</ele>
      </trkpt>
      <trkpt lat="35.32242" lon="-82.83351">
        <ele>1322.33</ele>
      </trkpt>
      <trkpt lat="35.32258" lon="-82.83373">
        <ele>1320.58</ele>
      </trkpt>
      <trkpt lat="35.32272" lon="-82.83368">
        <ele>1324.99</ele>
      </trkpt>
      <trkpt lat="35.3228" lon="-82.83344">
        <ele>1322.42</ele>
      </trkpt>
      <trkpt lat="35.32296" lon="-82.83324">
        <ele>1322.85</ele>
      </trkpt>
      <trkpt lat="35.32305" lon="-82.8329">
        <ele>1317.72</ele>
      </trkpt>
      <trkpt lat="35.3232" lon="-82.83246">
        <ele>1312.76</ele>
      </trkpt>
      <trkpt lat="35.32324" lon="-82.83234">
        <ele>1312.0</ele>
      </trkpt>
      <trkpt lat="35.32323" lon="-82.83216">
        <ele>1309.54</ele>
      </trkpt>
      <trkpt lat="35.32335" lon="-82.83203">
        <ele>1306.89</ele>
      </trkpt>
      <trkpt lat="35.32347" lon="-82.83198">
        <ele>1306.45</ele>
      </trkpt>
      <trkpt lat="35.32365" lon="-82.83193">
        <ele>1305.95</ele>
      </trkpt>
      <trkpt lat="35.32365" lon="-82.83193">
        <ele>1305.95</ele>
      </trkpt>
      <trkpt lat="35.32459" lon="-82.83167">
        <ele>1309.68</ele>
      </trkpt>
      <trkpt lat="35.32469" lon="-82.83147">
        <ele>1305.4</ele>
      </trkpt>
      <trkpt lat="35.32508" lon="-82.83148">
        <ele>1306.8</ele>
      </trkpt>
      <trkpt lat="35.32546" lon="-82.83139">
        <ele>1306.0</ele>
      </trkpt>
      <trkpt lat="35.32575" lon="-82.83142">
        <ele>1308.08</ele>
      </trkpt>
      <trkpt lat="35.32624" lon="-82.83152">
        <ele>1320.76</ele>
      </trkpt>
      <trkpt lat="35.32645" lon="-82.83152">
        <ele>1324.25</ele>
      </trkpt>
      <trkpt lat="35.32651" lon="-82.83158">
        <ele>1325.86</ele>
      </trkpt>
      <trkpt lat="35.32657" lon="-82.83168">
        <ele>1327.38</ele>
      </trkpt>
      <trkpt lat="35.32664" lon="-82.83185">
        <ele>1327.86</ele>
      </trkpt>
      <trkpt lat="35.32665" lon="-82.83246">
        <ele>1342.6</ele>
      </trkpt>
      <trkpt lat="35.32671" lon="-82.83248">
        <ele>1340.01</ele>
      </trkpt>
      <trkpt lat="35.32683" lon="-82.83265">
        <ele>1337.56</ele>
      </trkpt>
      <trkpt lat="35.32682" lon="-82.83283">
        <ele>1338.57</ele>
      </trkpt>
      <trkpt lat="35.32686" lon="-82.83322">
        <ele>1334.78</ele>
      </trkpt>
      <trkpt lat="35.32676" lon="-82.83345">
        <ele>1339.23</ele>
      </trkpt>
      <trkpt lat="35.32675" lon="-82.83368">
        <ele>1341.47</ele>
      </trkpt>
      <trkpt lat="35.32692" lon="-82.83379">
        <ele>1347.64</ele>
      </trkpt>
      <trkpt lat="35.32707" lon="-82.83397">
        <ele>1350.16</ele>
      </trkpt>
      <trkpt lat="35.32715" lon="-82.83414">
        <ele>1352.2</ele>
      </trkpt>
      <trkpt lat="35.32731" lon="-82.83435">
        <ele>1356.01</ele>
      </trkpt>
      <trkpt lat="35.32742" lon="-82.83467">
        <ele>1360.31</ele>
      </trkpt>
      <trkpt lat="35.32754" lon="-82.83484">
        <ele>1364.43</ele>
      </trkpt>
      <trkpt lat="35.32778" lon="-82.83471">
        <ele>1363.86</ele>
      </trkpt>
      <trkpt lat="35.3278" lon="-82.83461">
        <ele>1363.18</ele>
      </trkpt>
      <trkpt lat="35.32792" lon="-82.83457">
        <ele>1368.51</ele>
      </trkpt>
      <trkpt lat="35.32811" lon="-82.83458">
        <ele>1372.44</ele>
      </trkpt>
      <trkpt lat="35.32819" lon="-82.83463">
        <ele>1374.56</ele>
      </trkpt>
      <trkpt lat="35.32819" lon="-82.83466">
        <ele>1375.68</ele>
      </trkpt>
      <trkpt lat="35.32811" lon="-82.83475">
        <ele>1378.66</ele>
      </trkpt>
      <trkpt lat="35.32805" lon="-82.83488">
        <ele>1381.17</ele>
      </trkpt>
      <trkpt lat="35.32789" lon="-82.83506">
        <ele>1376.43</ele>
      </trkpt>
      <trkpt lat="35.32789" lon="-82.83508">
        <ele>1377.08</ele>
      </trkpt>
      <trkpt lat="35.32795" lon="-82.83515">
        <ele>1384.59</ele>
      </trkpt>
      <trkpt lat="35.32807" lon="-82.8352">
        <ele>1392.11</ele>
      </trkpt>
      <trkpt lat="35.32839" lon="-82.83529">
        <ele>1397.65</ele>
      </trkpt>
      <trkpt lat="35.32837" lon="-82.8354">
        <ele>1399.99</ele>
      </trkpt>
      <trkpt lat="35.32833" lon="-82.83552">
        <ele>1403.3</ele>
      </trkpt>
      <trkpt lat="35.32828" lon="-82.83571">
        <ele>1406.97</ele>
      </trkpt>
      <trkpt lat="35.32817" lon="-82.83591">
        <ele>1413.88</ele>
      </trkpt>
      <trkpt lat="35.32805" lon="-82.83609">
        <ele>1419.45</ele>
      </trkpt>
      <trkpt lat="35.32798" lon="-82.83635">
        <ele>1418.63</ele>
      </trkpt>
      <trkpt lat="35.32789" lon="-82.83657">
        <ele>1416.69</ele>
      </trkpt>
      <trkpt lat="35.32781" lon="-82.83673">
        <ele>1418.16</ele>
      </trkpt>
      <trkpt lat="35.32753" lon="-82.83705">
        <ele>1424.78</ele>
      </trkpt>
      <trkpt lat="35.32747" lon="-82.83714">
        <ele>1426.54</ele>
      </trkpt>
      <trkpt lat="35.32741" lon="-82.83728">
        <ele>1429.23</ele>
      </trkpt>
      <trkpt lat="35.32736" lon="-82.83737">
        <ele>1430.96</ele>
      </trkpt>
      <trkpt lat="35.32735" lon="-82.83773">
        <ele>1426.8</ele>
      </trkpt>
      <trkpt lat="35.32749" lon="-82.83805">
        <ele>1430.41</ele>
      </trkpt>
      <trkpt lat="35.3276" lon="-82.83834">
        <ele>1429.68</ele>
      </trkpt>
      <trkpt lat="35.3276" lon="-82.83874">
        <ele>1435.38</ele>
      </trkpt>
      <trkpt lat="35.32756" lon="-82.8389">
        <ele>1439.37</ele>
      </trkpt>
      <trkpt lat="35.3275" lon="-82.83903">
        <ele>1440.48</ele>
      </trkpt>
      <trkpt lat="35.32744" lon="-82.83903">
        <ele>1443.41</ele>
      </trkpt>
      <trkpt lat="35.32743" lon="-82.83894">
        <ele>1444.47</ele>
      </trkpt>
      <trkpt lat="35.32743" lon="-82.83881">
        <ele>1444.17</ele>
      </trkpt>
      <trkpt lat="35.32741" lon="-82.83877">
        <ele>1444.6</ele>
      </trkpt>
      <trkpt lat="35.32736" lon="-82.83875">
        <ele>1446.29</ele>
      </trkpt>
      <trkpt lat="35.32729" lon="-82.83874">
        <ele>1448.75</ele>
      </trkpt>
      <trkpt lat="35.32724" lon="-82.8388">
        <ele>1451.5</ele>
      </trkpt>
      <trkpt lat="35.32718" lon="-82.83889">
        <ele>1455.39</ele>
      </trkpt>
      <trkpt lat="35.32707" lon="-82.83897">
        <ele>1461.33</ele>
      </trkpt>
      <trkpt lat="35.32688" lon="-82.83967">
        <ele>1469.83</ele>
      </trkpt>
      <trkpt lat="35.32676" lon="-82.83991">
        <ele>1471.91</ele>
      </trkpt>
      <trkpt lat="35.32665" lon="-82.8401">
        <ele>1473.57</ele>
      </trkpt>
      <trkpt lat="35.32659" lon="-82.84006">
        <ele>1476.72</ele>
      </trkpt>
      <trkpt lat="35.32655" lon="-82.84007">
        <ele>1478.28</ele>
      </trkpt>
      <trkpt lat="35.32653" lon="-82.84011">
        <ele>1478.72</ele>
      </trkpt>
      <trkpt lat="35.32643" lon="-82.84003">
        <ele>1484.08</ele>
      </trkpt>
      <trkpt lat="35.32636" lon="-82.84015">
        <ele>1486.82</ele>
      </trkpt>
      <trkpt lat="35.32635" lon="-82.84041">
        <ele>1487.11</ele>
      </trkpt>
      <trkpt lat="35.32634" lon="-82.84058">
        <ele>1487.32</ele>
      </trkpt>
      <trkpt lat="35.32629" lon="-82.84076">
        <ele>1488.0</ele>
      </trkpt>
      <trkpt lat="35.32624" lon="-82.84086">
        <ele>1488.42</ele>
      </trkpt>
      <trkpt lat="35.3259" lon="-82.84095">
        <ele>1493.97</ele>
      </trkpt>
      <trkpt lat="35.32583" lon="-82.84094">
        <ele>1495.54</ele>
      </trkpt>
      <trkpt lat="35.32574" lon="-82.84089">
        <ele>1497.56</ele>
      </trkpt>
      <trkpt lat="35.3256" lon="-82.84088">
        <ele>1498.75</ele>
      </trkpt>
      <trkpt lat="35.32546" lon="-82.84081">
        <ele>1500.5</ele>
      </trkpt>
      <trkpt lat="35.32535" lon="-82.84068">
        <ele>1502.39</ele>
      </trkpt>
      <trkpt lat="35.32531" lon="-82.84068">
        <ele>1502.54</ele>
      </trkpt>
      <trkpt lat="35.32528" lon="-82.84071">
        <ele>1502.32</ele>
      </trkpt>
      <trkpt lat="35.32521" lon="-82.84071">
        <ele>1503.06</ele>
      </trkpt>
      <trkpt lat="35.32516" lon="-82.84069">
        <ele>1503.55</ele>
      </trkpt>
      <trkpt lat="35.32507" lon="-82.84075">
        <ele>1502.92</ele>
      </trkpt>
      <trkpt lat="35.325" lon="-82.84076">
        <ele>1503.0</ele>
      </trkpt>
      <trkpt lat="35.32497" lon="-82.84082">
        <ele>1503.05</ele>
      </trkpt>
      <trkpt lat="35.3249" lon="-82.8408">
        <ele>1503.28</ele>
      </trkpt>
      <trkpt lat="35.3248" lon="-82.84079">
        <ele>1502.31</ele>
      </trkpt>
      <trkpt lat="35.32474" lon="-82.84083">
        <ele>1501.23</ele>
      </trkpt>
      <trkpt lat="35.3247" lon="-82.84092">
        <ele>1499.81</ele>
      </trkpt>
      <trkpt lat="35.32457" lon="-82.8411">
        <ele>1498.28</ele>
      </trkpt>
      <trkpt lat="35.32455" lon="-82.84119">
        <ele>1498.14</ele>
      </trkpt>
      <trkpt lat="35.32453" lon="-82.84132">
        <ele>1497.69</ele>
      </trkpt>
      <trkpt lat="35.32451" lon="-82.84144">
        <ele>1496.84</ele>
      </trkpt>
      <trkpt lat="35.32451" lon="-82.84165">
        <ele>1495.76</ele>
      </trkpt>
      <trkpt lat="35.3245" lon="-82.84172">
        <ele>1495.6</ele>
      </trkpt>
      <trkpt lat="35.32447" lon="-82.84179">
        <ele>1495.52</ele>
      </trkpt>
      <trkpt lat="35.32446" lon="-82.84191">
        <ele>1496.11</ele>
      </trkpt>
      <trkpt lat="35.32451" lon="-82.84207">
        <ele>1496.71</ele>
      </trkpt>
      <trkpt lat="35.32444" lon="-82.84235">
        <ele>1498.28</ele>
      </trkpt>
      <trkpt lat="35.32443" lon="-82.84245">
        <ele>1499.15</ele>
      </trkpt>
      <trkpt lat="35.32442" lon="-82.84263">
        <ele>1500.88</ele>
      </trkpt>
      <trkpt lat="35.3244" lon="-82.84275">
        <ele>1501.38</ele>
      </trkpt>
      <trkpt lat="35.32442" lon="-82.84285">
        <ele>1501.53</ele>
      </trkpt>
      <trkpt lat="35.32449" lon="-82.84292">
        <ele>1503.03</ele>
      </trkpt>
      <trkpt lat="35.3245" lon="-82.84294">
        <ele>1503.35</ele>
      </trkpt>
      <trkpt lat="35.3245" lon="-82.84302">
        <ele>1503.97</ele>
      </trkpt>
      <trkpt lat="35.32448" lon="-82.84311">
        <ele>1504.13</ele>
      </trkpt>
      <trkpt lat="35.32451" lon="-82.84319">
        <ele>1504.71</ele>
      </trkpt>
      <trkpt lat="35.32454" lon="-82.84324">
        <ele>1505.03</ele>
      </trkpt>
      <trkpt lat="35.32455" lon="-82.84327">
        <ele>1505.46</ele>
      </trkpt>
      <trkpt lat="35.32453" lon="-82.8434">
        <ele>1506.57</ele>
      </trkpt>
      <trkpt lat="35.32446" lon="-82.84362">
        <ele>1507.53</ele>
      </trkpt>
      <trkpt lat="35.32441" lon="-82.84373">
        <ele>1509.3</ele>
      </trkpt>
      <trkpt lat="35.3243" lon="-82.84389">
        <ele>1514.59</ele>
      </trkpt>
      <trkpt lat="35.3241" lon="-82.84391">
        <ele>1516.29</ele>
      </trkpt>
      <trkpt lat="35.32399" lon="-82.84426">
        <ele>1520.29</ele>
      </trkpt>
      <trkpt lat="35.32387" lon="-82.84446">
        <ele>1522.76</ele>
      </trkpt>
      <trkpt lat="35.32387" lon="-82.84451">
        <ele>1523.3</ele>
      </trkpt>
      <trkpt lat="35.32384" lon="-82.84458">
        <ele>1523.87</ele>
      </trkpt>
      <trkpt lat="35.32384" lon="-82.84458">
        <ele>1523.87</ele>
      </trkpt>
      <trkpt lat="35.32382" lon="-82.84463">
        <ele>1524.52</ele>
      </trkpt>
      <trkpt lat="35.32377" lon="-82.84492">
        <ele>1528.14</ele>
      </trkpt>
      <trkpt lat="35.32393" lon="-82.84484">
        <ele>1529.76</ele>
      </trkpt>
      <trkpt lat="35.3242" lon="-82.84476">
        <ele>1533.39</ele>
      </trkpt>
      <trkpt lat="35.32446" lon="-82.84465">
        <ele>1535.78</ele>
      </trkpt>
      <trkpt lat="35.32456" lon="-82.84459">
        <ele>1536.64</ele>
      </trkpt>
      <trkpt lat="35.32468" lon="-82.84455">
        <ele>1538.91</ele>
      </trkpt>
      <trkpt lat="35.32486" lon="-82.84454">
        <ele>1542.55</ele>
      </trkpt>
      <trkpt lat="35.32496" lon="-82.84456">
        <ele>1543.21</ele>
      </trkpt>
      <trkpt lat="35.32504" lon="-82.84464">
        <ele>1545.47</ele>
      </trkpt>
      <trkpt lat="35.32506" lon="-82.84472">
        <ele>1547.63</ele>
      </trkpt>
      <trkpt lat="35.32514" lon="-82.84481">
        <ele>1549.23</ele>
      </trkpt>
      <trkpt lat="35.32518" lon="-82.84484">
        <ele>1549.26</ele>
      </trkpt>
      <trkpt lat="35.32524" lon="-82.84496">
        <ele>1552.24</ele>
      </trkpt>
      <trkpt lat="35.3251" lon="-82.84502">
        <ele>1558.51</ele>
      </trkpt>
      <trkpt lat="35.32501" lon="-82.84503">
        <ele>1558.08</ele>
      </trkpt>
      <trkpt lat="35.32495" lon="-82.8451">
        <ele>1559.66</ele>
      </trkpt>
      <trkpt lat="35.32491" lon="-82.84516">
        <ele>1560.5</ele>
      </trkpt>
      <trkpt lat="35.32485" lon="-82.8453">
        <ele>1561.38</ele>
      </trkpt>
      <trkpt lat="35.32483" lon="-82.8455">
        <ele>1562.83</ele>
      </trkpt>
      <trkpt lat="35.32488" lon="-82.84562">
        <ele>1564.9</ele>
      </trkpt>
      <trkpt lat="35.32496" lon="-82.84576">
        <ele>1567.14</ele>
      </trkpt>
      <trkpt lat="35.32494" lon="-82.84587">
        <ele>1566.7</ele>
      </trkpt>
      <trkpt lat="35.32494" lon="-82.8459">
        <ele>1566.7</ele>
      </trkpt>
      <trkpt lat="35.32496" lon="-82.84598">
        <ele>1567.14</ele>
      </trkpt>
      <trkpt lat="35.32498" lon="-82.84606">
        <ele>1567.12</ele>
      </trkpt>
      <trkpt lat="35.325" lon="-82.84609">
        <ele>1567.23</ele>
      </trkpt>
      <trkpt lat="35.32504" lon="-82.8461">
        <ele>1567.98</ele>
      </trkpt>
      <trkpt lat="35.32504" lon="-82.8461">
        <ele>1567.98</ele>
      </trkpt>
      <trkpt lat="35.32506" lon="-82.8461">
        <ele>1568.42</ele>
      </trkpt>
      <trkpt lat="35.32513" lon="-82.84615">
        <ele>1569.64</ele>
      </trkpt>
      <trkpt lat="35.32522" lon="-82.84618">
        <ele>1570.91</ele>
      </trkpt>
      <trkpt lat="35.32528" lon="-82.84621">
        <ele>1572.02</ele>
      </trkpt>
      <trkpt lat="35.32535" lon="-82.84628">
        <ele>1572.78</ele>
      </trkpt>
      <trkpt lat="35.32538" lon="-82.84636">
        <ele>1573.18</ele>
      </trkpt>
      <trkpt lat="35.32541" lon="-82.8464">
        <ele>1573.92</ele>
      </trkpt>
      <trkpt lat="35.32542" lon="-82.84646">
        <ele>1574.43</ele>
      </trkpt>
      <trkpt lat="35.32542" lon="-82.8465">
        <ele>1574.54</ele>
      </trkpt>
      <trkpt lat="35.32544" lon="-82.8466">
        <ele>1574.75</ele>
      </trkpt>
      <trkpt lat="35.32549" lon="-82.84668">
        <ele>1575.29</ele>
      </trkpt>
      <trkpt lat="35.32551" lon="-82.84679">
        <ele>1575.51</ele>
      </trkpt>
      <trkpt lat="35.3255" lon="-82.84686">
        <ele>1575.31</ele>
      </trkpt>
      <trkpt lat="35.32551" lon="-82.84687">
        <ele>1575.31</ele>
      </trkpt>
      <trkpt lat="35.32557" lon="-82.84689">
        <ele>1575.65</ele>
      </trkpt>
      <trkpt lat="35.32559" lon="-82.84695">
        <ele>1575.31</ele>
      </trkpt>
      <trkpt lat="35.32563" lon="-82.84708">
        <ele>1574.34</ele>
      </trkpt>
      <trkpt lat="35.32568" lon="-82.84709">
        <ele>1574.77</ele>
      </trkpt>
      <trkpt lat="35.32575" lon="-82.84716">
        <ele>1574.77</ele>
      </trkpt>
      <trkpt lat="35.32583" lon="-82.84718">
        <ele>1575.42</ele>
      </trkpt>
      <trkpt lat="35.32596" lon="-82.84734">
        <ele>1573.46</ele>
      </trkpt>
      <trkpt lat="35.32602" lon="-82.84734">
        <ele>1573.44</ele>
      </trkpt>
      <trkpt lat="35.32607" lon="-82.84735">
        <ele>1572.9</ele>
      </trkpt>
      <trkpt lat="35.32612" lon="-82.84738">
        <ele>1572.27</ele>
      </trkpt>
      <trkpt lat="35.32615" lon="-82.84742">
        <ele>1571.86</ele>
      </trkpt>
      <trkpt lat="35.32619" lon="-82.8475">
        <ele>1571.0</ele>
      </trkpt>
      <trkpt lat="35.32619" lon="-82.84758">
        <ele>1570.14</ele>
      </trkpt>
      <trkpt lat="35.32619" lon="-82.84767">
        <ele>1570.0</ele>
      </trkpt>
      <trkpt lat="35.32618" lon="-82.84773">
        <ele>1569.52</ele>
      </trkpt>
      <trkpt lat="35.32624" lon="-82.84784">
        <ele>1569.0</ele>
      </trkpt>
      <trkpt lat="35.32632" lon="-82.84791">
        <ele>1569.0</ele>
      </trkpt>
      <trkpt lat="35.32649" lon="-82.848">
        <ele>1570.34</ele>
      </trkpt>
      <trkpt lat="35.32668" lon="-82.84814">
        <ele>1570.9</ele>
      </trkpt>
      <trkpt lat="35.32677" lon="-82.84816">
        <ele>1571.37</ele>
      </trkpt>
      <trkpt lat="35.32693" lon="-82.84818">
        <ele>1573.53</ele>
      </trkpt>
      <trkpt lat="35.3271" lon="-82.84824">
        <ele>1575.98</ele>
      </trkpt>
      <trkpt lat="35.32718" lon="-82.84835">
        <ele>1578.18</ele>
      </trkpt>
      <trkpt lat="35.3274" lon="-82.84851">
        <ele>1580.82</ele>
      </trkpt>
      <trkpt lat="35.32747" lon="-82.84852">
        <ele>1581.02</ele>
      </trkpt>
      <trkpt lat="35.32758" lon="-82.84859">
        <ele>1581.58</ele>
      </trkpt>
      <trkpt lat="35.32766" lon="-82.84857">
        <ele>1580.79</ele>
      </trkpt>
      <trkpt lat="35.32773" lon="-82.8486">
        <ele>1581.1</ele>
      </trkpt>
      <trkpt lat="35.32783" lon="-82.84862">
        <ele>1580.12</ele>
      </trkpt>
      <trkpt lat="35.32799" lon="-82.84873">
        <ele>1581.07</ele>
      </trkpt>
      <trkpt lat="35.3281" lon="-82.84884">
        <ele>1582.21</ele>
      </trkpt>
      <trkpt lat="35.3282" lon="-82.8489">
        <ele>1582.07</ele>
      </trkpt>
      <trkpt lat="35.32822" lon="-82.84895">
        <ele>1582.62</ele>
      </trkpt>
      <trkpt lat="35.32823" lon="-82.84911">
        <ele>1584.12</ele>
      </trkpt>
      <trkpt lat="35.32811" lon="-82.84925">
        <ele>1586.35</ele>
      </trkpt>
      <trkpt lat="35.32795" lon="-82.84926">
        <ele>1588.14</ele>
      </trkpt>
      <trkpt lat="35.3279" lon="-82.84929">
        <ele>1588.91</ele>
      </trkpt>
      <trkpt lat="35.32788" lon="-82.84939">
        <ele>1590.2</ele>
      </trkpt>
      <trkpt lat="35.32788" lon="-82.84947">
        <ele>1591.32</ele>
      </trkpt>
      <trkpt lat="35.32787" lon="-82.84962">
        <ele>1593.9</ele>
      </trkpt>
      <trkpt lat="35.32783" lon="-82.84968">
        <ele>1595.11</ele>
      </trkpt>
      <trkpt lat="35.32778" lon="-82.8498">
        <ele>1596.93</ele>
      </trkpt>
      <trkpt lat="35.32772" lon="-82.85001">
        <ele>1598.76</ele>
      </trkpt>
      <trkpt lat="35.32756" lon="-82.85025">
        <ele>1601.25</ele>
      </trkpt>
      <trkpt lat="35.32754" lon="-82.85033">
        <ele>1601.14</ele>
      </trkpt>
      <trkpt lat="35.32751" lon="-82.85041">
        <ele>1601.25</ele>
      </trkpt>
      <trkpt lat="35.32751" lon="-82.85048">
        <ele>1600.66</ele>
      </trkpt>
      <trkpt lat="35.32746" lon="-82.85054">
        <ele>1602.3</ele>
      </trkpt>
      <trkpt lat="35.32745" lon="-82.85063">
        <ele>1601.82</ele>
      </trkpt>
      <trkpt lat="35.32739" lon="-82.85075">
        <ele>1603.48</ele>
      </trkpt>
      <trkpt lat="35.3274" lon="-82.85081">
        <ele>1602.55</ele>
      </trkpt>
      <trkpt lat="35.32739" lon="-82.85089">
        <ele>1602.75</ele>
      </trkpt>
      <trkpt lat="35.32742" lon="-82.851">
        <ele>1602.28</ele>
      </trkpt>
      <trkpt lat="35.32748" lon="-82.85108">
        <ele>1601.05</ele>
      </trkpt>
      <trkpt lat="35.32753" lon="-82.8512">
        <ele>1601.95</ele>
      </trkpt>
      <trkpt lat="35.32751" lon="-82.85127">
        <ele>1602.68</ele>
      </trkpt>
      <trkpt lat="35.32748" lon="-82.85138">
        <ele>1603.43</ele>
      </trkpt>
      <trkpt lat="35.32747" lon="-82.85152">
        <ele>1602.97</ele>
      </trkpt>
      <trkpt lat="35.32742" lon="-82.85161">
        <ele>1604.59</ele>
      </trkpt>
      <trkpt lat="35.32741" lon="-82.85169">
        <ele>1605.41</ele>
      </trkpt>
      <trkpt lat="35.32741" lon="-82.85183">
        <ele>1607.67</ele>
      </trkpt>
      <trkpt lat="35.32745" lon="-82.85191">
        <ele>1608.16</ele>
      </trkpt>
      <trkpt lat="35.32746" lon="-82.85201">
        <ele>1609.97</ele>
      </trkpt>
      <trkpt lat="35.32744" lon="-82.85204">
        <ele>1610.71</ele>
      </trkpt>
      <trkpt lat="35.32738" lon="-82.85217">
        <ele>1614.03</ele>
      </trkpt>
      <trkpt lat="35.32732" lon="-82.85228">
        <ele>1616.51</ele>
      </trkpt>
      <trkpt lat="35.32731" lon="-82.85235">
        <ele>1617.07</ele>
      </trkpt>
      <trkpt lat="35.32731" lon="-82.8526">
        <ele>1620.26</ele>
      </trkpt>
      <trkpt lat="35.32743" lon="-82.85286">
        <ele>1623.93</ele>
      </trkpt>
      <trkpt lat="35.3274" lon="-82.85293">
        <ele>1626.37</ele>
      </trkpt>
      <trkpt lat="35.32736" lon="-82.853">
        <ele>1628.31</ele>
      </trkpt>
      <trkpt lat="35.32736" lon="-82.85305">
        <ele>1629.39</ele>
      </trkpt>
      <trkpt lat="35.32735" lon="-82.85311">
        <ele>1630.21</ele>
      </trkpt>
      <trkpt lat="35.32735" lon="-82.85314">
        <ele>1630.53</ele>
      </trkpt>
      <trkpt lat="35.32734" lon="-82.85319">
        <ele>1631.18</ele>
      </trkpt>
      <trkpt lat="35.32735" lon="-82.85322">
        <ele>1631.4</ele>
      </trkpt>
      <trkpt lat="35.32743" lon="-82.85338">
        <ele>1634.78</ele>
      </trkpt>
      <trkpt lat="35.32743" lon="-82.85346">
        <ele>1637.37</ele>
      </trkpt>
      <trkpt lat="35.32747" lon="-82.85354">
        <ele>1638.59</ele>
      </trkpt>
      <trkpt lat="35.32754" lon="-82.85358">
        <ele>1637.55</ele>
      </trkpt>
      <trkpt lat="35.32754" lon="-82.85365">
        <ele>1639.96</ele>
      </trkpt>
      <trkpt lat="35.32756" lon="-82.8537">
        <ele>1640.94</ele>
      </trkpt>
      <trkpt lat="35.32754" lon="-82.85385">
        <ele>1645.1</ele>
      </trkpt>
      <trkpt lat="35.32754" lon="-82.85393">
        <ele>1646.59</ele>
      </trkpt>
      <trkpt lat="35.32754" lon="-82.854">
        <ele>1648.02</ele>
      </trkpt>
      <trkpt lat="35.32755" lon="-82.85404">
        <ele>1648.3</ele>
      </trkpt>
      <trkpt lat="35.32754" lon="-82.85417">
        <ele>1650.8</ele>
      </trkpt>
      <trkpt lat="35.32758" lon="-82.85427">
        <ele>1651.79</ele>
      </trkpt>
      <trkpt lat="35.32759" lon="-82.85438">
        <ele>1653.76</ele>
      </trkpt>
      <trkpt lat="35.32756" lon="-82.85442">
        <ele>1656.49</ele>
      </trkpt>
      <trkpt lat="35.32753" lon="-82.85441">
        <ele>1658.06</ele>
      </trkpt>
      <trkpt lat="35.32753" lon="-82.85441">
        <ele>1658.06</ele>
      </trkpt>
      <trkpt lat="35.32755" lon="-82.85444">
        <ele>1657.64</ele>
      </trkpt>
      <trkpt lat="35.32751" lon="-82.85452">
        <ele>1661.17</ele>
      </trkpt>
      <trkpt lat="35.32749" lon="-82.85451">
        <ele>1662.11</ele>
      </trkpt>
      <trkpt lat="35.32748" lon="-82.85454">
        <ele>1662.93</ele>
      </trkpt>
      <trkpt lat="35.32748" lon="-82.85458">
        <ele>1663.89</ele>
      </trkpt>
      <trkpt lat="35.32752" lon="-82.85461">
        <ele>1662.28</ele>
      </trkpt>
      <trkpt lat="35.32754" lon="-82.85473">
        <ele>1662.44</ele>
      </trkpt>
      <trkpt lat="35.32751" lon="-82.85479">
        <ele>1664.43</ele>
      </trkpt>
      <trkpt lat="35.3275" lon="-82.85479">
        <ele>1665.0</ele>
      </trkpt>
      <trkpt lat="35.32747" lon="-82.85477">
        <ele>1666.62</ele>
      </trkpt>
      <trkpt lat="35.32746" lon="-82.8547">
        <ele>1666.92</ele>
      </trkpt>
      <trkpt lat="35.32744" lon="-82.85471">
        <ele>1668.11</ele>
      </trkpt>
      <trkpt lat="35.32744" lon="-82.85476">
        <ele>1668.24</ele>
      </trkpt>
      <trkpt lat="35.32741" lon="-82.85474">
        <ele>1669.86</ele>
      </trkpt>
      <trkpt lat="35.32739" lon="-82.85476">
        <ele>1670.45</ele>
      </trkpt>
      <trkpt lat="35.32737" lon="-82.85482">
        <ele>1671.23</ele>
      </trkpt>
      <trkpt lat="35.32737" lon="-82.85488">
        <ele>1671.5</ele>
      </trkpt>
      <trkpt lat="35.32739" lon="-82.85496">
        <ele>1671.78</ele>
      </trkpt>
      <trkpt lat="35.32744" lon="-82.85503">
        <ele>1670.56</ele>
      </trkpt>
      <trkpt lat="35.32745" lon="-82.85519">
        <ele>1672.8</ele>
      </trkpt>
      <trkpt lat="35.32747" lon="-82.85526">
        <ele>1673.24</ele>
      </trkpt>
      <trkpt lat="35.32749" lon="-82.8553">
        <ele>1672.75</ele>
      </trkpt>
      <trkpt lat="35.32749" lon="-82.8553">
        <ele>1672.75</ele>
      </trkpt>
      <trkpt lat="35.32756" lon="-82.85541">
        <ele>1670.84</ele>
      </trkpt>
      <trkpt lat="35.32761" lon="-82.85553">
        <ele>1670.11</ele>
      </trkpt>
      <trkpt lat="35.32765" lon="-82.85567">
        <ele>1670.38</ele>
      </trkpt>
      <trkpt lat="35.32776" lon="-82.85582">
        <ele>1668.43</ele>
      </trkpt>
      <trkpt lat="35.32785" lon="-82.85591">
        <ele>1666.49</ele>
      </trkpt>
      <trkpt lat="35.32792" lon="-82.85598">
        <ele>1665.25</ele>
      </trkpt>
      <trkpt lat="35.32795" lon="-82.85609">
        <ele>1665.33</ele>
      </trkpt>
      <trkpt lat="35.32795" lon="-82.85616">
        <ele>1666.09</ele>
      </trkpt>
      <trkpt lat="35.32803" lon="-82.85627">
        <ele>1664.54</ele>
      </trkpt>
      <trkpt lat="35.32804" lon="-82.8564">
        <ele>1665.77</ele>
      </trkpt>
      <trkpt lat="35.32802" lon="-82.85655">
        <ele>1667.89</ele>
      </trkpt>
      <trkpt lat="35.32813" lon="-82.85691">
        <ele>1664.89</ele>
      </trkpt>
      <trkpt lat="35.32817" lon="-82.85714">
        <ele>1663.29</ele>
      </trkpt>
      <trkpt lat="35.32815" lon="-82.85718">
        <ele>1663.94</ele>
      </trkpt>
      <trkpt lat="35.32817" lon="-82.85734">
        <ele>1663.08</ele>
      </trkpt>
      <trkpt lat="35.32814" lon="-82.85745">
        <ele>1663.35</ele>
      </trkpt>
      <trkpt lat="35.32811" lon="-82.85752">
        <ele>1664.65</ele>
      </trkpt>
      <trkpt lat="35.32813" lon="-82.85759">
        <ele>1663.78</ele>
      </trkpt>
      <trkpt lat="35.32814" lon="-82.85765">
        <ele>1663.92</ele>
      </trkpt>
      <trkpt lat="35.32813" lon="-82.85774">
        <ele>1664.59</ele>
      </trkpt>
      <trkpt lat="35.32814" lon="-82.8578">
        <ele>1664.05</ele>
      </trkpt>
      <trkpt lat="35.32818" lon="-82.85787">
        <ele>1661.97</ele>
      </trkpt>
      <trkpt lat="35.32822" lon="-82.85804">
        <ele>1661.54</ele>
      </trkpt>
      <trkpt lat="35.3283" lon="-82.85813">
        <ele>1659.24</ele>
      </trkpt>
      <trkpt lat="35.32835" lon="-82.85822">
        <ele>1657.92</ele>
      </trkpt>
      <trkpt lat="35.32837" lon="-82.85838">
        <ele>1659.03</ele>
      </trkpt>
      <trkpt lat="35.32845" lon="-82.85848">
        <ele>1657.56</ele>
      </trkpt>
      <trkpt lat="35.32853" lon="-82.85866">
        <ele>1659.02</ele>
      </trkpt>
      <trkpt lat="35.32856" lon="-82.8588">
        <ele>1660.76</ele>
      </trkpt>
      <trkpt lat="35.32861" lon="-82.85888">
        <ele>1660.85</ele>
      </trkpt>
      <trkpt lat="35.3286" lon="-82.85905">
        <ele>1664.96</ele>
      </trkpt>
      <trkpt lat="35.32863" lon="-82.85912">
        <ele>1664.68</ele>
      </trkpt>
      <trkpt lat="35.32861" lon="-82.85923">
        <ele>1666.04</ele>
      </trkpt>
      <trkpt lat="35.32862" lon="-82.85927">
        <ele>1665.83</ele>
      </trkpt>
      <trkpt lat="35.32866" lon="-82.8594">
        <ele>1665.94</ele>
      </trkpt>
      <trkpt lat="35.32866" lon="-82.85945">
        <ele>1666.47</ele>
      </trkpt>
      <trkpt lat="35.32882" lon="-82.85968">
        <ele>1663.12</ele>
      </trkpt>
      <trkpt lat="35.32892" lon="-82.85975">
        <ele>1662.28</ele>
      </trkpt>
      <trkpt lat="35.32901" lon="-82.85977">
        <ele>1657.89</ele>
      </trkpt>
      <trkpt lat="35.32908" lon="-82.85987">
        <ele>1659.66</ele>
      </trkpt>
      <trkpt lat="35.32911" lon="-82.85986">
        <ele>1657.5</ele>
      </trkpt>
      <trkpt lat="35.32918" lon="-82.85994">
        <ele>1658.09</ele>
      </trkpt>
      <trkpt lat="35.32924" lon="-82.85995">
        <ele>1655.7</ele>
      </trkpt>
      <trkpt lat="35.32933" lon="-82.86002">
        <ele>1655.97</ele>
      </trkpt>
      <trkpt lat="35.32947" lon="-82.8601">
        <ele>1653.88</ele>
      </trkpt>
      <trkpt lat="35.32969" lon="-82.86042">
        <ele>1654.46</ele>
      </trkpt>
      <trkpt lat="35.3298" lon="-82.86053">
        <ele>1652.7</ele>
      </trkpt>
      <trkpt lat="35.33001" lon="-82.86081">
        <ele>1652.48</ele>
      </trkpt>
      <trkpt lat="35.33011" lon="-82.86091">
        <ele>1650.73</ele>
      </trkpt>
      <trkpt lat="35.3302" lon="-82.86099">
        <ele>1649.55</ele>
      </trkpt>
      <trkpt lat="35.33026" lon="-82.86109">
        <ele>1650.12</ele>
      </trkpt>
      <trkpt lat="35.33028" lon="-82.86118">
        <ele>1649.92</ele>
      </trkpt>
      <trkpt lat="35.3303" lon="-82.86127">
        <ele>1649.82</ele>
      </trkpt>
      <trkpt lat="35.33033" lon="-82.86142">
        <ele>1648.74</ele>
      </trkpt>
      <trkpt lat="35.33034" lon="-82.8615">
        <ele>1648.31</ele>
      </trkpt>
      <trkpt lat="35.33033" lon="-82.8617">
        <ele>1648.59</ele>
      </trkpt>
      <trkpt lat="35.33027" lon="-82.86197">
        <ele>1647.98</ele>
      </trkpt>
      <trkpt lat="35.33025" lon="-82.86203">
        <ele>1647.98</ele>
      </trkpt>
      <trkpt lat="35.33018" lon="-82.86214">
        <ele>1649.06</ele>
      </trkpt>
      <trkpt lat="35.33015" lon="-82.86217">
        <ele>1649.7</ele>
      </trkpt>
      <trkpt lat="35.33004" lon="-82.86247">
        <ele>1649.03</ele>
      </trkpt>
      <trkpt lat="35.33001" lon="-82.86259">
        <ele>1647.73</ele>
      </trkpt>
      <trkpt lat="35.32998" lon="-82.86279">
        <ele>1646.52</ele>
      </trkpt>
      <trkpt lat="35.32995" lon="-82.8629">
        <ele>1646.15</ele>
      </trkpt>
      <trkpt lat="35.32992" lon="-82.86298">
        <ele>1646.46</ele>
      </trkpt>
      <trkpt lat="35.3299" lon="-82.86313">
        <ele>1647.18</ele>
      </trkpt>
      <trkpt lat="35.32991" lon="-82.86319">
        <ele>1646.46</ele>
      </trkpt>
      <trkpt lat="35.32989" lon="-82.86325">
        <ele>1646.55</ele>
      </trkpt>
      <trkpt lat="35.32989" lon="-82.86334">
        <ele>1646.39</ele>
      </trkpt>
      <trkpt lat="35.32989" lon="-82.86344">
        <ele>1646.69</ele>
      </trkpt>
      <trkpt lat="35.32994" lon="-82.86351">
        <ele>1646.24</ele>
      </trkpt>
      <trkpt lat="35.32994" lon="-82.8637">
        <ele>1647.3</ele>
      </trkpt>
      <trkpt lat="35.32992" lon="-82.86376">
        <ele>1647.73</ele>
      </trkpt>
      <trkpt lat="35.3299" lon="-82.86392">
        <ele>1648.13</ele>
      </trkpt>
      <trkpt lat="35.32987" lon="-82.86405">
        <ele>1647.96</ele>
      </trkpt>
      <trkpt lat="35.32982" lon="-82.86421">
        <ele>1647.42</ele>
      </trkpt>
      <trkpt lat="35.32977" lon="-82.86432">
        <ele>1647.31</ele>
      </trkpt>
      <trkpt lat="35.32975" lon="-82.86436">
        <ele>1647.31</ele>
      </trkpt>
      <trkpt lat="35.32973" lon="-82.86442">
        <ele>1647.1</ele>
      </trkpt>
      <trkpt lat="35.3297" lon="-82.8645">
        <ele>1646.88</ele>
      </trkpt>
      <trkpt lat="35.32967" lon="-82.86455">
        <ele>1646.93</ele>
      </trkpt>
      <trkpt lat="35.32968" lon="-82.86464">
        <ele>1645.2</ele>
      </trkpt>
      <trkpt lat="35.32962" lon="-82.86486">
        <ele>1643.93</ele>
      </trkpt>
      <trkpt lat="35.32958" lon="-82.86495">
        <ele>1644.9</ele>
      </trkpt>
      <trkpt lat="35.32953" lon="-82.86502">
        <ele>1646.01</ele>
      </trkpt>
      <trkpt lat="35.32948" lon="-82.86509">
        <ele>1646.88</ele>
      </trkpt>
      <trkpt lat="35.32946" lon="-82.86519">
        <ele>1646.44</ele>
      </trkpt>
      <trkpt lat="35.32946" lon="-82.86526">
        <ele>1645.69</ele>
      </trkpt>
      <trkpt lat="35.32944" lon="-82.86535">
        <ele>1645.36</ele>
      </trkpt>
      <trkpt lat="35.32944" lon="-82.86547">
        <ele>1644.14</ele>
      </trkpt>
      <trkpt lat="35.32946" lon="-82.86577">
        <ele>1642.5</ele>
      </trkpt>
      <trkpt lat="35.32948" lon="-82.86588">
        <ele>1641.54</ele>
      </trkpt>
      <trkpt lat="35.32943" lon="-82.86599">
        <ele>1642.2</ele>
      </trkpt>
      <trkpt lat="35.3294" lon="-82.86609">
        <ele>1642.08</ele>
      </trkpt>
      <trkpt lat="35.32935" lon="-82.8662">
        <ele>1642.06</ele>
      </trkpt>
      <trkpt lat="35.3293" lon="-82.86632">
        <ele>1641.89</ele>
      </trkpt>
      <trkpt lat="35.32926" lon="-82.86636">
        <ele>1641.99</ele>
      </trkpt>
      <trkpt lat="35.32925" lon="-82.86638">
        <ele>1642.0</ele>
      </trkpt>
      <trkpt lat="35.32917" lon="-82.86639">
        <ele>1642.0</ele>
      </trkpt>
      <trkpt lat="35.32912" lon="-82.86644">
        <ele>1642.0</ele>
      </trkpt>
      <trkpt lat="35.32927" lon="-82.86659">
        <ele>1642.32</ele>
      </trkpt>
      <trkpt lat="35.32934" lon="-82.86664">
        <ele>1642.8</ele>
      </trkpt>
      <trkpt lat="35.3297" lon="-82.86674">
        <ele>1643.46</ele>
      </trkpt>
      <trkpt lat="35.3299" lon="-82.86695">
        <ele>1645.36</ele>
      </trkpt>
      <trkpt lat="35.32995" lon="-82.86713">
        <ele>1646.63</ele>
      </trkpt>
      <trkpt lat="35.32993" lon="-82.86751">
        <ele>1658.84</ele>
      </trkpt>
      <trkpt lat="35.32983" lon="-82.86764">
        <ele>1665.29</ele>
      </trkpt>
      <trkpt lat="35.32959" lon="-82.8676">
        <ele>1667.24</ele>
      </trkpt>
      <trkpt lat="35.32939" lon="-82.8675">
        <ele>1666.0</ele>
      </trkpt>
      <trkpt lat="35.32923" lon="-82.86757">
        <ele>1667.43</ele>
      </trkpt>
      <trkpt lat="35.32918" lon="-82.86771">
        <ele>1671.8</ele>
      </trkpt>
      <trkpt lat="35.32917" lon="-82.86784">
        <ele>1675.37</ele>
      </trkpt>
      <trkpt lat="35.32887" lon="-82.86781">
        <ele>1670.98</ele>
      </trkpt>
      <trkpt lat="35.32853" lon="-82.86814">
        <ele>1678.9</ele>
      </trkpt>
      <trkpt lat="35.32866" lon="-82.86828">
        <ele>1687.0</ele>
      </trkpt>
      <trkpt lat="35.32884" lon="-82.8683">
        <ele>1688.92</ele>
      </trkpt>
      <trkpt lat="35.32891" lon="-82.8684">
        <ele>1693.27</ele>
      </trkpt>
      <trkpt lat="35.32907" lon="-82.86843">
        <ele>1697.18</ele>
      </trkpt>
      <trkpt lat="35.32926" lon="-82.86848">
        <ele>1701.92</ele>
      </trkpt>
      <trkpt lat="35.32928" lon="-82.86854">
        <ele>1704.7</ele>
      </trkpt>
      <trkpt lat="35.32903" lon="-82.86866">
        <ele>1708.64</ele>
      </trkpt>
      <trkpt lat="35.32914" lon="-82.86867">
        <ele>1710.26</ele>
      </trkpt>
      <trkpt lat="35.32922" lon="-82.86872">
        <ele>1712.6</ele>
      </trkpt>
      <trkpt lat="35.32927" lon="-82.86877">
        <ele>1714.03</ele>
      </trkpt>
      <trkpt lat="35.32929" lon="-82.86889">
        <ele>1717.03</ele>
      </trkpt>
      <trkpt lat="35.32934" lon="-82.86909">
        <ele>1719.86</ele>
      </trkpt>
      <trkpt lat="35.32937" lon="-82.86936">
        <ele>1723.13</ele>
      </trkpt>
      <trkpt lat="35.32937" lon="-82.86966">
        <ele>1729.87</ele>
      </trkpt>
      <trkpt lat="35.32933" lon="-82.86977">
        <ele>1733.34</ele>
      </trkpt>
      <trkpt lat="35.32916" lon="-82.86956">
        <ele>1736.01</ele>
      </trkpt>
      <trkpt lat="35.32902" lon="-82.86947">
        <ele>1739.3</ele>
      </trkpt>
      <trkpt lat="35.32895" lon="-82.86952">
        <ele>1742.65</ele>
      </trkpt>
      <trkpt lat="35.32895" lon="-82.86968">
        <ele>1746.65</ele>
      </trkpt>
      <trkpt lat="35.32901" lon="-82.86986">
        <ele>1747.26</ele>
      </trkpt>
      <trkpt lat="35.32873" lon="-82.8697">
        <ele>1753.71</ele>
      </trkpt>
      <trkpt lat="35.32862" lon="-82.8697">
        <ele>1755.4</ele>
      </trkpt>
      <trkpt lat="35.32851" lon="-82.86981">
        <ele>1759.94</ele>
      </trkpt>
      <trkpt lat="35.32832" lon="-82.86993">
        <ele>1765.98</ele>
      </trkpt>
      <trkpt lat="35.328" lon="-82.87003">
        <ele>1770.1</ele>
      </trkpt>
      <trkpt lat="35.32778" lon="-82.87022">
        <ele>1775.14</ele>
      </trkpt>
      <trkpt lat="35.32747" lon="-82.87036">
        <ele>1775.34</ele>
      </trkpt>
      <trkpt lat="35.32715" lon="-82.87047">
        <ele>1778.3</ele>
      </trkpt>
      <trkpt lat="35.32691" lon="-82.87045">
        <ele>1775.53</ele>
      </trkpt>
      <trkpt lat="35.3268" lon="-82.8705">
        <ele>1777.76</ele>
      </trkpt>
      <trkpt lat="35.3267" lon="-82.87045">
        <ele>1777.22</ele>
      </trkpt>
      <trkpt lat="35.32662" lon="-82.8705">
        <ele>1779.7</ele>
      </trkpt>
      <trkpt lat="35.32649" lon="-82.87052">
        <ele>1781.76</ele>
      </trkpt>
      <trkpt lat="35.32634" lon="-82.87059">
        <ele>1784.49</ele>
      </trkpt>
      <trkpt lat="35.32626" lon="-82.87065">
        <ele>1786.69</ele>
      </trkpt>
      <trkpt lat="35.32626" lon="-82.87065">
        <ele>1786.69</ele>
      </trkpt>
      <trkpt lat="35.32621" lon="-82.87069">
        <ele>1787.88</ele>
      </trkpt>
      <trkpt lat="35.32602" lon="-82.87076">
        <ele>1787.64</ele>
      </trkpt>
      <trkpt lat="35.32551" lon="-82.871">
        <ele>1789.6</ele>
      </trkpt>
      <trkpt lat="35.32529" lon="-82.87112">
        <ele>1791.01</ele>
      </trkpt>
      <trkpt lat="35.32508" lon="-82.87122">
        <ele>1789.94</ele>
      </trkpt>
      <trkpt lat="35.32492" lon="-82.87128">
        <ele>1786.06</ele>
      </trkpt>
      <trkpt lat="35.32483" lon="-82.8713">
        <ele>1783.49</ele>
      </trkpt>
      <trkpt lat="35.32473" lon="-82.87131">
        <ele>1780.39</ele>
      </trkpt>
      <trkpt lat="35.32467" lon="-82.87127">
        <ele>1777.05</ele>
      </trkpt>
      <trkpt lat="35.32448" lon="-82.87128">
        <ele>1767.92</ele>
      </trkpt>
      <trkpt lat="35.32453" lon="-82.87102">
        <ele>1765.74</ele>
      </trkpt>
      <trkpt lat="35.32459" lon="-82.87085">
        <ele>1763.15</ele>
      </trkpt>
      <trkpt lat="35.32458" lon="-82.87083">
        <ele>1762.27</ele>
      </trkpt>
      <trkpt lat="35.32454" lon="-82.87084">
        <ele>1761.31</ele>
      </trkpt>
      <trkpt lat="35.32449" lon="-82.87089">
        <ele>1761.51</ele>
      </trkpt>
      <trkpt lat="35.32445" lon="-82.87087">
        <ele>1759.94</ele>
      </trkpt>
      <trkpt lat="35.32435" lon="-82.87093">
        <ele>1757.03</ele>
      </trkpt>
      <trkpt lat="35.32431" lon="-82.87099">
        <ele>1756.72</ele>
      </trkpt>
      <trkpt lat="35.32428" lon="-82.87103">
        <ele>1756.02</ele>
      </trkpt>
      <trkpt lat="35.3242" lon="-82.87108">
        <ele>1753.74</ele>
      </trkpt>
      <trkpt lat="35.32414" lon="-82.87116">
        <ele>1751.85</ele>
      </trkpt>
      <trkpt lat="35.32411" lon="-82.87111">
        <ele>1750.54</ele>
      </trkpt>
      <trkpt lat="35.32411" lon="-82.87106">
        <ele>1750.0</ele>
      </trkpt>
      <trkpt lat="35.32407" lon="-82.87103">
        <ele>1747.99</ele>
      </trkpt>
      <trkpt lat="35.32406" lon="-82.87106">
        <ele>1747.92</ele>
      </trkpt>
      <trkpt lat="35.32404" lon="-82.87116">
        <ele>1747.53</ele>
      </trkpt>
      <trkpt lat="35.32399" lon="-82.87125">
        <ele>1745.37</ele>
      </trkpt>
      <trkpt lat="35.32394" lon="-82.87142">
        <ele>1741.72</ele>
      </trkpt>
      <trkpt lat="35.32395" lon="-82.87172">
        <ele>1740.06</ele>
      </trkpt>
      <trkpt lat="35.32391" lon="-82.87177">
        <ele>1737.77</ele>
      </trkpt>
      <trkpt lat="35.32392" lon="-82.87187">
        <ele>1736.81</ele>
      </trkpt>
      <trkpt lat="35.32401" lon="-82.87209">
        <ele>1736.96</ele>
      </trkpt>
      <trkpt lat="35.324" lon="-82.87251">
        <ele>1731.0</ele>
      </trkpt>
      <trkpt lat="35.32411" lon="-82.873">
        <ele>1734.54</ele>
      </trkpt>
      <trkpt lat="35.32411" lon="-82.87348">
        <ele>1734.69</ele>
      </trkpt>
      <trkpt lat="35.32414" lon="-82.87372">
        <ele>1738.1</ele>
      </trkpt>
      <trkpt lat="35.32408" lon="-82.87385">
        <ele>1737.15</ele>
      </trkpt>
      <trkpt lat="35.32395" lon="-82.87406">
        <ele>1748.92</ele>
      </trkpt>
      <trkpt lat="35.32349" lon="-82.87384">
        <ele>1745.72</ele>
      </trkpt>
      <trkpt lat="35.32348" lon="-82.87382">
        <ele>1745.18</ele>
      </trkpt>
      <trkpt lat="35.32343" lon="-82.8738">
        <ele>1745.08</ele>
      </trkpt>
      <trkpt lat="35.32332" lon="-82.87381">
        <ele>1745.44</ele>
      </trkpt>
      <trkpt lat="35.32322" lon="-82.87378">
        <ele>1744.83</ele>
      </trkpt>
      <trkpt lat="35.32316" lon="-82.87378">
        <ele>1745.37</ele>
      </trkpt>
      <trkpt lat="35.32311" lon="-82.87375">
        <ele>1744.5</ele>
      </trkpt>
      <trkpt lat="35.32303" lon="-82.87373">
        <ele>1743.85</ele>
      </trkpt>
      <trkpt lat="35.32298" lon="-82.87374">
        <ele>1744.18</ele>
      </trkpt>
      <trkpt lat="35.32287" lon="-82.87379">
        <ele>1745.86</ele>
      </trkpt>
      <trkpt lat="35.32284" lon="-82.87378">
        <ele>1745.65</ele>
      </trkpt>
      <trkpt lat="35.32278" lon="-82.87378">
        <ele>1745.65</ele>
      </trkpt>
      <trkpt lat="35.32266" lon="-82.87375">
        <ele>1745.91</ele>
      </trkpt>
      <trkpt lat="35.32264" lon="-82.87377">
        <ele>1746.77</ele>
      </trkpt>
      <trkpt lat="35.32258" lon="-82.87375">
        <ele>1746.93</ele>
      </trkpt>
      <trkpt lat="35.3224" lon="-82.87379">
        <ele>1747.65</ele>
      </trkpt>
      <trkpt lat="35.32231" lon="-82.87384">
        <ele>1748.39</ele>
      </trkpt>
      <trkpt lat="35.32223" lon="-82.87385">
        <ele>1748.36</ele>
      </trkpt>
      <trkpt lat="35.3222" lon="-82.87384">
        <ele>1747.77</ele>
      </trkpt>
      <trkpt lat="35.32207" lon="-82.87389">
        <ele>1748.4</ele>
      </trkpt>
      <trkpt lat="35.32203" lon="-82.87394">
        <ele>1750.13</ele>
      </trkpt>
      <trkpt lat="35.32192" lon="-82.87395">
        <ele>1749.47</ele>
      </trkpt>
      <trkpt lat="35.32188" lon="-82.87394">
        <ele>1748.82</ele>
      </trkpt>
      <trkpt lat="35.32175" lon="-82.87396">
        <ele>1749.2</ele>
      </trkpt>
      <trkpt lat="35.32171" lon="-82.87399">
        <ele>1749.74</ele>
      </trkpt>
      <trkpt lat="35.32166" lon="-82.874">
        <ele>1749.53</ele>
      </trkpt>
      <trkpt lat="35.32163" lon="-82.87399">
        <ele>1748.88</ele>
      </trkpt>
      <trkpt lat="35.32157" lon="-82.87403">
        <ele>1749.53</ele>
      </trkpt>
      <trkpt lat="35.32155" lon="-82.87405">
        <ele>1749.96</ele>
      </trkpt>
      <trkpt lat="35.32148" lon="-82.87408">
        <ele>1750.16</ele>
      </trkpt>
      <trkpt lat="35.32144" lon="-82.8741">
        <ele>1749.94</ele>
      </trkpt>
      <trkpt lat="35.3214" lon="-82.87414">
        <ele>1750.38</ele>
      </trkpt>
      <trkpt lat="35.32137" lon="-82.87419">
        <ele>1751.55</ele>
      </trkpt>
      <trkpt lat="35.32133" lon="-82.87422">
        <ele>1752.09</ele>
      </trkpt>
      <trkpt lat="35.32124" lon="-82.87431">
        <ele>1752.61</ele>
      </trkpt>
      <trkpt lat="35.32094" lon="-82.87446">
        <ele>1753.81</ele>
      </trkpt>
      <trkpt lat="35.3209" lon="-82.87447">
        <ele>1752.99</ele>
      </trkpt>
      <trkpt lat="35.32084" lon="-82.87452">
        <ele>1752.66</ele>
      </trkpt>
      <trkpt lat="35.32081" lon="-82.87459">
        <ele>1755.9</ele>
      </trkpt>
      <trkpt lat="35.32078" lon="-82.87462">
        <ele>1757.8</ele>
      </trkpt>
      <trkpt lat="35.32075" lon="-82.87462">
        <ele>1758.48</ele>
      </trkpt>
      <trkpt lat="35.32073" lon="-82.87457">
        <ele>1757.26</ele>
      </trkpt>
      <trkpt lat="35.32072" lon="-82.8745">
        <ele>1755.25</ele>
      </trkpt>
      <trkpt lat="35.32069" lon="-82.87444">
        <ele>1753.9</ele>
      </trkpt>
      <trkpt lat="35.32065" lon="-82.87443">
        <ele>1754.34</ele>
      </trkpt>
      <trkpt lat="35.32059" lon="-82.87444">
        <ele>1755.44</ele>
      </trkpt>
      <trkpt lat="35.32056" lon="-82.87449">
        <ele>1756.96</ele>
      </trkpt>
      <trkpt lat="35.32045" lon="-82.87454">
        <ele>1757.96</ele>
      </trkpt>
      <trkpt lat="35.32041" lon="-82.87465">
        <ele>1761.09</ele>
      </trkpt>
      <trkpt lat="35.32037" lon="-82.87465">
        <ele>1760.66</ele>
      </trkpt>
      <trkpt lat="35.32031" lon="-82.87471">
        <ele>1762.52</ele>
      </trkpt>
      <trkpt lat="35.32024" lon="-82.87481">
        <ele>1766.79</ele>
      </trkpt>
      <trkpt lat="35.32018" lon="-82.87479">
        <ele>1766.04</ele>
      </trkpt>
      <trkpt lat="35.32012" lon="-82.8748">
        <ele>1767.77</ele>
      </trkpt>
      <trkpt lat="35.31989" lon="-82.87476">
        <ele>1767.71</ele>
      </trkpt>
      <trkpt lat="35.3198" lon="-82.87477">
        <ele>1768.66</ele>
      </trkpt>
      <trkpt lat="35.31977" lon="-82.8748">
        <ele>1770.28</ele>
      </trkpt>
      <trkpt lat="35.31976" lon="-82.87484">
        <ele>1772.09</ele>
      </trkpt>
      <trkpt lat="35.31971" lon="-82.87487">
        <ele>1773.44</ele>
      </trkpt>
      <trkpt lat="35.31968" lon="-82.8749">
        <ele>1774.72</ele>
      </trkpt>
      <trkpt lat="35.31966" lon="-82.87493">
        <ele>1775.73</ele>
      </trkpt>
      <trkpt lat="35.31969" lon="-82.87497">
        <ele>1777.03</ele>
      </trkpt>
      <trkpt lat="35.31978" lon="-82.87502">
        <ele>1778.65</ele>
      </trkpt>
      <trkpt lat="35.3198" lon="-82.87507">
        <ele>1780.27</ele>
      </trkpt>
      <trkpt lat="35.31984" lon="-82.87509">
        <ele>1780.64</ele>
      </trkpt>
      <trkpt lat="35.31989" lon="-82.87517">
        <ele>1782.7</ele>
      </trkpt>
      <trkpt lat="35.32035" lon="-82.87529">
        <ele>1783.59</ele>
      </trkpt>
      <trkpt lat="35.32078" lon="-82.87552">
        <ele>1787.07</ele>
      </trkpt>
      <trkpt lat="35.32087" lon="-82.87549">
        <ele>1786.55</ele>
      </trkpt>
      <trkpt lat="35.32092" lon="-82.8755">
        <ele>1787.7</ele>
      </trkpt>
      <trkpt lat="35.32093" lon="-82.87566">
        <ele>1791.13</ele>
      </trkpt>
      <trkpt lat="35.32085" lon="-82.87569">
        <ele>1790.63</ele>
      </trkpt>
      <trkpt lat="35.32082" lon="-82.87573">
        <ele>1790.88</ele>
      </trkpt>
      <trkpt lat="35.32081" lon="-82.87577">
        <ele>1791.32</ele>
      </trkpt>
      <trkpt lat="35.32077" lon="-82.87579">
        <ele>1791.53</ele>
      </trkpt>
      <trkpt lat="35.32076" lon="-82.87581">
        <ele>1791.75</ele>
      </trkpt>
      <trkpt lat="35.32076" lon="-82.87581">
        <ele>1791.75</ele>
      </trkpt>
      <trkpt lat="35.32075" lon="-82.87588">
        <ele>1792.5</ele>
      </trkpt>
      <trkpt lat="35.32077" lon="-82.87601">
        <ele>1793.0</ele>
      </trkpt>
      <trkpt lat="35.32079" lon="-82.87608">
        <ele>1793.66</ele>
      </trkpt>
      <trkpt lat="35.3208" lon="-82.87615">
        <ele>1794.0</ele>
      </trkpt>
      <trkpt lat="35.32076" lon="-82.87615">
        <ele>1794.0</ele>
      </trkpt>
      <trkpt lat="35.32067" lon="-82.87615">
        <ele>1794.0</ele>
      </trkpt>
      <trkpt lat="35.32062" lon="-82.87619">
        <ele>1793.96</ele>
      </trkpt>
      <trkpt lat="35.32032" lon="-82.87638">
        <ele>1794.0</ele>
      </trkpt>
      <trkpt lat="35.3199" lon="-82.87643">
        <ele>1793.0</ele>
      </trkpt>
      <trkpt lat="35.31952" lon="-82.8763">
        <ele>1794.18</ele>
      </trkpt>
      <trkpt lat="35.31916" lon="-82.87612">
        <ele>1797.0</ele>
      </trkpt>
      <trkpt lat="35.31889" lon="-82.87602">
        <ele>1798.0</ele>
      </trkpt>
      <trkpt lat="35.31867" lon="-82.87596">
        <ele>1799.23</ele>
      </trkpt>
      <trkpt lat="35.31856" lon="-82.87595">
        <ele>1799.88</ele>
      </trkpt>
      <trkpt lat="35.31852" lon="-82.87593">
        <ele>1800.0</ele>
      </trkpt>
      <trkpt lat="35.31851" lon="-82.87589">
        <ele>1800.18</ele>
      </trkpt>
      <trkpt lat="35.31842" lon="-82.87584">
        <ele>1802.0</ele>
      </trkpt>
      <trkpt lat="35.31836" lon="-82.87582">
        <ele>1801.96</ele>
      </trkpt>
      <trkpt lat="35.31816" lon="-82.87573">
        <ele>1801.88</ele>
      </trkpt>
      <trkpt lat="35.3181" lon="-82.87574">
        <ele>1801.99</ele>
      </trkpt>
      <trkpt lat="35.318" lon="-82.87578">
        <ele>1802.17</ele>
      </trkpt>
      <trkpt lat="35.31788" lon="-82.87576">
        <ele>1802.0</ele>
      </trkpt>
      <trkpt lat="35.31757" lon="-82.8757">
        <ele>1799.32</ele>
      </trkpt>
      <trkpt lat="35.31693" lon="-82.8759">
        <ele>1796.68</ele>
      </trkpt>
      <trkpt lat="35.31677" lon="-82.87599">
        <ele>1797.69</ele>
      </trkpt>
      <trkpt lat="35.31657" lon="-82.87601">
        <ele>1797.91</ele>
      </trkpt>
      <trkpt lat="35.31622" lon="-82.87611">
        <ele>1798.82</ele>
      </trkpt>
      <trkpt lat="35.31613" lon="-82.87611">
        <ele>1799.0</ele>
      </trkpt>
      <trkpt lat="35.31579" lon="-82.87616">
        <ele>1801.72</ele>
      </trkpt>
      <trkpt lat="35.31564" lon="-82.87616">
        <ele>1803.04</ele>
      </trkpt>
      <trkpt lat="35.31555" lon="-82.87621">
        <ele>1803.06</ele>
      </trkpt>
      <trkpt lat="35.31548" lon="-82.87634">
        <ele>1803.43</ele>
      </trkpt>
      <trkpt lat="35.31542" lon="-82.87635">
        <ele>1803.69</ele>
      </trkpt>
      <trkpt lat="35.31538" lon="-82.87639">
        <ele>1803.89</ele>
      </trkpt>
      <trkpt lat="35.31533" lon="-82.8764">
        <ele>1804.32</ele>
      </trkpt>
      <trkpt lat="35.31518" lon="-82.87646">
        <ele>1805.29</ele>
      </trkpt>
      <trkpt lat="35.31513" lon="-82.87649">
        <ele>1805.56</ele>
      </trkpt>
      <trkpt lat="35.31508" lon="-82.87646">
        <ele>1806.37</ele>
      </trkpt>
      <trkpt lat="35.31491" lon="-82.87631">
        <ele>1808.0</ele>
      </trkpt>
      <trkpt lat="35.31483" lon="-82.8762">
        <ele>1807.96</ele>
      </trkpt>
      <trkpt lat="35.31479" lon="-82.87618">
        <ele>1808.01</ele>
      </trkpt>
      <trkpt lat="35.31471" lon="-82.8762">
        <ele>1808.96</ele>
      </trkpt>
      <trkpt lat="35.3146" lon="-82.87628">
        <ele>1810.14</ele>
      </trkpt>
      <trkpt lat="35.31453" lon="-82.87639">
        <ele>1811.08</ele>
      </trkpt>
      <trkpt lat="35.31443" lon="-82.87657">
        <ele>1812.0</ele>
      </trkpt>
      <trkpt lat="35.31433" lon="-82.8767">
        <ele>1811.49</ele>
      </trkpt>
      <trkpt lat="35.31429" lon="-82.87678">
        <ele>1810.78</ele>
      </trkpt>
      <trkpt lat="35.31425" lon="-82.87684">
        <ele>1810.02</ele>
      </trkpt>
      <trkpt lat="35.31424" lon="-82.87698">
        <ele>1808.92</ele>
      </trkpt>
      <trkpt lat="35.31417" lon="-82.87705">
        <ele>1808.04</ele>
      </trkpt>
      <trkpt lat="35.31415" lon="-82.87719">
        <ele>1807.69</ele>
      </trkpt>
      <trkpt lat="35.3141" lon="-82.87726">
        <ele>1807.98</ele>
      </trkpt>
      <trkpt lat="35.31407" lon="-82.87721">
        <ele>1806.6</ele>
      </trkpt>
      <trkpt lat="35.314" lon="-82.87723">
        <ele>1804.84</ele>
      </trkpt>
      <trkpt lat="35.31384" lon="-82.87763">
        <ele>1810.69</ele>
      </trkpt>
      <trkpt lat="35.31346" lon="-82.87803">
        <ele>1814.0</ele>
      </trkpt>
      <trkpt lat="35.31303" lon="-82.87824">
        <ele>1814.44</ele>
      </trkpt>
      <trkpt lat="35.31285" lon="-82.87867">
        <ele>1812.84</ele>
      </trkpt>
      <trkpt lat="35.31289" lon="-82.87886">
        <ele>1811.31</ele>
      </trkpt>
      <trkpt lat="35.31289" lon="-82.87905">
        <ele>1809.26</ele>
      </trkpt>
      <trkpt lat="35.31288" lon="-82.87921">
        <ele>1806.68</ele>
      </trkpt>
      <trkpt lat="35.31286" lon="-82.87932">
        <ele>1806.17</ele>
      </trkpt>
      <trkpt lat="35.31274" lon="-82.87956">
        <ele>1803.98</ele>
      </trkpt>
      <trkpt lat="35.31274" lon="-82.87961">
        <ele>1804.42</ele>
      </trkpt>
      <trkpt lat="35.31272" lon="-82.87963">
        <ele>1804.37</ele>
      </trkpt>
      <trkpt lat="35.31259" lon="-82.87974">
        <ele>1802.03</ele>
      </trkpt>
      <trkpt lat="35.31255" lon="-82.87978">
        <ele>1800.44</ele>
      </trkpt>
      <trkpt lat="35.31252" lon="-82.87984">
        <ele>1800.23</ele>
      </trkpt>
      <trkpt lat="35.31249" lon="-82.87987">
        <ele>1799.39</ele>
      </trkpt>
      <trkpt lat="35.3125" lon="-82.87992">
        <ele>1801.14</ele>
      </trkpt>
      <trkpt lat="35.31243" lon="-82.88011">
        <ele>1802.14</ele>
      </trkpt>
      <trkpt lat="35.31236" lon="-82.8802">
        <ele>1801.63</ele>
      </trkpt>
      <trkpt lat="35.31231" lon="-82.88033">
        <ele>1802.9</ele>
      </trkpt>
      <trkpt lat="35.31227" lon="-82.88038">
        <ele>1802.22</ele>
      </trkpt>
      <trkpt lat="35.31222" lon="-82.88042">
        <ele>1801.46</ele>
      </trkpt>
      <trkpt lat="35.3122" lon="-82.88047">
        <ele>1801.81</ele>
      </trkpt>
      <trkpt lat="35.31221" lon="-82.88051">
        <ele>1803.8</ele>
      </trkpt>
      <trkpt lat="35.31222" lon="-82.88057">
        <ele>1806.05</ele>
      </trkpt>
      <trkpt lat="35.31211" lon="-82.88078">
        <ele>1806.72</ele>
      </trkpt>
      <trkpt lat="35.31209" lon="-82.88079">
        <ele>1806.3</ele>
      </trkpt>
      <trkpt lat="35.31205" lon="-82.88084">
        <ele>1807.33</ele>
      </trkpt>
      <trkpt lat="35.31204" lon="-82.88088">
        <ele>1808.5</ele>
      </trkpt>
      <trkpt lat="35.31199" lon="-82.88096">
        <ele>1808.72</ele>
      </trkpt>
      <trkpt lat="35.31198" lon="-82.88101">
        <ele>1809.77</ele>
      </trkpt>
      <trkpt lat="35.31196" lon="-82.88112">
        <ele>1811.82</ele>
      </trkpt>
      <trkpt lat="35.31186" lon="-82.8812">
        <ele>1812.8</ele>
      </trkpt>
      <trkpt lat="35.31183" lon="-82.8812">
        <ele>1812.38</ele>
      </trkpt>
      <trkpt lat="35.31178" lon="-82.88123">
        <ele>1812.39</ele>
      </trkpt>
      <trkpt lat="35.31177" lon="-82.88127">
        <ele>1813.85</ele>
      </trkpt>
      <trkpt lat="35.31159" lon="-82.88138">
        <ele>1814.53</ele>
      </trkpt>
      <trkpt lat="35.31159" lon="-82.88143">
        <ele>1815.46</ele>
      </trkpt>
      <trkpt lat="35.31156" lon="-82.88154">
        <ele>1816.1</ele>
      </trkpt>
      <trkpt lat="35.31149" lon="-82.88159">
        <ele>1816.91</ele>
      </trkpt>
      <trkpt lat="35.31144" lon="-82.88166">
        <ele>1816.97</ele>
      </trkpt>
      <trkpt lat="35.31138" lon="-82.88165">
        <ele>1816.58</ele>
      </trkpt>
      <trkpt lat="35.31133" lon="-82.88166">
        <ele>1815.52</ele>
      </trkpt>
      <trkpt lat="35.31117" lon="-82.88176">
        <ele>1814.57</ele>
      </trkpt>
      <trkpt lat="35.31098" lon="-82.88184">
        <ele>1811.15</ele>
      </trkpt>
      <trkpt lat="35.31085" lon="-82.88196">
        <ele>1813.8</ele>
      </trkpt>
      <trkpt lat="35.31069" lon="-82.88201">
        <ele>1812.96</ele>
      </trkpt>
      <trkpt lat="35.31057" lon="-82.88204">
        <ele>1813.22</ele>
      </trkpt>
      <trkpt lat="35.31052" lon="-82.88215">
        <ele>1814.7</ele>
      </trkpt>
      <trkpt lat="35.31044" lon="-82.88221">
        <ele>1814.84</ele>
      </trkpt>
      <trkpt lat="35.31039" lon="-82.88228">
        <ele>1815.0</ele>
      </trkpt>
      <trkpt lat="35.31032" lon="-82.88233">
        <ele>1815.0</ele>
      </trkpt>
      <trkpt lat="35.31027" lon="-82.88238">
        <ele>1814.98</ele>
      </trkpt>
      <trkpt lat="35.3102" lon="-82.88241">
        <ele>1815.0</ele>
      </trkpt>
      <trkpt lat="35.30998" lon="-82.88235">
        <ele>1814.14</ele>
      </trkpt>
      <trkpt lat="35.30974" lon="-82.88237">
        <ele>1813.73</ele>
      </trkpt>
      <trkpt lat="35.30919" lon="-82.88261">
        <ele>1811.63</ele>
      </trkpt>
      <trkpt lat="35.3092" lon="-82.88258">
        <ele>1811.0</ele>
      </trkpt>
      <trkpt lat="35.30918" lon="-82.88256">
        <ele>1810.14</ele>
      </trkpt>
      <trkpt lat="35.30915" lon="-82.88256">
        <ele>1809.7</ele>
      </trkpt>
      <trkpt lat="35.30912" lon="-82.88255">
        <ele>1808.88</ele>
      </trkpt>
      <trkpt lat="35.30911" lon="-82.88256">
        <ele>1809.12</ele>
      </trkpt>
      <trkpt lat="35.30907" lon="-82.88266">
        <ele>1811.41</ele>
      </trkpt>
      <trkpt lat="35.30897" lon="-82.88274">
        <ele>1812.13</ele>
      </trkpt>
      <trkpt lat="35.30872" lon="-82.88302">
        <ele>1812.28</ele>
      </trkpt>
      <trkpt lat="35.30855" lon="-82.88342">
        <ele>1805.46</ele>
      </trkpt>
      <trkpt lat="35.30857" lon="-82.88348">
        <ele>1806.31</ele>
      </trkpt>
      <trkpt lat="35.30863" lon="-82.88354">
        <ele>1808.92</ele>
      </trkpt>
      <trkpt lat="35.30866" lon="-82.88362">
        <ele>1807.86</ele>
      </trkpt>
      <trkpt lat="35.30863" lon="-82.88374">
        <ele>1806.12</ele>
      </trkpt>
      <trkpt lat="35.30856" lon="-82.8838">
        <ele>1804.9</ele>
      </trkpt>
      <trkpt lat="35.3085" lon="-82.8839">
        <ele>1802.73</ele>
      </trkpt>
      <trkpt lat="35.3085" lon="-82.88392">
        <ele>1802.6</ele>
      </trkpt>
      <trkpt lat="35.30849" lon="-82.88394">
        <ele>1801.94</ele>
      </trkpt>
      <trkpt lat="35.30843" lon="-82.88396">
        <ele>1798.96</ele>
      </trkpt>
      <trkpt lat="35.30839" lon="-82.884">
        <ele>1797.29</ele>
      </trkpt>
      <trkpt lat="35.30834" lon="-82.88403">
        <ele>1795.82</ele>
      </trkpt>
      <trkpt lat="35.30828" lon="-82.8841">
        <ele>1793.52</ele>
      </trkpt>
      <trkpt lat="35.30826" lon="-82.88419">
        <ele>1796.01</ele>
      </trkpt>
      <trkpt lat="35.30812" lon="-82.88428">
        <ele>1792.65</ele>
      </trkpt>
      <trkpt lat="35.30811" lon="-82.88438">
        <ele>1793.7</ele>
      </trkpt>
      <trkpt lat="35.30814" lon="-82.88443">
        <ele>1793.16</ele>
      </trkpt>
      <trkpt lat="35.30814" lon="-82.88443">
        <ele>1793.16</ele>
      </trkpt>
      <trkpt lat="35.30822" lon="-82.8846">
        <ele>1790.92</ele>
      </trkpt>
      <trkpt lat="35.3082" lon="-82.88472">
        <ele>1789.58</ele>
      </trkpt>
      <trkpt lat="35.30816" lon="-82.88476">
        <ele>1788.26</ele>
      </trkpt>
      <trkpt lat="35.30812" lon="-82.88485">
        <ele>1786.62</ele>
      </trkpt>
      <trkpt lat="35.30807" lon="-82.88491">
        <ele>1785.94</ele>
      </trkpt>
      <trkpt lat="35.30804" lon="-82.88502">
        <ele>1783.57</ele>
      </trkpt>
      <trkpt lat="35.30808" lon="-82.8851">
        <ele>1781.84</ele>
      </trkpt>
      <trkpt lat="35.3081" lon="-82.88517">
        <ele>1780.33</ele>
      </trkpt>
      <trkpt lat="35.30806" lon="-82.88533">
        <ele>1778.44</ele>
      </trkpt>
      <trkpt lat="35.30803" lon="-82.88537">
        <ele>1777.45</ele>
      </trkpt>
      <trkpt lat="35.30801" lon="-82.88538">
        <ele>1776.91</ele>
      </trkpt>
      <trkpt lat="35.30797" lon="-82.88544">
        <ele>1776.04</ele>
      </trkpt>
      <trkpt lat="35.30782" lon="-82.88605">
        <ele>1772.56</ele>
      </trkpt>
      <trkpt lat="35.30778" lon="-82.88615">
        <ele>1771.98</ele>
      </trkpt>
      <trkpt lat="35.30777" lon="-82.88622">
        <ele>1771.85</ele>
      </trkpt>
      <trkpt lat="35.30775" lon="-82.88627">
        <ele>1771.61</ele>
      </trkpt>
      <trkpt lat="35.30771" lon="-82.88635">
        <ele>1771.69</ele>
      </trkpt>
      <trkpt lat="35.30769" lon="-82.88641">
        <ele>1772.23</ele>
      </trkpt>
      <trkpt lat="35.30769" lon="-82.88643">
        <ele>1772.44</ele>
      </trkpt>
      <trkpt lat="35.30769" lon="-82.88649">
        <ele>1773.09</ele>
      </trkpt>
      <trkpt lat="35.30768" lon="-82.88652">
        <ele>1773.41</ele>
      </trkpt>
      <trkpt lat="35.30765" lon="-82.88657">
        <ele>1774.3</ele>
      </trkpt>
      <trkpt lat="35.30764" lon="-82.88667">
        <ele>1776.05</ele>
      </trkpt>
      <trkpt lat="35.30758" lon="-82.88696">
        <ele>1782.36</ele>
      </trkpt>
      <trkpt lat="35.30751" lon="-82.88701">
        <ele>1784.05</ele>
      </trkpt>
      <trkpt lat="35.30748" lon="-82.88715">
        <ele>1787.48</ele>
      </trkpt>
      <trkpt lat="35.30742" lon="-82.88727">
        <ele>1791.21</ele>
      </trkpt>
      <trkpt lat="35.30728" lon="-82.88736">
        <ele>1793.35</ele>
      </trkpt>
      <trkpt lat="35.3072" lon="-82.88752">
        <ele>1795.6</ele>
      </trkpt>
      <trkpt lat="35.30728" lon="-82.88763">
        <ele>1796.93</ele>
      </trkpt>
      <trkpt lat="35.30742" lon="-82.88767">
        <ele>1795.7</ele>
      </trkpt>
      <trkpt lat="35.30766" lon="-82.88796">
        <ele>1795.49</ele>
      </trkpt>
      <trkpt lat="35.30793" lon="-82.88813">
        <ele>1793.03</ele>
      </trkpt>
      <trkpt lat="35.30799" lon="-82.8882">
        <ele>1792.98</ele>
      </trkpt>
      <trkpt lat="35.30799" lon="-82.88825">
        <ele>1793.62</ele>
      </trkpt>
      <trkpt lat="35.30812" lon="-82.88857">
        <ele>1794.85</ele>
      </trkpt>
      <trkpt lat="35.30815" lon="-82.88864">
        <ele>1795.25</ele>
      </trkpt>
      <trkpt lat="35.30818" lon="-82.88871">
        <ele>1795.06</ele>
      </trkpt>
      <trkpt lat="35.30827" lon="-82.88878">
        <ele>1793.64</ele>
      </trkpt>
      <trkpt lat="35.3084" lon="-82.88903">
        <ele>1794.74</ele>
      </trkpt>
      <trkpt lat="35.30847" lon="-82.88917">
        <ele>1795.12</ele>
      </trkpt>
      <trkpt lat="35.30865" lon="-82.88935">
        <ele>1794.12</ele>
      </trkpt>
      <trkpt lat="35.30889" lon="-82.88949">
        <ele>1791.46</ele>
      </trkpt>
      <trkpt lat="35.30895" lon="-82.88963">
        <ele>1791.69</ele>
      </trkpt>
      <trkpt lat="35.30903" lon="-82.88967">
        <ele>1789.86</ele>
      </trkpt>
      <trkpt lat="35.30903" lon="-82.88973">
        <ele>1790.51</ele>
      </trkpt>
      <trkpt lat="35.30902" lon="-82.8898">
        <ele>1791.59</ele>
      </trkpt>
      <trkpt lat="35.30906" lon="-82.88991">
        <ele>1791.48</ele>
      </trkpt>
      <trkpt lat="35.30934" lon="-82.89049">
        <ele>1788.06</ele>
      </trkpt>
      <trkpt lat="35.30948" lon="-82.89083">
        <ele>1787.22</ele>
      </trkpt>
      <trkpt lat="35.30949" lon="-82.89094">
        <ele>1787.09</ele>
      </trkpt>
      <trkpt lat="35.30948" lon="-82.891">
        <ele>1787.72</ele>
      </trkpt>
      <trkpt lat="35.30957" lon="-82.8912">
        <ele>1785.29</ele>
      </trkpt>
      <trkpt lat="35.30953" lon="-82.89132">
        <ele>1785.06</ele>
      </trkpt>
      <trkpt lat="35.30959" lon="-82.89146">
        <ele>1783.2</ele>
      </trkpt>
      <trkpt lat="35.3096" lon="-82.89155">
        <ele>1782.26</ele>
      </trkpt>
      <trkpt lat="35.30963" lon="-82.89159">
        <ele>1781.82</ele>
      </trkpt>
      <trkpt lat="35.30966" lon="-82.8916">
        <ele>1781.48</ele>
      </trkpt>
      <trkpt lat="35.30995" lon="-82.89146">
        <ele>1778.95</ele>
      </trkpt>
      <trkpt lat="35.31005" lon="-82.89149">
        <ele>1778.0</ele>
      </trkpt>
      <trkpt lat="35.31007" lon="-82.89152">
        <ele>1778.0</ele>
      </trkpt>
      <trkpt lat="35.3101" lon="-82.89161">
        <ele>1778.03</ele>
      </trkpt>
      <trkpt lat="35.3101" lon="-82.89172">
        <ele>1778.03</ele>
      </trkpt>
      <trkpt lat="35.31007" lon="-82.89178">
        <ele>1777.53</ele>
      </trkpt>
      <trkpt lat="35.30999" lon="-82.89183">
        <ele>1776.24</ele>
      </trkpt>
      <trkpt lat="35.30997" lon="-82.89187">
        <ele>1775.8</ele>
      </trkpt>
      <trkpt lat="35.30996" lon="-82.89191">
        <ele>1775.37</ele>
      </trkpt>
      <trkpt lat="35.30997" lon="-82.89197">
        <ele>1774.63</ele>
      </trkpt>
      <trkpt lat="35.30999" lon="-82.89202">
        <ele>1774.1</ele>
      </trkpt>
      <trkpt lat="35.31001" lon="-82.89206">
        <ele>1773.64</ele>
      </trkpt>
      <trkpt lat="35.31006" lon="-82.8921">
        <ele>1773.73</ele>
      </trkpt>
      <trkpt lat="35.31011" lon="-82.8922">
        <ele>1772.81</ele>
      </trkpt>
      <trkpt lat="35.31011" lon="-82.89226">
        <ele>1771.56</ele>
      </trkpt>
      <trkpt lat="35.31008" lon="-82.89228">
        <ele>1770.53</ele>
      </trkpt>
      <trkpt lat="35.31005" lon="-82.89228">
        <ele>1770.0</ele>
      </trkpt>
      <trkpt lat="35.31001" lon="-82.89227">
        <ele>1769.62</ele>
      </trkpt>
      <trkpt lat="35.30996" lon="-82.89223">
        <ele>1769.92</ele>
      </trkpt>
      <trkpt lat="35.30987" lon="-82.89218">
        <ele>1769.51</ele>
      </trkpt>
      <trkpt lat="35.30961" lon="-82.89209">
        <ele>1768.52</ele>
      </trkpt>
      <trkpt lat="35.30956" lon="-82.89204">
        <ele>1769.16</ele>
      </trkpt>
      <trkpt lat="35.30945" lon="-82.89203">
        <ele>1767.35</ele>
      </trkpt>
      <trkpt lat="35.30936" lon="-82.89199">
        <ele>1768.08</ele>
      </trkpt>
      <trkpt lat="35.30926" lon="-82.892">
        <ele>1768.0</ele>
      </trkpt>
      <trkpt lat="35.30907" lon="-82.89205">
        <ele>1766.62</ele>
      </trkpt>
      <trkpt lat="35.30871" lon="-82.89217">
        <ele>1765.62</ele>
      </trkpt>
      <trkpt lat="35.30864" lon="-82.89222">
        <ele>1765.43</ele>
      </trkpt>
      <trkpt lat="35.30842" lon="-82.89228">
        <ele>1766.19</ele>
      </trkpt>
      <trkpt lat="35.30839" lon="-82.89232">
        <ele>1765.28</ele>
      </trkpt>
      <trkpt lat="35.30835" lon="-82.89235">
        <ele>1765.06</ele>
      </trkpt>
      <trkpt lat="35.30831" lon="-82.89239">
        <ele>1764.68</ele>
      </trkpt>
      <trkpt lat="35.3083" lon="-82.89239">
        <ele>1764.8</ele>
      </trkpt>
      <trkpt lat="35.30826" lon="-82.89241">
        <ele>1764.74</ele>
      </trkpt>
      <trkpt lat="35.30824" lon="-82.89246">
        <ele>1763.88</ele>
      </trkpt>
      <trkpt lat="35.3082" lon="-82.89247">
        <ele>1764.23</ele>
      </trkpt>
      <trkpt lat="35.30818" lon="-82.8925">
        <ele>1763.66</ele>
      </trkpt>
      <trkpt lat="35.30816" lon="-82.89255">
        <ele>1762.32</ele>
      </trkpt>
      <trkpt lat="35.30815" lon="-82.89258">
        <ele>1761.41</ele>
      </trkpt>
      <trkpt lat="35.30806" lon="-82.89259">
        <ele>1762.01</ele>
      </trkpt>
      <trkpt lat="35.30796" lon="-82.89268">
        <ele>1760.11</ele>
      </trkpt>
      <trkpt lat="35.30792" lon="-82.89268">
        <ele>1760.11</ele>
      </trkpt>
      <trkpt lat="35.30789" lon="-82.8927">
        <ele>1759.68</ele>
      </trkpt>
      <trkpt lat="35.30786" lon="-82.89275">
        <ele>1758.6</ele>
      </trkpt>
      <trkpt lat="35.30781" lon="-82.89277">
        <ele>1758.17</ele>
      </trkpt>
      <trkpt lat="35.30775" lon="-82.89278">
        <ele>1757.95</ele>
      </trkpt>
      <trkpt lat="35.30773" lon="-82.8928">
        <ele>1757.52</ele>
      </trkpt>
      <trkpt lat="35.30757" lon="-82.89283">
        <ele>1755.63</ele>
      </trkpt>
      <trkpt lat="35.30755" lon="-82.89284">
        <ele>1755.2</ele>
      </trkpt>
      <trkpt lat="35.30752" lon="-82.89292">
        <ele>1753.68</ele>
      </trkpt>
      <trkpt lat="35.30751" lon="-82.89294">
        <ele>1753.36</ele>
      </trkpt>
      <trkpt lat="35.30754" lon="-82.89297">
        <ele>1753.32</ele>
      </trkpt>
      <trkpt lat="35.30755" lon="-82.89309">
        <ele>1751.46</ele>
      </trkpt>
      <trkpt lat="35.30754" lon="-82.8932">
        <ele>1749.87</ele>
      </trkpt>
      <trkpt lat="35.30751" lon="-82.89329">
        <ele>1748.58</ele>
      </trkpt>
      <trkpt lat="35.30744" lon="-82.8934">
        <ele>1747.53</ele>
      </trkpt>
      <trkpt lat="35.30743" lon="-82.89344">
        <ele>1747.09</ele>
      </trkpt>
      <trkpt lat="35.3074" lon="-82.8935">
        <ele>1746.12</ele>
      </trkpt>
      <trkpt lat="35.30739" lon="-82.89357">
        <ele>1745.81</ele>
      </trkpt>
      <trkpt lat="35.30739" lon="-82.89399">
        <ele>1743.72</ele>
      </trkpt>
      <trkpt lat="35.30739" lon="-82.89407">
        <ele>1742.86</ele>
      </trkpt>
      <trkpt lat="35.30738" lon="-82.89412">
        <ele>1742.21</ele>
      </trkpt>
      <trkpt lat="35.30737" lon="-82.89425">
        <ele>1741.06</ele>
      </trkpt>
      <trkpt lat="35.30735" lon="-82.89429">
        <ele>1740.79</ele>
      </trkpt>
      <trkpt lat="35.30727" lon="-82.89434">
        <ele>1739.64</ele>
      </trkpt>
      <trkpt lat="35.30723" lon="-82.89437">
        <ele>1738.9</ele>
      </trkpt>
      <trkpt lat="35.30722" lon="-82.89439">
        <ele>1738.56</ele>
      </trkpt>
      <trkpt lat="35.30721" lon="-82.8945">
        <ele>1737.87</ele>
      </trkpt>
      <trkpt lat="35.30716" lon="-82.89456">
        <ele>1737.16</ele>
      </trkpt>
      <trkpt lat="35.3072" lon="-82.89471">
        <ele>1737.73</ele>
      </trkpt>
      <trkpt lat="35.30723" lon="-82.89486">
        <ele>1737.64</ele>
      </trkpt>
      <trkpt lat="35.30722" lon="-82.8949">
        <ele>1737.05</ele>
      </trkpt>
      <trkpt lat="35.3072" lon="-82.89493">
        <ele>1736.76</ele>
      </trkpt>
      <trkpt lat="35.30713" lon="-82.89496">
        <ele>1736.0</ele>
      </trkpt>
      <trkpt lat="35.3069" lon="-82.89502">
        <ele>1732.26</ele>
      </trkpt>
      <trkpt lat="35.30685" lon="-82.89508">
        <ele>1731.84</ele>
      </trkpt>
      <trkpt lat="35.30674" lon="-82.89534">
        <ele>1731.05</ele>
      </trkpt>
      <trkpt lat="35.30657" lon="-82.89543">
        <ele>1727.31</ele>
      </trkpt>
      <trkpt lat="35.30654" lon="-82.89548">
        <ele>1726.26</ele>
      </trkpt>
      <trkpt lat="35.30652" lon="-82.89545">
        <ele>1726.56</ele>
      </trkpt>
      <trkpt lat="35.3065" lon="-82.8954">
        <ele>1726.88</ele>
      </trkpt>
      <trkpt lat="35.3065" lon="-82.8953">
        <ele>1727.35</ele>
      </trkpt>
      <trkpt lat="35.30651" lon="-82.89519">
        <ele>1726.67</ele>
      </trkpt>
      <trkpt lat="35.3065" lon="-82.89494">
        <ele>1726.2</ele>
      </trkpt>
      <trkpt lat="35.30638" lon="-82.89459">
        <ele>1726.43</ele>
      </trkpt>
      <trkpt lat="35.3063" lon="-82.89456">
        <ele>1726.75</ele>
      </trkpt>
      <trkpt lat="35.30621" lon="-82.89455">
        <ele>1726.06</ele>
      </trkpt>
      <trkpt lat="35.3058" lon="-82.89508">
        <ele>1719.69</ele>
      </trkpt>
      <trkpt lat="35.30578" lon="-82.89517">
        <ele>1718.59</ele>
      </trkpt>
      <trkpt lat="35.30581" lon="-82.89526">
        <ele>1717.94</ele>
      </trkpt>
      <trkpt lat="35.30589" lon="-82.89539">
        <ele>1717.4</ele>
      </trkpt>
      <trkpt lat="35.30593" lon="-82.89559">
        <ele>1715.67</ele>
      </trkpt>
      <trkpt lat="35.30597" lon="-82.89562">
        <ele>1715.78</ele>
      </trkpt>
      <trkpt lat="35.30599" lon="-82.8957">
        <ele>1714.74</ele>
      </trkpt>
      <trkpt lat="35.30613" lon="-82.89585">
        <ele>1713.84</ele>
      </trkpt>
      <trkpt lat="35.30617" lon="-82.89591">
        <ele>1712.98</ele>
      </trkpt>
      <trkpt lat="35.30622" lon="-82.89596">
        <ele>1712.26</ele>
      </trkpt>
      <trkpt lat="35.30632" lon="-82.89595">
        <ele>1712.41</ele>
      </trkpt>
      <trkpt lat="35.30639" lon="-82.89593">
        <ele>1712.87</ele>
      </trkpt>
      <trkpt lat="35.3066" lon="-82.89593">
        <ele>1713.86</ele>
      </trkpt>
      <trkpt lat="35.30686" lon="-82.89601">
        <ele>1711.36</ele>
      </trkpt>
      <trkpt lat="35.30712" lon="-82.89611">
        <ele>1710.93</ele>
      </trkpt>
      <trkpt lat="35.30726" lon="-82.89613">
        <ele>1711.2</ele>
      </trkpt>
      <trkpt lat="35.30736" lon="-82.89618">
        <ele>1711.26</ele>
      </trkpt>
      <trkpt lat="35.30739" lon="-82.89622">
        <ele>1710.43</ele>
      </trkpt>
      <trkpt lat="35.30742" lon="-82.89627">
        <ele>1709.7</ele>
      </trkpt>
      <trkpt lat="35.30746" lon="-82.89632">
        <ele>1709.06</ele>
      </trkpt>
      <trkpt lat="35.30754" lon="-82.89637">
        <ele>1708.84</ele>
      </trkpt>
      <trkpt lat="35.30761" lon="-82.89635">
        <ele>1709.84</ele>
      </trkpt>
      <trkpt lat="35.30766" lon="-82.89636">
        <ele>1709.62</ele>
      </trkpt>
      <trkpt lat="35.30768" lon="-82.89639">
        <ele>1708.98</ele>
      </trkpt>
      <trkpt lat="35.30777" lon="-82.89641">
        <ele>1708.54</ele>
      </trkpt>
      <trkpt lat="35.30777" lon="-82.89641">
        <ele>1708.54</ele>
      </trkpt>
      <trkpt lat="35.3078" lon="-82.89642">
        <ele>1708.41</ele>
      </trkpt>
      <trkpt lat="35.30807" lon="-82.8964">
        <ele>1709.62</ele>
      </trkpt>
      <trkpt lat="35.30864" lon="-82.89638">
        <ele>1706.5</ele>
      </trkpt>
      <trkpt lat="35.30873" lon="-82.8964">
        <ele>1704.6</ele>
      </trkpt>
      <trkpt lat="35.30876" lon="-82.8964">
        <ele>1704.27</ele>
      </trkpt>
      <trkpt lat="35.3088" lon="-82.89637">
        <ele>1704.16</ele>
      </trkpt>
      <trkpt lat="35.30884" lon="-82.89629">
        <ele>1704.56</ele>
      </trkpt>
      <trkpt lat="35.30892" lon="-82.89626">
        <ele>1703.66</ele>
      </trkpt>
      <trkpt lat="35.30896" lon="-82.89629">
        <ele>1703.23</ele>
      </trkpt>
      <trkpt lat="35.30904" lon="-82.8964">
        <ele>1701.25</ele>
      </trkpt>
      <trkpt lat="35.30903" lon="-82.8965">
        <ele>1700.37</ele>
      </trkpt>
      <trkpt lat="35.30899" lon="-82.89662">
        <ele>1700.37</ele>
      </trkpt>
      <trkpt lat="35.30894" lon="-82.89682">
        <ele>1698.79</ele>
      </trkpt>
      <trkpt lat="35.30899" lon="-82.89692">
        <ele>1697.17</ele>
      </trkpt>
      <trkpt lat="35.30912" lon="-82.89713">
        <ele>1695.0</ele>
      </trkpt>
      <trkpt lat="35.30929" lon="-82.89738">
        <ele>1694.2</ele>
      </trkpt>
      <trkpt lat="35.30931" lon="-82.89752">
        <ele>1694.0</ele>
      </trkpt>
      <trkpt lat="35.30927" lon="-82.89772">
        <ele>1694.0</ele>
      </trkpt>
      <trkpt lat="35.3092" lon="-82.89777">
        <ele>1694.0</ele>
      </trkpt>
      <trkpt lat="35.30912" lon="-82.89785">
        <ele>1693.5</ele>
      </trkpt>
      <trkpt lat="35.30908" lon="-82.89799">
        <ele>1693.34</ele>
      </trkpt>
      <trkpt lat="35.30901" lon="-82.89804">
        <ele>1693.26</ele>
      </trkpt>
      <trkpt lat="35.30897" lon="-82.89805">
        <ele>1692.88</ele>
      </trkpt>
      <trkpt lat="35.30887" lon="-82.89809">
        <ele>1691.87</ele>
      </trkpt>
      <trkpt lat="35.30865" lon="-82.89829">
        <ele>1691.95</ele>
      </trkpt>
      <trkpt lat="35.30858" lon="-82.89834">
        <ele>1691.35</ele>
      </trkpt>
      <trkpt lat="35.30856" lon="-82.89837">
        <ele>1691.11</ele>
      </trkpt>
      <trkpt lat="35.30857" lon="-82.8984">
        <ele>1691.43</ele>
      </trkpt>
      <trkpt lat="35.30855" lon="-82.89849">
        <ele>1691.58</ele>
      </trkpt>
      <trkpt lat="35.30851" lon="-82.89858">
        <ele>1691.57</ele>
      </trkpt>
      <trkpt lat="35.30845" lon="-82.89863">
        <ele>1691.46</ele>
      </trkpt>
      <trkpt lat="35.30833" lon="-82.89867">
        <ele>1690.2</ele>
      </trkpt>
      <trkpt lat="35.3083" lon="-82.89868">
        <ele>1689.77</ele>
      </trkpt>
      <trkpt lat="35.30829" lon="-82.8987">
        <ele>1689.98</ele>
      </trkpt>
      <trkpt lat="35.30829" lon="-82.89874">
        <ele>1690.85</ele>
      </trkpt>
      <trkpt lat="35.30826" lon="-82.89879">
        <ele>1691.28</ele>
      </trkpt>
      <trkpt lat="35.30819" lon="-82.89887">
        <ele>1690.59</ele>
      </trkpt>
      <trkpt lat="35.30815" lon="-82.89893">
        <ele>1690.93</ele>
      </trkpt>
      <trkpt lat="35.30815" lon="-82.89905">
        <ele>1692.77</ele>
      </trkpt>
      <trkpt lat="35.30828" lon="-82.89911">
        <ele>1694.42</ele>
      </trkpt>
      <trkpt lat="35.30838" lon="-82.89912">
        <ele>1695.0</ele>
      </trkpt>
      <trkpt lat="35.30844" lon="-82.89915">
        <ele>1695.15</ele>
      </trkpt>
      <trkpt lat="35.30847" lon="-82.89919">
        <ele>1695.48</ele>
      </trkpt>
      <trkpt lat="35.30849" lon="-82.89933">
        <ele>1695.69</ele>
      </trkpt>
      <trkpt lat="35.30853" lon="-82.89943">
        <ele>1696.12</ele>
      </trkpt>
      <trkpt lat="35.30857" lon="-82.89946">
        <ele>1696.56</ele>
      </trkpt>
      <trkpt lat="35.3087" lon="-82.89946">
        <ele>1697.96</ele>
      </trkpt>
      <trkpt lat="35.30879" lon="-82.89944">
        <ele>1698.0</ele>
      </trkpt>
      <trkpt lat="35.30884" lon="-82.89942">
        <ele>1698.35</ele>
      </trkpt>
      <trkpt lat="35.30895" lon="-82.89933">
        <ele>1698.0</ele>
      </trkpt>
      <trkpt lat="35.30915" lon="-82.89935">
        <ele>1698.98</ele>
      </trkpt>
      <trkpt lat="35.30932" lon="-82.89947">
        <ele>1698.62</ele>
      </trkpt>
      <trkpt lat="35.30957" lon="-82.89959">
        <ele>1697.22</ele>
      </trkpt>
      <trkpt lat="35.3099" lon="-82.89968">
        <ele>1695.62</ele>
      </trkpt>
      <trkpt lat="35.31017" lon="-82.89976">
        <ele>1694.47</ele>
      </trkpt>
      <trkpt lat="35.31026" lon="-82.89985">
        <ele>1694.57</ele>
      </trkpt>
      <trkpt lat="35.31038" lon="-82.89991">
        <ele>1694.06</ele>
      </trkpt>
      <trkpt lat="35.31046" lon="-82.89993">
        <ele>1694.49</ele>
      </trkpt>
      <trkpt lat="35.31054" lon="-82.89989">
        <ele>1692.95</ele>
      </trkpt>
      <trkpt lat="35.31057" lon="-82.89993">
        <ele>1693.45</ele>
      </trkpt>
      <trkpt lat="35.31058" lon="-82.90001">
        <ele>1694.84</ele>
      </trkpt>
      <trkpt lat="35.31066" lon="-82.90028">
        <ele>1695.89</ele>
      </trkpt>
      <trkpt lat="35.31098" lon="-82.90054">
        <ele>1693.42</ele>
      </trkpt>
      <trkpt lat="35.311" lon="-82.90071">
        <ele>1693.4</ele>
      </trkpt>
      <trkpt lat="35.31099" lon="-82.90091">
        <ele>1693.62</ele>
      </trkpt>
      <trkpt lat="35.31097" lon="-82.90103">
        <ele>1693.92</ele>
      </trkpt>
      <trkpt lat="35.31095" lon="-82.9011">
        <ele>1693.6</ele>
      </trkpt>
      <trkpt lat="35.31087" lon="-82.90124">
        <ele>1692.82</ele>
      </trkpt>
      <trkpt lat="35.31072" lon="-82.90136">
        <ele>1696.52</ele>
      </trkpt>
      <trkpt lat="35.31064" lon="-82.90145">
        <ele>1698.12</ele>
      </trkpt>
      <trkpt lat="35.31065" lon="-82.9016">
        <ele>1696.96</ele>
      </trkpt>
      <trkpt lat="35.31119" lon="-82.90197">
        <ele>1692.42</ele>
      </trkpt>
      <trkpt lat="35.31134" lon="-82.902">
        <ele>1691.53</ele>
      </trkpt>
      <trkpt lat="35.3114" lon="-82.90199">
        <ele>1690.88</ele>
      </trkpt>
      <trkpt lat="35.31143" lon="-82.902">
        <ele>1690.56</ele>
      </trkpt>
      <trkpt lat="35.31147" lon="-82.90203">
        <ele>1690.12</ele>
      </trkpt>
      <trkpt lat="35.31148" lon="-82.90207">
        <ele>1690.02</ele>
      </trkpt>
      <trkpt lat="35.31147" lon="-82.90213">
        <ele>1690.25</ele>
      </trkpt>
      <trkpt lat="35.31142" lon="-82.90229">
        <ele>1690.84</ele>
      </trkpt>
      <trkpt lat="35.3114" lon="-82.90234">
        <ele>1690.85</ele>
      </trkpt>
      <trkpt lat="35.31139" lon="-82.90241">
        <ele>1690.95</ele>
      </trkpt>
      <trkpt lat="35.3114" lon="-82.90247">
        <ele>1690.17</ele>
      </trkpt>
      <trkpt lat="35.31139" lon="-82.90254">
        <ele>1689.99</ele>
      </trkpt>
      <trkpt lat="35.31135" lon="-82.90274">
        <ele>1690.08</ele>
      </trkpt>
      <trkpt lat="35.31133" lon="-82.90281">
        <ele>1689.92</ele>
      </trkpt>
      <trkpt lat="35.31129" lon="-82.90299">
        <ele>1689.84</ele>
      </trkpt>
      <trkpt lat="35.31121" lon="-82.9032">
        <ele>1690.3</ele>
      </trkpt>
      <trkpt lat="35.31111" lon="-82.90331">
        <ele>1692.01</ele>
      </trkpt>
      <trkpt lat="35.31109" lon="-82.90334">
        <ele>1692.17</ele>
      </trkpt>
      <trkpt lat="35.31105" lon="-82.90347">
        <ele>1691.84</ele>
      </trkpt>
      <trkpt lat="35.31101" lon="-82.90351">
        <ele>1692.18</ele>
      </trkpt>
      <trkpt lat="35.31089" lon="-82.90353">
        <ele>1693.26</ele>
      </trkpt>
      <trkpt lat="35.31083" lon="-82.90358">
        <ele>1693.34</ele>
      </trkpt>
      <trkpt lat="35.31069" lon="-82.90362">
        <ele>1693.4</ele>
      </trkpt>
      <trkpt lat="35.31066" lon="-82.90365">
        <ele>1693.09</ele>
      </trkpt>
      <trkpt lat="35.3106" lon="-82.90374">
        <ele>1691.42</ele>
      </trkpt>
      <trkpt lat="35.31054" lon="-82.90376">
        <ele>1691.29</ele>
      </trkpt>
      <trkpt lat="35.31045" lon="-82.90378">
        <ele>1690.35</ele>
      </trkpt>
      <trkpt lat="35.31033" lon="-82.90376">
        <ele>1690.78</ele>
      </trkpt>
      <trkpt lat="35.31025" lon="-82.90379">
        <ele>1689.84</ele>
      </trkpt>
      <trkpt lat="35.31018" lon="-82.90379">
        <ele>1689.14</ele>
      </trkpt>
      <trkpt lat="35.31009" lon="-82.90371">
        <ele>1690.81</ele>
      </trkpt>
      <trkpt lat="35.31004" lon="-82.90365">
        <ele>1690.44</ele>
      </trkpt>
      <trkpt lat="35.31001" lon="-82.90356">
        <ele>1690.77</ele>
      </trkpt>
      <trkpt lat="35.31001" lon="-82.90345">
        <ele>1691.3</ele>
      </trkpt>
      <trkpt lat="35.31005" lon="-82.90332">
        <ele>1692.09</ele>
      </trkpt>
      <trkpt lat="35.31005" lon="-82.90311">
        <ele>1690.92</ele>
      </trkpt>
      <trkpt lat="35.31006" lon="-82.90303">
        <ele>1691.99</ele>
      </trkpt>
      <trkpt lat="35.31006" lon="-82.90298">
        <ele>1692.18</ele>
      </trkpt>
      <trkpt lat="35.31006" lon="-82.90291">
        <ele>1693.01</ele>
      </trkpt>
      <trkpt lat="35.31004" lon="-82.90269">
        <ele>1694.27</ele>
      </trkpt>
      <trkpt lat="35.31001" lon="-82.90264">
        <ele>1693.81</ele>
      </trkpt>
      <trkpt lat="35.30998" lon="-82.90261">
        <ele>1693.12</ele>
      </trkpt>
      <trkpt lat="35.30967" lon="-82.90253">
        <ele>1689.32</ele>
      </trkpt>
      <trkpt lat="35.30951" lon="-82.90259">
        <ele>1687.4</ele>
      </trkpt>
      <trkpt lat="35.30935" lon="-82.90275">
        <ele>1681.19</ele>
      </trkpt>
      <trkpt lat="35.30936" lon="-82.90278">
        <ele>1679.99</ele>
      </trkpt>
      <trkpt lat="35.30938" lon="-82.90281">
        <ele>1678.91</ele>
      </trkpt>
      <trkpt lat="35.30946" lon="-82.90284">
        <ele>1678.31</ele>
      </trkpt>
      <trkpt lat="35.30954" lon="-82.90285">
        <ele>1677.9</ele>
      </trkpt>
      <trkpt lat="35.30956" lon="-82.9029">
        <ele>1676.29</ele>
      </trkpt>
      <trkpt lat="35.30955" lon="-82.90293">
        <ele>1675.21</ele>
      </trkpt>
      <trkpt lat="35.30949" lon="-82.90295">
        <ele>1673.98</ele>
      </trkpt>
      <trkpt lat="35.3094" lon="-82.90296">
        <ele>1672.18</ele>
      </trkpt>
      <trkpt lat="35.30934" lon="-82.90295">
        <ele>1671.32</ele>
      </trkpt>
      <trkpt lat="35.30905" lon="-82.90277">
        <ele>1667.75</ele>
      </trkpt>
      <trkpt lat="35.30903" lon="-82.90275">
        <ele>1667.2</ele>
      </trkpt>
      <trkpt lat="35.309" lon="-82.90265">
        <ele>1669.3</ele>
      </trkpt>
      <trkpt lat="35.30896" lon="-82.90262">
        <ele>1669.06</ele>
      </trkpt>
      <trkpt lat="35.30889" lon="-82.9026">
        <ele>1668.62</ele>
      </trkpt>
      <trkpt lat="35.30884" lon="-82.9026">
        <ele>1667.1</ele>
      </trkpt>
      <trkpt lat="35.3088" lon="-82.90258">
        <ele>1666.53</ele>
      </trkpt>
      <trkpt lat="35.30871" lon="-82.9026">
        <ele>1664.83</ele>
      </trkpt>
      <trkpt lat="35.30862" lon="-82.90275">
        <ele>1659.9</ele>
      </trkpt>
      <trkpt lat="35.30857" lon="-82.90279">
        <ele>1658.55</ele>
      </trkpt>
      <trkpt lat="35.30853" lon="-82.90287">
        <ele>1655.14</ele>
      </trkpt>
      <trkpt lat="35.30845" lon="-82.90285">
        <ele>1655.72</ele>
      </trkpt>
      <trkpt lat="35.3083" lon="-82.90292">
        <ele>1653.75</ele>
      </trkpt>
      <trkpt lat="35.30797" lon="-82.90336">
        <ele>1648.01</ele>
      </trkpt>
      <trkpt lat="35.30753" lon="-82.90353">
        <ele>1637.81</ele>
      </trkpt>
      <trkpt lat="35.3073" lon="-82.90324">
        <ele>1632.21</ele>
      </trkpt>
      <trkpt lat="35.30719" lon="-82.90304">
        <ele>1634.45</ele>
      </trkpt>
      <trkpt lat="35.30712" lon="-82.90306">
        <ele>1633.86</ele>
      </trkpt>
      <trkpt lat="35.30709" lon="-82.90307">
        <ele>1633.6</ele>
      </trkpt>
      <trkpt lat="35.307" lon="-82.90306">
        <ele>1633.5</ele>
      </trkpt>
      <trkpt lat="35.3069" lon="-82.90311">
        <ele>1631.34</ele>
      </trkpt>
      <trkpt lat="35.30658" lon="-82.90307">
        <ele>1626.82</ele>
      </trkpt>
      <trkpt lat="35.30653" lon="-82.90308">
        <ele>1626.72</ele>
      </trkpt>
      <trkpt lat="35.3065" lon="-82.9034">
        <ele>1624.62</ele>
      </trkpt>
      <trkpt lat="35.30629" lon="-82.90377">
        <ele>1623.04</ele>
      </trkpt>
      <trkpt lat="35.30618" lon="-82.90394">
        <ele>1622.66</ele>
      </trkpt>
      <trkpt lat="35.30601" lon="-82.90445">
        <ele>1614.15</ele>
      </trkpt>
      <trkpt lat="35.30585" lon="-82.90484">
        <ele>1606.82</ele>
      </trkpt>
      <trkpt lat="35.30563" lon="-82.90509">
        <ele>1604.28</ele>
      </trkpt>
      <trkpt lat="35.30553" lon="-82.90525">
        <ele>1602.15</ele>
      </trkpt>
      <trkpt lat="35.30549" lon="-82.90535">
        <ele>1601.64</ele>
      </trkpt>
      <trkpt lat="35.30544" lon="-82.90539">
        <ele>1602.28</ele>
      </trkpt>
      <trkpt lat="35.30547" lon="-82.90551">
        <ele>1600.34</ele>
      </trkpt>
      <trkpt lat="35.30554" lon="-82.90566">
        <ele>1596.48</ele>
      </trkpt>
      <trkpt lat="35.30571" lon="-82.90593">
        <ele>1594.3</ele>
      </trkpt>
      <trkpt lat="35.30575" lon="-82.90607">
        <ele>1592.39</ele>
      </trkpt>
      <trkpt lat="35.30573" lon="-82.90617">
        <ele>1591.48</ele>
      </trkpt>
      <trkpt lat="35.30569" lon="-82.9062">
        <ele>1591.59</ele>
      </trkpt>
      <trkpt lat="35.30565" lon="-82.90626">
        <ele>1590.76</ele>
      </trkpt>
      <trkpt lat="35.30533" lon="-82.90657">
        <ele>1588.52</ele>
      </trkpt>
      <trkpt lat="35.3052" lon="-82.90731">
        <ele>1580.84</ele>
      </trkpt>
      <trkpt lat="35.30519" lon="-82.90741">
        <ele>1579.92</ele>
      </trkpt>
      <trkpt lat="35.30515" lon="-82.90743">
        <ele>1580.04</ele>
      </trkpt>
      <trkpt lat="35.30506" lon="-82.90764">
        <ele>1577.49</ele>
      </trkpt>
      <trkpt lat="35.305" lon="-82.90816">
        <ele>1573.87</ele>
      </trkpt>
      <trkpt lat="35.30508" lon="-82.90826">
        <ele>1572.14</ele>
      </trkpt>
      <trkpt lat="35.30511" lon="-82.90835">
        <ele>1571.81</ele>
      </trkpt>
      <trkpt lat="35.30517" lon="-82.90841">
        <ele>1571.16</ele>
      </trkpt>
      <trkpt lat="35.3052" lon="-82.90849">
        <ele>1570.84</ele>
      </trkpt>
      <trkpt lat="35.30518" lon="-82.90856">
        <ele>1570.61</ele>
      </trkpt>
      <trkpt lat="35.30512" lon="-82.90863">
        <ele>1570.7</ele>
      </trkpt>
      <trkpt lat="35.3051" lon="-82.90869">
        <ele>1570.92</ele>
      </trkpt>
      <trkpt lat="35.30508" lon="-82.90887">
        <ele>1570.03</ele>
      </trkpt>
      <trkpt lat="35.30504" lon="-82.90893">
        <ele>1569.81</ele>
      </trkpt>
      <trkpt lat="35.30471" lon="-82.90903">
        <ele>1569.93</ele>
      </trkpt>
      <trkpt lat="35.30465" lon="-82.90902">
        <ele>1569.68</ele>
      </trkpt>
      <trkpt lat="35.30416" lon="-82.90911">
        <ele>1564.11</ele>
      </trkpt>
      <trkpt lat="35.3041" lon="-82.90915">
        <ele>1562.51</ele>
      </trkpt>
      <trkpt lat="35.30405" lon="-82.90915">
        <ele>1561.66</ele>
      </trkpt>
      <trkpt lat="35.30402" lon="-82.90913">
        <ele>1561.23</ele>
      </trkpt>
      <trkpt lat="35.30392" lon="-82.90909">
        <ele>1560.83</ele>
      </trkpt>
      <trkpt lat="35.30381" lon="-82.90912">
        <ele>1559.65</ele>
      </trkpt>
      <trkpt lat="35.30378" lon="-82.90917">
        <ele>1559.14</ele>
      </trkpt>
      <trkpt lat="35.30372" lon="-82.90942">
        <ele>1556.26</ele>
      </trkpt>
      <trkpt lat="35.30372" lon="-82.90948">
        <ele>1555.62</ele>
      </trkpt>
      <trkpt lat="35.30382" lon="-82.90965">
        <ele>1557.5</ele>
      </trkpt>
      <trkpt lat="35.30424" lon="-82.91005">
        <ele>1566.13</ele>
      </trkpt>
      <trkpt lat="35.30455" lon="-82.91021">
        <ele>1563.4</ele>
      </trkpt>
      <trkpt lat="35.30469" lon="-82.91018">
        <ele>1561.81</ele>
      </trkpt>
      <trkpt lat="35.30489" lon="-82.91016">
        <ele>1561.18</ele>
      </trkpt>
      <trkpt lat="35.30501" lon="-82.91022">
        <ele>1561.64</ele>
      </trkpt>
      <trkpt lat="35.3051" lon="-82.9103">
        <ele>1562.08</ele>
      </trkpt>
      <trkpt lat="35.30518" lon="-82.91032">
        <ele>1560.57</ele>
      </trkpt>
      <trkpt lat="35.30537" lon="-82.91042">
        <ele>1562.07</ele>
      </trkpt>
      <trkpt lat="35.3055" lon="-82.9104">
        <ele>1562.91</ele>
      </trkpt>
      <trkpt lat="35.3057" lon="-82.91029">
        <ele>1561.82</ele>
      </trkpt>
      <trkpt lat="35.30581" lon="-82.91027">
        <ele>1561.73</ele>
      </trkpt>
      <trkpt lat="35.30597" lon="-82.91018">
        <ele>1558.21</ele>
      </trkpt>
      <trkpt lat="35.30607" lon="-82.91011">
        <ele>1554.39</ele>
      </trkpt>
      <trkpt lat="35.3062" lon="-82.91009">
        <ele>1555.78</ele>
      </trkpt>
      <trkpt lat="35.30632" lon="-82.91014">
        <ele>1558.51</ele>
      </trkpt>
      <trkpt lat="35.3065" lon="-82.9103">
        <ele>1560.0</ele>
      </trkpt>
      <trkpt lat="35.30657" lon="-82.9105">
        <ele>1560.4</ele>
      </trkpt>
      <trkpt lat="35.30655" lon="-82.91107">
        <ele>1562.4</ele>
      </trkpt>
      <trkpt lat="35.30669" lon="-82.91132">
        <ele>1561.75</ele>
      </trkpt>
      <trkpt lat="35.30669" lon="-82.91132">
        <ele>1561.75</ele>
      </trkpt>
      <trkpt lat="35.30675" lon="-82.91144">
        <ele>1562.25</ele>
      </trkpt>
      <trkpt lat="35.30697" lon="-82.91159">
        <ele>1562.07</ele>
      </trkpt>
      <trkpt lat="35.30711" lon="-82.91174">
        <ele>1564.42</ele>
      </trkpt>
      <trkpt lat="35.3072" lon="-82.9118">
        <ele>1565.12</ele>
      </trkpt>
      <trkpt lat="35.30731" lon="-82.91189">
        <ele>1565.88</ele>
      </trkpt>
      <trkpt lat="35.30742" lon="-82.91203">
        <ele>1568.64</ele>
      </trkpt>
      <trkpt lat="35.30769" lon="-82.91214">
        <ele>1569.16</ele>
      </trkpt>
      <trkpt lat="35.30771" lon="-82.91213">
        <ele>1569.27</ele>
      </trkpt>
      <trkpt lat="35.30784" lon="-82.91219">
        <ele>1570.89</ele>
      </trkpt>
      <trkpt lat="35.30789" lon="-82.91216">
        <ele>1571.07</ele>
      </trkpt>
      <trkpt lat="35.30814" lon="-82.91225">
        <ele>1572.3</ele>
      </trkpt>
      <trkpt lat="35.30824" lon="-82.91227">
        <ele>1572.52</ele>
      </trkpt>
      <trkpt lat="35.30838" lon="-82.91238">
        <ele>1574.05</ele>
      </trkpt>
      <trkpt lat="35.30845" lon="-82.91252">
        <ele>1575.22</ele>
      </trkpt>
      <trkpt lat="35.30847" lon="-82.91274">
        <ele>1576.52</ele>
      </trkpt>
      <trkpt lat="35.30861" lon="-82.91351">
        <ele>1580.95</ele>
      </trkpt>
      <trkpt lat="35.30857" lon="-82.91372">
        <ele>1582.71</ele>
      </trkpt>
      <trkpt lat="35.30844" lon="-82.91384">
        <ele>1584.22</ele>
      </trkpt>
      <trkpt lat="35.30822" lon="-82.91393">
        <ele>1584.34</ele>
      </trkpt>
      <trkpt lat="35.30809" lon="-82.91397">
        <ele>1585.5</ele>
      </trkpt>
      <trkpt lat="35.30792" lon="-82.91406">
        <ele>1586.23</ele>
      </trkpt>
      <trkpt lat="35.30766" lon="-82.91416">
        <ele>1590.42</ele>
      </trkpt>
      <trkpt lat="35.30736" lon="-82.91434">
        <ele>1592.28</ele>
      </trkpt>
      <trkpt lat="35.3071" lon="-82.91449">
        <ele>1593.84</ele>
      </trkpt>
      <trkpt lat="35.30679" lon="-82.91455">
        <ele>1596.78</ele>
      </trkpt>
      <trkpt lat="35.30641" lon="-82.91467">
        <ele>1598.46</ele>
      </trkpt>
      <trkpt lat="35.30619" lon="-82.91477">
        <ele>1597.75</ele>
      </trkpt>
      <trkpt lat="35.30597" lon="-82.91494">
        <ele>1600.22</ele>
      </trkpt>
      <trkpt lat="35.30585" lon="-82.91512">
        <ele>1602.1</ele>
      </trkpt>
      <trkpt lat="35.30559" lon="-82.91511">
        <ele>1602.74</ele>
      </trkpt>
      <trkpt lat="35.30523" lon="-82.91494">
        <ele>1606.3</ele>
      </trkpt>
      <trkpt lat="35.30498" lon="-82.91493">
        <ele>1608.14</ele>
      </trkpt>
      <trkpt lat="35.30472" lon="-82.91516">
        <ele>1610.34</ele>
      </trkpt>
      <trkpt lat="35.30459" lon="-82.9155">
        <ele>1612.54</ele>
      </trkpt>
      <trkpt lat="35.30452" lon="-82.91559">
        <ele>1614.25</ele>
      </trkpt>
      <trkpt lat="35.30431" lon="-82.91598">
        <ele>1615.04</ele>
      </trkpt>
      <trkpt lat="35.30424" lon="-82.91624">
        <ele>1616.83</ele>
      </trkpt>
      <trkpt lat="35.30422" lon="-82.91644">
        <ele>1616.7</ele>
      </trkpt>
      <trkpt lat="35.30422" lon="-82.91665">
        <ele>1616.35</ele>
      </trkpt>
      <trkpt lat="35.30414" lon="-82.91691">
        <ele>1618.06</ele>
      </trkpt>
      <trkpt lat="35.30403" lon="-82.91707">
        <ele>1618.07</ele>
      </trkpt>
      <trkpt lat="35.30384" lon="-82.91719">
        <ele>1618.94</ele>
      </trkpt>
      <trkpt lat="35.30372" lon="-82.9174">
        <ele>1618.73</ele>
      </trkpt>
      <trkpt lat="35.30366" lon="-82.9176">
        <ele>1618.91</ele>
      </trkpt>
      <trkpt lat="35.30351" lon="-82.91782">
        <ele>1619.05</ele>
      </trkpt>
      <trkpt lat="35.30338" lon="-82.91808">
        <ele>1621.13</ele>
      </trkpt>
      <trkpt lat="35.30319" lon="-82.91838">
        <ele>1622.78</ele>
      </trkpt>
      <trkpt lat="35.30302" lon="-82.91852">
        <ele>1624.02</ele>
      </trkpt>
      <trkpt lat="35.30274" lon="-82.91858">
        <ele>1626.74</ele>
      </trkpt>
      <trkpt lat="35.30261" lon="-82.91853">
        <ele>1627.06</ele>
      </trkpt>
      <trkpt lat="35.30243" lon="-82.91826">
        <ele>1628.51</ele>
      </trkpt>
      <trkpt lat="35.30237" lon="-82.91807">
        <ele>1628.47</ele>
      </trkpt>
      <trkpt lat="35.30236" lon="-82.91792">
        <ele>1627.79</ele>
      </trkpt>
      <trkpt lat="35.3024" lon="-82.91765">
        <ele>1629.33</ele>
      </trkpt>
      <trkpt lat="35.30253" lon="-82.91757">
        <ele>1631.49</ele>
      </trkpt>
      <trkpt lat="35.30272" lon="-82.91751">
        <ele>1632.45</ele>
      </trkpt>
      <trkpt lat="35.3029" lon="-82.91739">
        <ele>1634.06</ele>
      </trkpt>
      <trkpt lat="35.30306" lon="-82.91725">
        <ele>1635.0</ele>
      </trkpt>
      <trkpt lat="35.30318" lon="-82.91709">
        <ele>1636.17</ele>
      </trkpt>
      <trkpt lat="35.30328" lon="-82.91697">
        <ele>1636.6</ele>
      </trkpt>
      <trkpt lat="35.30343" lon="-82.91676">
        <ele>1636.9</ele>
      </trkpt>
      <trkpt lat="35.30344" lon="-82.91672">
        <ele>1637.54</ele>
      </trkpt>
      <trkpt lat="35.30341" lon="-82.91673">
        <ele>1638.15</ele>
      </trkpt>
      <trkpt lat="35.30332" lon="-82.91685">
        <ele>1638.33</ele>
      </trkpt>
      <trkpt lat="35.30302" lon="-82.91707">
        <ele>1639.67</ele>
      </trkpt>
      <trkpt lat="35.30263" lon="-82.91715">
        <ele>1642.24</ele>
      </trkpt>
      <trkpt lat="35.30246" lon="-82.91693">
        <ele>1645.88</ele>
      </trkpt>
      <trkpt lat="35.3024" lon="-82.91672">
        <ele>1649.69</ele>
      </trkpt>
      <trkpt lat="35.30211" lon="-82.91622">
        <ele>1651.76</ele>
      </trkpt>
      <trkpt lat="35.30202" lon="-82.9161">
        <ele>1650.87</ele>
      </trkpt>
      <trkpt lat="35.30199" lon="-82.91602">
        <ele>1651.95</ele>
      </trkpt>
      <trkpt lat="35.30187" lon="-82.91592">
        <ele>1652.27</ele>
      </trkpt>
      <trkpt lat="35.30174" lon="-82.9159">
        <ele>1652.34</ele>
      </trkpt>
      <trkpt lat="35.30166" lon="-82.91596">
        <ele>1652.12</ele>
      </trkpt>
      <trkpt lat="35.30155" lon="-82.91602">
        <ele>1653.25</ele>
      </trkpt>
      <trkpt lat="35.30146" lon="-82.9163">
        <ele>1652.7</ele>
      </trkpt>
      <trkpt lat="35.30144" lon="-82.91663">
        <ele>1653.97</ele>
      </trkpt>
      <trkpt lat="35.30141" lon="-82.91696">
        <ele>1654.19</ele>
      </trkpt>
      <trkpt lat="35.3013" lon="-82.91716">
        <ele>1655.59</ele>
      </trkpt>
      <trkpt lat="35.30117" lon="-82.91733">
        <ele>1657.4</ele>
      </trkpt>
      <trkpt lat="35.30085" lon="-82.91753">
        <ele>1660.11</ele>
      </trkpt>
      <trkpt lat="35.30063" lon="-82.91766">
        <ele>1660.94</ele>
      </trkpt>
      <trkpt lat="35.30055" lon="-82.91774">
        <ele>1660.88</ele>
      </trkpt>
      <trkpt lat="35.30047" lon="-82.91776">
        <ele>1661.31</ele>
      </trkpt>
      <trkpt lat="35.30043" lon="-82.91783">
        <ele>1661.51</ele>
      </trkpt>
      <trkpt lat="35.30037" lon="-82.91788">
        <ele>1662.0</ele>
      </trkpt>
      <trkpt lat="35.30031" lon="-82.91796">
        <ele>1662.65</ele>
      </trkpt>
      <trkpt lat="35.30023" lon="-82.91818">
        <ele>1662.65</ele>
      </trkpt>
      <trkpt lat="35.30023" lon="-82.91823">
        <ele>1662.91</ele>
      </trkpt>
      <trkpt lat="35.30023" lon="-82.91836">
        <ele>1663.12</ele>
      </trkpt>
      <trkpt lat="35.30022" lon="-82.91842">
        <ele>1663.34</ele>
      </trkpt>
      <trkpt lat="35.30023" lon="-82.9185">
        <ele>1663.48</ele>
      </trkpt>
      <trkpt lat="35.30026" lon="-82.91878">
        <ele>1664.62</ele>
      </trkpt>
      <trkpt lat="35.30026" lon="-82.91887">
        <ele>1665.26</ele>
      </trkpt>
      <trkpt lat="35.3003" lon="-82.91912">
        <ele>1666.48</ele>
      </trkpt>
      <trkpt lat="35.30031" lon="-82.91917">
        <ele>1666.67</ele>
      </trkpt>
      <trkpt lat="35.30032" lon="-82.9192">
        <ele>1666.72</ele>
      </trkpt>
      <trkpt lat="35.30031" lon="-82.9193">
        <ele>1666.2</ele>
      </trkpt>
      <trkpt lat="35.30032" lon="-82.91937">
        <ele>1666.82</ele>
      </trkpt>
      <trkpt lat="35.30036" lon="-82.91949">
        <ele>1668.5</ele>
      </trkpt>
      <trkpt lat="35.30039" lon="-82.91951">
        <ele>1669.7</ele>
      </trkpt>
      <trkpt lat="35.30043" lon="-82.91964">
        <ele>1669.89</ele>
      </trkpt>
      <trkpt lat="35.30046" lon="-82.9197">
        <ele>1670.88</ele>
      </trkpt>
      <trkpt lat="35.30058" lon="-82.91998">
        <ele>1671.86</ele>
      </trkpt>
      <trkpt lat="35.30064" lon="-82.92005">
        <ele>1672.28</ele>
      </trkpt>
      <trkpt lat="35.30067" lon="-82.92006">
        <ele>1672.91</ele>
      </trkpt>
      <trkpt lat="35.30086" lon="-82.92024">
        <ele>1674.1</ele>
      </trkpt>
      <trkpt lat="35.30114" lon="-82.92038">
        <ele>1675.82</ele>
      </trkpt>
      <trkpt lat="35.30145" lon="-82.92032">
        <ele>1677.54</ele>
      </trkpt>
      <trkpt lat="35.30154" lon="-82.92031">
        <ele>1677.87</ele>
      </trkpt>
      <trkpt lat="35.30164" lon="-82.92032">
        <ele>1678.32</ele>
      </trkpt>
      <trkpt lat="35.3019" lon="-82.92031">
        <ele>1679.53</ele>
      </trkpt>
      <trkpt lat="35.30202" lon="-82.92032">
        <ele>1680.28</ele>
      </trkpt>
      <trkpt lat="35.30218" lon="-82.92031">
        <ele>1680.59</ele>
      </trkpt>
      <trkpt lat="35.30232" lon="-82.92026">
        <ele>1680.15</ele>
      </trkpt>
      <trkpt lat="35.30255" lon="-82.92022">
        <ele>1682.04</ele>
      </trkpt>
      <trkpt lat="35.30273" lon="-82.92028">
        <ele>1684.58</ele>
      </trkpt>
      <trkpt lat="35.30299" lon="-82.92049">
        <ele>1687.38</ele>
      </trkpt>
      <trkpt lat="35.30327" lon="-82.92068">
        <ele>1689.9</ele>
      </trkpt>
      <trkpt lat="35.3037" lon="-82.92074">
        <ele>1692.94</ele>
      </trkpt>
      <trkpt lat="35.30393" lon="-82.92072">
        <ele>1693.12</ele>
      </trkpt>
      <trkpt lat="35.30412" lon="-82.92073">
        <ele>1693.94</ele>
      </trkpt>
      <trkpt lat="35.30427" lon="-82.92078">
        <ele>1694.37</ele>
      </trkpt>
      <trkpt lat="35.30447" lon="-82.92091">
        <ele>1692.77</ele>
      </trkpt>
      <trkpt lat="35.30465" lon="-82.92099">
        <ele>1692.0</ele>
      </trkpt>
      <trkpt lat="35.30467" lon="-82.92109">
        <ele>1692.77</ele>
      </trkpt>
      <trkpt lat="35.30476" lon="-82.92114">
        <ele>1693.44</ele>
      </trkpt>
      <trkpt lat="35.3049" lon="-82.92107">
        <ele>1693.92</ele>
      </trkpt>
      <trkpt lat="35.30498" lon="-82.92106">
        <ele>1695.57</ele>
      </trkpt>
      <trkpt lat="35.30499" lon="-82.921">
        <ele>1695.78</ele>
      </trkpt>
      <trkpt lat="35.30496" lon="-82.921">
        <ele>1695.14</ele>
      </trkpt>
      <trkpt lat="35.30493" lon="-82.92097">
        <ele>1694.49</ele>
      </trkpt>
      <trkpt lat="35.30496" lon="-82.92082">
        <ele>1695.7</ele>
      </trkpt>
      <trkpt lat="35.30499" lon="-82.92072">
        <ele>1696.68</ele>
      </trkpt>
      <trkpt lat="35.30504" lon="-82.92064">
        <ele>1698.35</ele>
      </trkpt>
      <trkpt lat="35.30507" lon="-82.92062">
        <ele>1699.34</ele>
      </trkpt>
      <trkpt lat="35.30512" lon="-82.92071">
        <ele>1700.89</ele>
      </trkpt>
      <trkpt lat="35.30517" lon="-82.92071">
        <ele>1702.51</ele>
      </trkpt>
      <trkpt lat="35.3052" lon="-82.92065">
        <ele>1703.32</ele>
      </trkpt>
      <trkpt lat="35.30522" lon="-82.92009">
        <ele>1704.13</ele>
      </trkpt>
      <trkpt lat="35.30529" lon="-82.91996">
        <ele>1706.26</ele>
      </trkpt>
      <trkpt lat="35.30534" lon="-82.91984">
        <ele>1708.07</ele>
      </trkpt>
      <trkpt lat="35.30533" lon="-82.91966">
        <ele>1708.8</ele>
      </trkpt>
      <trkpt lat="35.30525" lon="-82.9195">
        <ele>1709.1</ele>
      </trkpt>
      <trkpt lat="35.30522" lon="-82.91937">
        <ele>1710.18</ele>
      </trkpt>
      <trkpt lat="35.30527" lon="-82.91929">
        <ele>1710.92</ele>
      </trkpt>
      <trkpt lat="35.30549" lon="-82.91931">
        <ele>1714.61</ele>
      </trkpt>
      <trkpt lat="35.30557" lon="-82.91927">
        <ele>1715.0</ele>
      </trkpt>
      <trkpt lat="35.30566" lon="-82.91935">
        <ele>1715.0</ele>
      </trkpt>
      <trkpt lat="35.30571" lon="-82.91949">
        <ele>1715.33</ele>
      </trkpt>
      <trkpt lat="35.30605" lon="-82.91985">
        <ele>1720.59</ele>
      </trkpt>
      <trkpt lat="35.30608" lon="-82.91992">
        <ele>1720.95</ele>
      </trkpt>
      <trkpt lat="35.30607" lon="-82.9201">
        <ele>1720.48</ele>
      </trkpt>
      <trkpt lat="35.3061" lon="-82.92025">
        <ele>1719.18</ele>
      </trkpt>
      <trkpt lat="35.30618" lon="-82.92037">
        <ele>1718.0</ele>
      </trkpt>
      <trkpt lat="35.30637" lon="-82.92055">
        <ele>1717.01</ele>
      </trkpt>
      <trkpt lat="35.30661" lon="-82.92066">
        <ele>1715.61</ele>
      </trkpt>
      <trkpt lat="35.30671" lon="-82.92085">
        <ele>1715.1</ele>
      </trkpt>
      <trkpt lat="35.30678" lon="-82.92104">
        <ele>1715.23</ele>
      </trkpt>
      <trkpt lat="35.30683" lon="-82.92131">
        <ele>1716.11</ele>
      </trkpt>
      <trkpt lat="35.30693" lon="-82.92151">
        <ele>1717.89</ele>
      </trkpt>
      <trkpt lat="35.30706" lon="-82.92163">
        <ele>1719.15</ele>
      </trkpt>
      <trkpt lat="35.30712" lon="-82.92175">
        <ele>1720.8</ele>
      </trkpt>
      <trkpt lat="35.30714" lon="-82.92181">
        <ele>1721.61</ele>
      </trkpt>
      <trkpt lat="35.30726" lon="-82.92191">
        <ele>1724.66</ele>
      </trkpt>
      <trkpt lat="35.3073" lon="-82.92204">
        <ele>1726.87</ele>
      </trkpt>
      <trkpt lat="35.30734" lon="-82.92208">
        <ele>1727.46</ele>
      </trkpt>
      <trkpt lat="35.30741" lon="-82.92211">
        <ele>1727.76</ele>
      </trkpt>
      <trkpt lat="35.30752" lon="-82.92225">
        <ele>1730.66</ele>
      </trkpt>
      <trkpt lat="35.30766" lon="-82.92231">
        <ele>1732.81</ele>
      </trkpt>
      <trkpt lat="35.30777" lon="-82.92242">
        <ele>1735.36</ele>
      </trkpt>
      <trkpt lat="35.30812" lon="-82.92273">
        <ele>1734.91</ele>
      </trkpt>
      <trkpt lat="35.3083" lon="-82.92297">
        <ele>1742.87</ele>
      </trkpt>
      <trkpt lat="35.30838" lon="-82.92311">
        <ele>1743.66</ele>
      </trkpt>
      <trkpt lat="35.30841" lon="-82.92323">
        <ele>1744.55</ele>
      </trkpt>
      <trkpt lat="35.30841" lon="-82.92323">
        <ele>1744.55</ele>
      </trkpt>
      <trkpt lat="35.30846" lon="-82.92342">
        <ele>1745.77</ele>
      </trkpt>
      <trkpt lat="35.30855" lon="-82.92365">
        <ele>1744.4</ele>
      </trkpt>
      <trkpt lat="35.30864" lon="-82.92383">
        <ele>1742.43</ele>
      </trkpt>
      <trkpt lat="35.30867" lon="-82.92394">
        <ele>1742.64</ele>
      </trkpt>
      <trkpt lat="35.30875" lon="-82.92412">
        <ele>1743.24</ele>
      </trkpt>
      <trkpt lat="35.30888" lon="-82.92428">
        <ele>1744.64</ele>
      </trkpt>
      <trkpt lat="35.30909" lon="-82.92428">
        <ele>1744.84</ele>
      </trkpt>
      <trkpt lat="35.30935" lon="-82.92421">
        <ele>1745.84</ele>
      </trkpt>
      <trkpt lat="35.30956" lon="-82.92407">
        <ele>1744.9</ele>
      </trkpt>
      <trkpt lat="35.30957" lon="-82.92399">
        <ele>1743.61</ele>
      </trkpt>
      <trkpt lat="35.30981" lon="-82.92387">
        <ele>1745.38</ele>
      </trkpt>
      <trkpt lat="35.3099" lon="-82.92393">
        <ele>1747.33</ele>
      </trkpt>
      <trkpt lat="35.31003" lon="-82.92403">
        <ele>1749.88</ele>
      </trkpt>
      <trkpt lat="35.31011" lon="-82.92416">
        <ele>1751.86</ele>
      </trkpt>
      <trkpt lat="35.31009" lon="-82.9243">
        <ele>1754.47</ele>
      </trkpt>
      <trkpt lat="35.30998" lon="-82.92437">
        <ele>1756.61</ele>
      </trkpt>
      <trkpt lat="35.30978" lon="-82.92454">
        <ele>1760.41</ele>
      </trkpt>
      <trkpt lat="35.3097" lon="-82.92467">
        <ele>1762.68</ele>
      </trkpt>
      <trkpt lat="35.30965" lon="-82.9248">
        <ele>1764.62</ele>
      </trkpt>
      <trkpt lat="35.30971" lon="-82.92498">
        <ele>1765.1</ele>
      </trkpt>
      <trkpt lat="35.30971" lon="-82.92511">
        <ele>1765.13</ele>
      </trkpt>
      <trkpt lat="35.30974" lon="-82.9252">
        <ele>1764.68</ele>
      </trkpt>
      <trkpt lat="35.30978" lon="-82.92526">
        <ele>1764.07</ele>
      </trkpt>
      <trkpt lat="35.30983" lon="-82.92528">
        <ele>1764.0</ele>
      </trkpt>
      <trkpt lat="35.3098" lon="-82.92533">
        <ele>1764.0</ele>
      </trkpt>
      <trkpt lat="35.30981" lon="-82.92539">
        <ele>1763.99</ele>
      </trkpt>
      <trkpt lat="35.30974" lon="-82.92541">
        <ele>1763.65</ele>
      </trkpt>
      <trkpt lat="35.30966" lon="-82.92546">
        <ele>1763.03</ele>
      </trkpt>
      <trkpt lat="35.30962" lon="-82.92552">
        <ele>1762.42</ele>
      </trkpt>
      <trkpt lat="35.30959" lon="-82.92553">
        <ele>1762.39</ele>
      </trkpt>
      <trkpt lat="35.30955" lon="-82.92552">
        <ele>1762.71</ele>
      </trkpt>
      <trkpt lat="35.30948" lon="-82.92564">
        <ele>1761.76</ele>
      </trkpt>
      <trkpt lat="35.3094" lon="-82.92573">
        <ele>1761.6</ele>
      </trkpt>
      <trkpt lat="35.30918" lon="-82.92587">
        <ele>1759.6</ele>
      </trkpt>
      <trkpt lat="35.30905" lon="-82.92594">
        <ele>1758.44</ele>
      </trkpt>
      <trkpt lat="35.30891" lon="-82.92586">
        <ele>1759.48</ele>
      </trkpt>
      <trkpt lat="35.30885" lon="-82.92589">
        <ele>1759.97</ele>
      </trkpt>
      <trkpt lat="35.30885" lon="-82.92598">
        <ele>1758.25</ele>
      </trkpt>
      <trkpt lat="35.30884" lon="-82.92606">
        <ele>1756.18</ele>
      </trkpt>
      <trkpt lat="35.30882" lon="-82.92614">
        <ele>1754.12</ele>
      </trkpt>
      <trkpt lat="35.30881" lon="-82.92618">
        <ele>1753.36</ele>
      </trkpt>
      <trkpt lat="35.30877" lon="-82.92617">
        <ele>1754.01</ele>
      </trkpt>
      <trkpt lat="35.30872" lon="-82.92622">
        <ele>1753.3</ele>
      </trkpt>
      <trkpt lat="35.30872" lon="-82.92626">
        <ele>1752.0</ele>
      </trkpt>
      <trkpt lat="35.3087" lon="-82.92628">
        <ele>1751.6</ele>
      </trkpt>
      <trkpt lat="35.30869" lon="-82.92639">
        <ele>1749.12</ele>
      </trkpt>
      <trkpt lat="35.3086" lon="-82.92663">
        <ele>1742.91</ele>
      </trkpt>
      <trkpt lat="35.3086" lon="-82.92672">
        <ele>1740.97</ele>
      </trkpt>
      <trkpt lat="35.30863" lon="-82.92676">
        <ele>1740.19</ele>
      </trkpt>
      <trkpt lat="35.30868" lon="-82.92697">
        <ele>1736.52</ele>
      </trkpt>
      <trkpt lat="35.30872" lon="-82.927">
        <ele>1735.8</ele>
      </trkpt>
      <trkpt lat="35.30873" lon="-82.92703">
        <ele>1735.15</ele>
      </trkpt>
      <trkpt lat="35.30882" lon="-82.92707">
        <ele>1734.03</ele>
      </trkpt>
      <trkpt lat="35.3089" lon="-82.92708">
        <ele>1733.01</ele>
      </trkpt>
      <trkpt lat="35.30893" lon="-82.9271">
        <ele>1732.5</ele>
      </trkpt>
      <trkpt lat="35.30901" lon="-82.9271">
        <ele>1732.01</ele>
      </trkpt>
      <trkpt lat="35.30906" lon="-82.92708">
        <ele>1731.69</ele>
      </trkpt>
      <trkpt lat="35.30913" lon="-82.92712">
        <ele>1731.1</ele>
      </trkpt>
      <trkpt lat="35.30921" lon="-82.92711">
        <ele>1730.38</ele>
      </trkpt>
      <trkpt lat="35.30935" lon="-82.92706">
        <ele>1728.79</ele>
      </trkpt>
      <trkpt lat="35.30941" lon="-82.92702">
        <ele>1727.93</ele>
      </trkpt>
      <trkpt lat="35.30942" lon="-82.92699">
        <ele>1728.04</ele>
      </trkpt>
      <trkpt lat="35.30945" lon="-82.92699">
        <ele>1727.48</ele>
      </trkpt>
      <trkpt lat="35.30946" lon="-82.92701">
        <ele>1727.17</ele>
      </trkpt>
      <trkpt lat="35.30944" lon="-82.92703">
        <ele>1727.17</ele>
      </trkpt>
      <trkpt lat="35.30954" lon="-82.92703">
        <ele>1726.15</ele>
      </trkpt>
      <trkpt lat="35.30965" lon="-82.92697">
        <ele>1727.17</ele>
      </trkpt>
      <trkpt lat="35.30977" lon="-82.92693">
        <ele>1726.44</ele>
      </trkpt>
      <trkpt lat="35.30979" lon="-82.92693">
        <ele>1726.08</ele>
      </trkpt>
      <trkpt lat="35.30976" lon="-82.92696">
        <ele>1725.89</ele>
      </trkpt>
      <trkpt lat="35.30976" lon="-82.92698">
        <ele>1725.5</ele>
      </trkpt>
      <trkpt lat="35.30974" lon="-82.92702">
        <ele>1724.64</ele>
      </trkpt>
      <trkpt lat="35.30968" lon="-82.92705">
        <ele>1724.58</ele>
      </trkpt>
      <trkpt lat="35.30966" lon="-82.9271">
        <ele>1723.29</ele>
      </trkpt>
      <trkpt lat="35.30967" lon="-82.92718">
        <ele>1721.82</ele>
      </trkpt>
      <trkpt lat="35.30964" lon="-82.92732">
        <ele>1718.44</ele>
      </trkpt>
      <trkpt lat="35.30964" lon="-82.9274">
        <ele>1718.24</ele>
      </trkpt>
      <trkpt lat="35.30959" lon="-82.92751">
        <ele>1715.85</ele>
      </trkpt>
      <trkpt lat="35.3096" lon="-82.92758">
        <ele>1714.86</ele>
      </trkpt>
      <trkpt lat="35.30957" lon="-82.92764">
        <ele>1713.84</ele>
      </trkpt>
      <trkpt lat="35.30953" lon="-82.92769">
        <ele>1713.05</ele>
      </trkpt>
      <trkpt lat="35.30953" lon="-82.92774">
        <ele>1711.97</ele>
      </trkpt>
      <trkpt lat="35.30956" lon="-82.92777">
        <ele>1711.64</ele>
      </trkpt>
      <trkpt lat="35.30959" lon="-82.92787">
        <ele>1710.58</ele>
      </trkpt>
      <trkpt lat="35.30959" lon="-82.92787">
        <ele>1710.58</ele>
      </trkpt>
      <trkpt lat="35.30965" lon="-82.92793">
        <ele>1710.87</ele>
      </trkpt>
      <trkpt lat="35.30966" lon="-82.92801">
        <ele>1710.15</ele>
      </trkpt>
      <trkpt lat="35.30968" lon="-82.92804">
        <ele>1710.26</ele>
      </trkpt>
      <trkpt lat="35.30974" lon="-82.92805">
        <ele>1711.46</ele>
      </trkpt>
      <trkpt lat="35.30976" lon="-82.92809">
        <ele>1711.07</ele>
      </trkpt>
      <trkpt lat="35.30975" lon="-82.92819">
        <ele>1709.28</ele>
      </trkpt>
      <trkpt lat="35.30976" lon="-82.92823">
        <ele>1709.29</ele>
      </trkpt>
      <trkpt lat="35.30984" lon="-82.92828">
        <ele>1711.12</ele>
      </trkpt>
      <trkpt lat="35.30987" lon="-82.92832">
        <ele>1711.34</ele>
      </trkpt>
      <trkpt lat="35.30991" lon="-82.92835">
        <ele>1711.9</ele>
      </trkpt>
      <trkpt lat="35.30993" lon="-82.92846">
        <ele>1711.03</ele>
      </trkpt>
      <trkpt lat="35.30996" lon="-82.9285">
        <ele>1710.88</ele>
      </trkpt>
      <trkpt lat="35.30998" lon="-82.9286">
        <ele>1709.02</ele>
      </trkpt>
      <trkpt lat="35.30998" lon="-82.92867">
        <ele>1708.15</ele>
      </trkpt>
      <trkpt lat="35.31" lon="-82.9287">
        <ele>1708.04</ele>
      </trkpt>
      <trkpt lat="35.31008" lon="-82.92877">
        <ele>1709.26</ele>
      </trkpt>
      <trkpt lat="35.31013" lon="-82.92877">
        <ele>1710.78</ele>
      </trkpt>
      <trkpt lat="35.31016" lon="-82.92881">
        <ele>1710.78</ele>
      </trkpt>
      <trkpt lat="35.31017" lon="-82.92888">
        <ele>1708.94</ele>
      </trkpt>
      <trkpt lat="35.31016" lon="-82.92894">
        <ele>1708.31</ele>
      </trkpt>
      <trkpt lat="35.31016" lon="-82.92903">
        <ele>1708.18</ele>
      </trkpt>
      <trkpt lat="35.31017" lon="-82.92908">
        <ele>1708.44</ele>
      </trkpt>
      <trkpt lat="35.31019" lon="-82.92911">
        <ele>1708.72</ele>
      </trkpt>
      <trkpt lat="35.31019" lon="-82.92914">
        <ele>1708.39</ele>
      </trkpt>
      <trkpt lat="35.3102" lon="-82.92918">
        <ele>1708.06</ele>
      </trkpt>
      <trkpt lat="35.31025" lon="-82.92922">
        <ele>1708.65</ele>
      </trkpt>
      <trkpt lat="35.31027" lon="-82.92927">
        <ele>1708.53</ele>
      </trkpt>
      <trkpt lat="35.31032" lon="-82.92929">
        <ele>1708.79</ele>
      </trkpt>
      <trkpt lat="35.31035" lon="-82.92938">
        <ele>1707.41</ele>
      </trkpt>
      <trkpt lat="35.31036" lon="-82.92941">
        <ele>1707.19</ele>
      </trkpt>
      <trkpt lat="35.31036" lon="-82.92945">
        <ele>1706.72</ele>
      </trkpt>
      <trkpt lat="35.31034" lon="-82.92948">
        <ele>1705.96</ele>
      </trkpt>
      <trkpt lat="35.31033" lon="-82.92964">
        <ele>1704.08</ele>
      </trkpt>
      <trkpt lat="35.31025" lon="-82.92967">
        <ele>1701.96</ele>
      </trkpt>
      <trkpt lat="35.31024" lon="-82.92973">
        <ele>1701.18</ele>
      </trkpt>
      <trkpt lat="35.3103" lon="-82.92981">
        <ele>1702.49</ele>
      </trkpt>
      <trkpt lat="35.3103" lon="-82.92985">
        <ele>1702.39</ele>
      </trkpt>
      <trkpt lat="35.31034" lon="-82.92992">
        <ele>1702.63</ele>
      </trkpt>
      <trkpt lat="35.31031" lon="-82.93003">
        <ele>1701.37</ele>
      </trkpt>
      <trkpt lat="35.31032" lon="-82.9301">
        <ele>1700.8</ele>
      </trkpt>
      <trkpt lat="35.31027" lon="-82.93021">
        <ele>1698.65</ele>
      </trkpt>
      <trkpt lat="35.31026" lon="-82.93028">
        <ele>1697.79</ele>
      </trkpt>
      <trkpt lat="35.31021" lon="-82.93046">
        <ele>1696.03</ele>
      </trkpt>
      <trkpt lat="35.31024" lon="-82.93048">
        <ele>1695.63</ele>
      </trkpt>
      <trkpt lat="35.31029" lon="-82.93048">
        <ele>1695.52</ele>
      </trkpt>
      <trkpt lat="35.31036" lon="-82.93049">
        <ele>1694.79</ele>
      </trkpt>
      <trkpt lat="35.31039" lon="-82.93064">
        <ele>1693.3</ele>
      </trkpt>
      <trkpt lat="35.31041" lon="-82.93066">
        <ele>1693.3</ele>
      </trkpt>
      <trkpt lat="35.31041" lon="-82.93075">
        <ele>1692.37</ele>
      </trkpt>
      <trkpt lat="35.31039" lon="-82.93086">
        <ele>1691.36</ele>
      </trkpt>
      <trkpt lat="35.31041" lon="-82.9309">
        <ele>1691.55</ele>
      </trkpt>
      <trkpt lat="35.31044" lon="-82.93111">
        <ele>1690.01</ele>
      </trkpt>
      <trkpt lat="35.31045" lon="-82.93114">
        <ele>1689.69</ele>
      </trkpt>
      <trkpt lat="35.31045" lon="-82.9312">
        <ele>1689.04</ele>
      </trkpt>
      <trkpt lat="35.31046" lon="-82.93125">
        <ele>1688.5</ele>
      </trkpt>
      <trkpt lat="35.31046" lon="-82.93128">
        <ele>1688.18</ele>
      </trkpt>
      <trkpt lat="35.31046" lon="-82.93131">
        <ele>1687.85</ele>
      </trkpt>
      <trkpt lat="35.31041" lon="-82.93136">
        <ele>1687.31</ele>
      </trkpt>
      <trkpt lat="35.31041" lon="-82.93141">
        <ele>1686.9</ele>
      </trkpt>
      <trkpt lat="35.31038" lon="-82.93148">
        <ele>1686.9</ele>
      </trkpt>
      <trkpt lat="35.31037" lon="-82.93154">
        <ele>1686.37</ele>
      </trkpt>
      <trkpt lat="35.31038" lon="-82.93157">
        <ele>1685.94</ele>
      </trkpt>
      <trkpt lat="35.31043" lon="-82.93161">
        <ele>1685.22</ele>
      </trkpt>
      <trkpt lat="35.31046" lon="-82.93161">
        <ele>1685.02</ele>
      </trkpt>
      <trkpt lat="35.31049" lon="-82.93158">
        <ele>1684.69</ele>
      </trkpt>
      <trkpt lat="35.31054" lon="-82.93155">
        <ele>1684.43</ele>
      </trkpt>
      <trkpt lat="35.31059" lon="-82.9316">
        <ele>1682.6</ele>
      </trkpt>
      <trkpt lat="35.31065" lon="-82.93172">
        <ele>1679.95</ele>
      </trkpt>
      <trkpt lat="35.31066" lon="-82.93177">
        <ele>1679.5</ele>
      </trkpt>
      <trkpt lat="35.31065" lon="-82.9318">
        <ele>1679.5</ele>
      </trkpt>
      <trkpt lat="35.31066" lon="-82.93183">
        <ele>1678.85</ele>
      </trkpt>
      <trkpt lat="35.31067" lon="-82.93185">
        <ele>1678.31</ele>
      </trkpt>
      <trkpt lat="35.31066" lon="-82.93188">
        <ele>1678.09</ele>
      </trkpt>
      <trkpt lat="35.31061" lon="-82.9319">
        <ele>1678.57</ele>
      </trkpt>
      <trkpt lat="35.31056" lon="-82.93195">
        <ele>1677.77</ele>
      </trkpt>
      <trkpt lat="35.31047" lon="-82.93196">
        <ele>1677.5</ele>
      </trkpt>
      <trkpt lat="35.31045" lon="-82.93194">
        <ele>1678.14</ele>
      </trkpt>
      <trkpt lat="35.31035" lon="-82.93193">
        <ele>1678.25</ele>
      </trkpt>
      <trkpt lat="35.31025" lon="-82.93188">
        <ele>1678.79</ele>
      </trkpt>
      <trkpt lat="35.31017" lon="-82.93189">
        <ele>1677.6</ele>
      </trkpt>
      <trkpt lat="35.31014" lon="-82.93188">
        <ele>1677.6</ele>
      </trkpt>
      <trkpt lat="35.31009" lon="-82.93182">
        <ele>1678.98</ele>
      </trkpt>
      <trkpt lat="35.30998" lon="-82.93178">
        <ele>1677.73</ele>
      </trkpt>
      <trkpt lat="35.30976" lon="-82.93175">
        <ele>1676.34</ele>
      </trkpt>
      <trkpt lat="35.30955" lon="-82.93201">
        <ele>1675.3</ele>
      </trkpt>
      <trkpt lat="35.30952" lon="-82.93213">
        <ele>1670.38</ele>
      </trkpt>
      <trkpt lat="35.30955" lon="-82.93231">
        <ele>1673.39</ele>
      </trkpt>
      <trkpt lat="35.30955" lon="-82.93231">
        <ele>1673.39</ele>
      </trkpt>
      <trkpt lat="35.30957" lon="-82.93238">
        <ele>1673.53</ele>
      </trkpt>
      <trkpt lat="35.30983" lon="-82.93262">
        <ele>1672.23</ele>
      </trkpt>
      <trkpt lat="35.30993" lon="-82.93276">
        <ele>1672.2</ele>
      </trkpt>
      <trkpt lat="35.31002" lon="-82.93294">
        <ele>1670.46</ele>
      </trkpt>
      <trkpt lat="35.31002" lon="-82.93307">
        <ele>1671.52</ele>
      </trkpt>
      <trkpt lat="35.31005" lon="-82.93319">
        <ele>1670.21</ele>
      </trkpt>
      <trkpt lat="35.31011" lon="-82.93337">
        <ele>1669.34</ele>
      </trkpt>
      <trkpt lat="35.31015" lon="-82.93356">
        <ele>1671.18</ele>
      </trkpt>
      <trkpt lat="35.31024" lon="-82.93372">
        <ele>1668.83</ele>
      </trkpt>
      <trkpt lat="35.31031" lon="-82.93389">
        <ele>1668.62</ele>
      </trkpt>
      <trkpt lat="35.31038" lon="-82.93405">
        <ele>1668.09</ele>
      </trkpt>
      <trkpt lat="35.31044" lon="-82.93428">
        <ele>1668.05</ele>
      </trkpt>
      <trkpt lat="35.31045" lon="-82.93435">
        <ele>1667.7</ele>
      </trkpt>
      <trkpt lat="35.31051" lon="-82.93446">
        <ele>1664.63</ele>
      </trkpt>
      <trkpt lat="35.31057" lon="-82.93461">
        <ele>1664.58</ele>
      </trkpt>
      <trkpt lat="35.31057" lon="-82.93474">
        <ele>1667.44</ele>
      </trkpt>
      <trkpt lat="35.3106" lon="-82.93488">
        <ele>1667.08</ele>
      </trkpt>
      <trkpt lat="35.31064" lon="-82.93495">
        <ele>1665.35</ele>
      </trkpt>
      <trkpt lat="35.31063" lon="-82.93531">
        <ele>1667.78</ele>
      </trkpt>
      <trkpt lat="35.31063" lon="-82.93546">
        <ele>1666.82</ele>
      </trkpt>
      <trkpt lat="35.31059" lon="-82.93558">
        <ele>1667.45</ele>
      </trkpt>
      <trkpt lat="35.31057" lon="-82.93577">
        <ele>1666.27</ele>
      </trkpt>
      <trkpt lat="35.31058" lon="-82.93587">
        <ele>1665.47</ele>
      </trkpt>
      <trkpt lat="35.31055" lon="-82.93593">
        <ele>1666.06</ele>
      </trkpt>
      <trkpt lat="35.31049" lon="-82.93593">
        <ele>1666.71</ele>
      </trkpt>
      <trkpt lat="35.31042" lon="-82.93591">
        <ele>1667.64</ele>
      </trkpt>
      <trkpt lat="35.31032" lon="-82.93596">
        <ele>1667.83</ele>
      </trkpt>
      <trkpt lat="35.31035" lon="-82.93609">
        <ele>1667.05</ele>
      </trkpt>
      <trkpt lat="35.31036" lon="-82.93622">
        <ele>1665.69</ele>
      </trkpt>
      <trkpt lat="35.31019" lon="-82.93636">
        <ele>1659.76</ele>
      </trkpt>
      <trkpt lat="35.31013" lon="-82.93629">
        <ele>1659.31</ele>
      </trkpt>
      <trkpt lat="35.31014" lon="-82.9362">
        <ele>1661.13</ele>
      </trkpt>
      <trkpt lat="35.31009" lon="-82.93616">
        <ele>1659.86</ele>
      </trkpt>
      <trkpt lat="35.30995" lon="-82.93596">
        <ele>1659.93</ele>
      </trkpt>
      <trkpt lat="35.3099" lon="-82.9358">
        <ele>1661.32</ele>
      </trkpt>
      <trkpt lat="35.30981" lon="-82.93561">
        <ele>1658.71</ele>
      </trkpt>
      <trkpt lat="35.30977" lon="-82.93541">
        <ele>1654.95</ele>
      </trkpt>
      <trkpt lat="35.3098" lon="-82.93533">
        <ele>1655.24</ele>
      </trkpt>
      <trkpt lat="35.30988" lon="-82.93521">
        <ele>1657.79</ele>
      </trkpt>
      <trkpt lat="35.30992" lon="-82.93504">
        <ele>1656.98</ele>
      </trkpt>
      <trkpt lat="35.30986" lon="-82.93491">
        <ele>1653.48</ele>
      </trkpt>
      <trkpt lat="35.30986" lon="-82.93485">
        <ele>1654.39</ele>
      </trkpt>
      <trkpt lat="35.30988" lon="-82.9348">
        <ele>1656.02</ele>
      </trkpt>
      <trkpt lat="35.3098" lon="-82.93458">
        <ele>1657.52</ele>
      </trkpt>
      <trkpt lat="35.30979" lon="-82.93451">
        <ele>1658.78</ele>
      </trkpt>
      <trkpt lat="35.30976" lon="-82.93446">
        <ele>1658.89</ele>
      </trkpt>
      <trkpt lat="35.3096" lon="-82.93436">
        <ele>1655.47</ele>
      </trkpt>
      <trkpt lat="35.30944" lon="-82.93434">
        <ele>1658.43</ele>
      </trkpt>
      <trkpt lat="35.30932" lon="-82.9344">
        <ele>1659.34</ele>
      </trkpt>
      <trkpt lat="35.30923" lon="-82.9345">
        <ele>1660.87</ele>
      </trkpt>
      <trkpt lat="35.30919" lon="-82.93468">
        <ele>1656.75</ele>
      </trkpt>
      <trkpt lat="35.3091" lon="-82.93479">
        <ele>1655.24</ele>
      </trkpt>
      <trkpt lat="35.30904" lon="-82.93494">
        <ele>1652.77</ele>
      </trkpt>
      <trkpt lat="35.30886" lon="-82.93507">
        <ele>1655.43</ele>
      </trkpt>
      <trkpt lat="35.30873" lon="-82.93526">
        <ele>1654.25</ele>
      </trkpt>
      <trkpt lat="35.30851" lon="-82.93554">
        <ele>1654.37</ele>
      </trkpt>
      <trkpt lat="35.30848" lon="-82.93556">
        <ele>1653.86</ele>
      </trkpt>
      <trkpt lat="35.30841" lon="-82.93557">
        <ele>1653.68</ele>
      </trkpt>
      <trkpt lat="35.30823" lon="-82.93564">
        <ele>1653.5</ele>
      </trkpt>
      <trkpt lat="35.30819" lon="-82.93569">
        <ele>1652.99</ele>
      </trkpt>
      <trkpt lat="35.30806" lon="-82.93597">
        <ele>1651.31</ele>
      </trkpt>
      <trkpt lat="35.30804" lon="-82.93632">
        <ele>1651.37</ele>
      </trkpt>
      <trkpt lat="35.30786" lon="-82.93656">
        <ele>1652.79</ele>
      </trkpt>
      <trkpt lat="35.30757" lon="-82.93683">
        <ele>1650.44</ele>
      </trkpt>
      <trkpt lat="35.30754" lon="-82.9371">
        <ele>1645.53</ele>
      </trkpt>
      <trkpt lat="35.30758" lon="-82.93724">
        <ele>1644.48</ele>
      </trkpt>
      <trkpt lat="35.30757" lon="-82.93752">
        <ele>1647.9</ele>
      </trkpt>
      <trkpt lat="35.30758" lon="-82.93759">
        <ele>1648.76</ele>
      </trkpt>
      <trkpt lat="35.30757" lon="-82.93768">
        <ele>1650.64</ele>
      </trkpt>
      <trkpt lat="35.30762" lon="-82.93785">
        <ele>1651.08</ele>
      </trkpt>
      <trkpt lat="35.30762" lon="-82.93799">
        <ele>1654.4</ele>
      </trkpt>
      <trkpt lat="35.30764" lon="-82.93806">
        <ele>1655.0</ele>
      </trkpt>
      <trkpt lat="35.30764" lon="-82.93813">
        <ele>1655.76</ele>
      </trkpt>
      <trkpt lat="35.3076" lon="-82.93821">
        <ele>1657.01</ele>
      </trkpt>
      <trkpt lat="35.30756" lon="-82.93826">
        <ele>1657.15</ele>
      </trkpt>
      <trkpt lat="35.30712" lon="-82.93855">
        <ele>1662.36</ele>
      </trkpt>
      <trkpt lat="35.30685" lon="-82.93877">
        <ele>1663.93</ele>
      </trkpt>
      <trkpt lat="35.30671" lon="-82.93945">
        <ele>1658.6</ele>
      </trkpt>
      <trkpt lat="35.30673" lon="-82.93994">
        <ele>1654.58</ele>
      </trkpt>
      <trkpt lat="35.30673" lon="-82.94">
        <ele>1654.58</ele>
      </trkpt>
      <trkpt lat="35.3067" lon="-82.94008">
        <ele>1656.2</ele>
      </trkpt>
      <trkpt lat="35.30665" lon="-82.94016">
        <ele>1659.81</ele>
      </trkpt>
      <trkpt lat="35.30663" lon="-82.94025">
        <ele>1661.1</ele>
      </trkpt>
      <trkpt lat="35.30663" lon="-82.9403">
        <ele>1660.5</ele>
      </trkpt>
      <trkpt lat="35.3066" lon="-82.94033">
        <ele>1661.47</ele>
      </trkpt>
      <trkpt lat="35.30656" lon="-82.94046">
        <ele>1659.86</ele>
      </trkpt>
      <trkpt lat="35.30655" lon="-82.94056">
        <ele>1658.2</ele>
      </trkpt>
      <trkpt lat="35.30656" lon="-82.94071">
        <ele>1655.19</ele>
      </trkpt>
      <trkpt lat="35.30649" lon="-82.94107">
        <ele>1653.57</ele>
      </trkpt>
      <trkpt lat="35.30633" lon="-82.94153">
        <ele>1648.56</ele>
      </trkpt>
      <trkpt lat="35.30628" lon="-82.9417">
        <ele>1646.81</ele>
      </trkpt>
      <trkpt lat="35.30628" lon="-82.9417">
        <ele>1646.81</ele>
      </trkpt>
      <trkpt lat="35.30624" lon="-82.94185">
        <ele>1645.25</ele>
      </trkpt>
      <trkpt lat="35.30611" lon="-82.94207">
        <ele>1645.67</ele>
      </trkpt>
      <trkpt lat="35.30607" lon="-82.94228">
        <ele>1643.64</ele>
      </trkpt>
      <trkpt lat="35.30607" lon="-82.94229">
        <ele>1643.42</ele>
      </trkpt>
      <trkpt lat="35.30607" lon="-82.94229">
        <ele>1643.42</ele>
      </trkpt>
      <trkpt lat="35.3062" lon="-82.94244">
        <ele>1639.07</ele>
      </trkpt>
      <trkpt lat="35.30624" lon="-82.94251">
        <ele>1638.15</ele>
      </trkpt>
      <trkpt lat="35.30632" lon="-82.94256">
        <ele>1636.74</ele>
      </trkpt>
      <trkpt lat="35.30656" lon="-82.94252">
        <ele>1632.89</ele>
      </trkpt>
      <trkpt lat="35.3069" lon="-82.94241">
        <ele>1630.07</ele>
      </trkpt>
      <trkpt lat="35.30708" lon="-82.94232">
        <ele>1629.11</ele>
      </trkpt>
      <trkpt lat="35.30728" lon="-82.94225">
        <ele>1626.9</ele>
      </trkpt>
      <trkpt lat="35.3074" lon="-82.94223">
        <ele>1626.25</ele>
      </trkpt>
      <trkpt lat="35.30749" lon="-82.94214">
        <ele>1622.54</ele>
      </trkpt>
      <trkpt lat="35.30773" lon="-82.94208">
        <ele>1621.34</ele>
      </trkpt>
      <trkpt lat="35.30793" lon="-82.94214">
        <ele>1626.02</ele>
      </trkpt>
      <trkpt lat="35.30802" lon="-82.94209">
        <ele>1624.29</ele>
      </trkpt>
      <trkpt lat="35.3081" lon="-82.94217">
        <ele>1625.72</ele>
      </trkpt>
      <trkpt lat="35.3081" lon="-82.9424">
        <ele>1625.64</ele>
      </trkpt>
      <trkpt lat="35.30813" lon="-82.94252">
        <ele>1623.94</ele>
      </trkpt>
      <trkpt lat="35.30812" lon="-82.94261">
        <ele>1624.22</ele>
      </trkpt>
      <trkpt lat="35.30819" lon="-82.94266">
        <ele>1621.4</ele>
      </trkpt>
      <trkpt lat="35.30828" lon="-82.94271">
        <ele>1620.23</ele>
      </trkpt>
      <trkpt lat="35.30839" lon="-82.94282">
        <ele>1623.54</ele>
      </trkpt>
      <trkpt lat="35.30844" lon="-82.94281">
        <ele>1622.94</ele>
      </trkpt>
      <trkpt lat="35.3085" lon="-82.94282">
        <ele>1622.93</ele>
      </trkpt>
      <trkpt lat="35.30855" lon="-82.94281">
        <ele>1622.5</ele>
      </trkpt>
      <trkpt lat="35.30864" lon="-82.94284">
        <ele>1623.03</ele>
      </trkpt>
      <trkpt lat="35.30888" lon="-82.94303">
        <ele>1619.29</ele>
      </trkpt>
      <trkpt lat="35.30888" lon="-82.9431">
        <ele>1619.81</ele>
      </trkpt>
      <trkpt lat="35.3089" lon="-82.94317">
        <ele>1619.31</ele>
      </trkpt>
      <trkpt lat="35.30889" lon="-82.94324">
        <ele>1619.94</ele>
      </trkpt>
      <trkpt lat="35.30893" lon="-82.94333">
        <ele>1618.21</ele>
      </trkpt>
      <trkpt lat="35.309" lon="-82.94342">
        <ele>1615.39</ele>
      </trkpt>
      <trkpt lat="35.3091" lon="-82.94346">
        <ele>1613.38</ele>
      </trkpt>
      <trkpt lat="35.30925" lon="-82.94342">
        <ele>1610.75</ele>
      </trkpt>
      <trkpt lat="35.30944" lon="-82.94347">
        <ele>1611.5</ele>
      </trkpt>
      <trkpt lat="35.30951" lon="-82.94355">
        <ele>1612.36</ele>
      </trkpt>
      <trkpt lat="35.30981" lon="-82.94435">
        <ele>1611.1</ele>
      </trkpt>
      <trkpt lat="35.30995" lon="-82.9446">
        <ele>1607.93</ele>
      </trkpt>
      <trkpt lat="35.3102" lon="-82.945">
        <ele>1606.84</ele>
      </trkpt>
      <trkpt lat="35.31034" lon="-82.9451">
        <ele>1605.33</ele>
      </trkpt>
      <trkpt lat="35.31051" lon="-82.94524">
        <ele>1604.08</ele>
      </trkpt>
      <trkpt lat="35.31074" lon="-82.94533">
        <ele>1601.57</ele>
      </trkpt>
      <trkpt lat="35.31079" lon="-82.94543">
        <ele>1600.94</ele>
      </trkpt>
      <trkpt lat="35.31079" lon="-82.94554">
        <ele>1600.55</ele>
      </trkpt>
      <trkpt lat="35.31058" lon="-82.94576">
        <ele>1599.17</ele>
      </trkpt>
      <trkpt lat="35.31034" lon="-82.94581">
        <ele>1597.59</ele>
      </trkpt>
      <trkpt lat="35.30999" lon="-82.94592">
        <ele>1597.19</ele>
      </trkpt>
      <trkpt lat="35.30982" lon="-82.94615">
        <ele>1595.24</ele>
      </trkpt>
      <trkpt lat="35.30979" lon="-82.94643">
        <ele>1598.25</ele>
      </trkpt>
      <trkpt lat="35.30977" lon="-82.94645">
        <ele>1599.11</ele>
      </trkpt>
      <trkpt lat="35.30977" lon="-82.94655">
        <ele>1599.45</ele>
      </trkpt>
      <trkpt lat="35.30981" lon="-82.94669">
        <ele>1597.87</ele>
      </trkpt>
      <trkpt lat="35.30982" lon="-82.94698">
        <ele>1597.89</ele>
      </trkpt>
      <trkpt lat="35.30978" lon="-82.94714">
        <ele>1599.6</ele>
      </trkpt>
      <trkpt lat="35.30976" lon="-82.94729">
        <ele>1597.13</ele>
      </trkpt>
      <trkpt lat="35.30968" lon="-82.94731">
        <ele>1597.56</ele>
      </trkpt>
      <trkpt lat="35.3096" lon="-82.94738">
        <ele>1597.62</ele>
      </trkpt>
      <trkpt lat="35.30952" lon="-82.94738">
        <ele>1598.35</ele>
      </trkpt>
      <trkpt lat="35.3095" lon="-82.94743">
        <ele>1597.37</ele>
      </trkpt>
      <trkpt lat="35.3094" lon="-82.94745">
        <ele>1597.56</ele>
      </trkpt>
      <trkpt lat="35.30933" lon="-82.94751">
        <ele>1596.81</ele>
      </trkpt>
      <trkpt lat="35.30919" lon="-82.94767">
        <ele>1594.95</ele>
      </trkpt>
      <trkpt lat="35.30907" lon="-82.94786">
        <ele>1592.22</ele>
      </trkpt>
      <trkpt lat="35.30893" lon="-82.94795">
        <ele>1591.22</ele>
      </trkpt>
      <trkpt lat="35.30878" lon="-82.94795">
        <ele>1591.28</ele>
      </trkpt>
      <trkpt lat="35.30856" lon="-82.948">
        <ele>1590.75</ele>
      </trkpt>
      <trkpt lat="35.30815" lon="-82.94849">
        <ele>1590.58</ele>
      </trkpt>
      <trkpt lat="35.30804" lon="-82.94862">
        <ele>1589.22</ele>
      </trkpt>
      <trkpt lat="35.30796" lon="-82.94868">
        <ele>1589.58</ele>
      </trkpt>
      <trkpt lat="35.30788" lon="-82.94879">
        <ele>1589.86</ele>
      </trkpt>
      <trkpt lat="35.30788" lon="-82.94903">
        <ele>1587.79</ele>
      </trkpt>
      <trkpt lat="35.30797" lon="-82.9492">
        <ele>1586.18</ele>
      </trkpt>
      <trkpt lat="35.30814" lon="-82.94936">
        <ele>1583.26</ele>
      </trkpt>
      <trkpt lat="35.30826" lon="-82.94943">
        <ele>1582.48</ele>
      </trkpt>
      <trkpt lat="35.30857" lon="-82.94974">
        <ele>1582.27</ele>
      </trkpt>
      <trkpt lat="35.3088" lon="-82.94993">
        <ele>1579.44</ele>
      </trkpt>
      <trkpt lat="35.30902" lon="-82.95008">
        <ele>1579.31</ele>
      </trkpt>
      <trkpt lat="35.30923" lon="-82.95014">
        <ele>1579.02</ele>
      </trkpt>
      <trkpt lat="35.30951" lon="-82.95012">
        <ele>1579.3</ele>
      </trkpt>
      <trkpt lat="35.30965" lon="-82.95006">
        <ele>1578.52</ele>
      </trkpt>
      <trkpt lat="35.30985" lon="-82.95004">
        <ele>1579.68</ele>
      </trkpt>
      <trkpt lat="35.31014" lon="-82.94994">
        <ele>1579.22</ele>
      </trkpt>
      <trkpt lat="35.31051" lon="-82.9499">
        <ele>1581.84</ele>
      </trkpt>
      <trkpt lat="35.3106" lon="-82.94992">
        <ele>1582.27</ele>
      </trkpt>
      <trkpt lat="35.31063" lon="-82.94994">
        <ele>1582.7</ele>
      </trkpt>
      <trkpt lat="35.31073" lon="-82.94992">
        <ele>1582.27</ele>
      </trkpt>
      <trkpt lat="35.31087" lon="-82.94993">
        <ele>1582.39</ele>
      </trkpt>
      <trkpt lat="35.31095" lon="-82.94991">
        <ele>1582.29</ele>
      </trkpt>
      <trkpt lat="35.3111" lon="-82.9498">
        <ele>1582.88</ele>
      </trkpt>
      <trkpt lat="35.31128" lon="-82.94974">
        <ele>1582.33</ele>
      </trkpt>
      <trkpt lat="35.31141" lon="-82.94972">
        <ele>1581.98</ele>
      </trkpt>
      <trkpt lat="35.31159" lon="-82.9496">
        <ele>1580.68</ele>
      </trkpt>
      <trkpt lat="35.31165" lon="-82.9496">
        <ele>1580.68</ele>
      </trkpt>
      <trkpt lat="35.31183" lon="-82.94948">
        <ele>1579.38</ele>
      </trkpt>
      <trkpt lat="35.31193" lon="-82.94947">
        <ele>1580.12</ele>
      </trkpt>
      <trkpt lat="35.31202" lon="-82.9494">
        <ele>1579.94</ele>
      </trkpt>
      <trkpt lat="35.31206" lon="-82.94931">
        <ele>1578.8</ele>
      </trkpt>
      <trkpt lat="35.31218" lon="-82.94925">
        <ele>1579.44</ele>
      </trkpt>
      <trkpt lat="35.31234" lon="-82.94925">
        <ele>1580.14</ele>
      </trkpt>
      <trkpt lat="35.3124" lon="-82.9493">
        <ele>1581.36</ele>
      </trkpt>
      <trkpt lat="35.31247" lon="-82.94926">
        <ele>1581.01</ele>
      </trkpt>
      <trkpt lat="35.31258" lon="-82.94922">
        <ele>1580.58</ele>
      </trkpt>
      <trkpt lat="35.31263" lon="-82.94925">
        <ele>1580.9</ele>
      </trkpt>
      <trkpt lat="35.31266" lon="-82.94924">
        <ele>1580.79</ele>
      </trkpt>
      <trkpt lat="35.31278" lon="-82.94924">
        <ele>1580.56</ele>
      </trkpt>
      <trkpt lat="35.31286" lon="-82.94929">
        <ele>1580.74</ele>
      </trkpt>
      <trkpt lat="35.31291" lon="-82.94935">
        <ele>1581.53</ele>
      </trkpt>
      <trkpt lat="35.31299" lon="-82.94932">
        <ele>1580.02</ele>
      </trkpt>
      <trkpt lat="35.31312" lon="-82.94943">
        <ele>1581.84</ele>
      </trkpt>
      <trkpt lat="35.3132" lon="-82.94951">
        <ele>1583.56</ele>
      </trkpt>
      <trkpt lat="35.31331" lon="-82.94957">
        <ele>1584.59</ele>
      </trkpt>
      <trkpt lat="35.31338" lon="-82.94955">
        <ele>1583.56</ele>
      </trkpt>
      <trkpt lat="35.31347" lon="-82.9496">
        <ele>1585.4</ele>
      </trkpt>
      <trkpt lat="35.31361" lon="-82.94963">
        <ele>1586.02</ele>
      </trkpt>
      <trkpt lat="35.31369" lon="-82.94961">
        <ele>1586.04</ele>
      </trkpt>
      <trkpt lat="35.31377" lon="-82.94963">
        <ele>1587.02</ele>
      </trkpt>
      <trkpt lat="35.31383" lon="-82.94959">
        <ele>1585.92</ele>
      </trkpt>
      <trkpt lat="35.31392" lon="-82.94958">
        <ele>1586.04</ele>
      </trkpt>
      <trkpt lat="35.31398" lon="-82.94958">
        <ele>1586.38</ele>
      </trkpt>
      <trkpt lat="35.314" lon="-82.94951">
        <ele>1584.43</ele>
      </trkpt>
      <trkpt lat="35.31406" lon="-82.94938">
        <ele>1581.35</ele>
      </trkpt>
      <trkpt lat="35.31446" lon="-82.94908">
        <ele>1587.93</ele>
      </trkpt>
      <trkpt lat="35.31462" lon="-82.94894">
        <ele>1589.79</ele>
      </trkpt>
      <trkpt lat="35.31474" lon="-82.94881">
        <ele>1587.98</ele>
      </trkpt>
      <trkpt lat="35.31498" lon="-82.94881">
        <ele>1588.81</ele>
      </trkpt>
      <trkpt lat="35.31521" lon="-82.94895">
        <ele>1589.18</ele>
      </trkpt>
      <trkpt lat="35.31526" lon="-82.94899">
        <ele>1588.94</ele>
      </trkpt>
      <trkpt lat="35.31547" lon="-82.94914">
        <ele>1589.98</ele>
      </trkpt>
      <trkpt lat="35.31556" lon="-82.94922">
        <ele>1590.06</ele>
      </trkpt>
      <trkpt lat="35.31562" lon="-82.94938">
        <ele>1591.22</ele>
      </trkpt>
      <trkpt lat="35.31563" lon="-82.94962">
        <ele>1592.76</ele>
      </trkpt>
      <trkpt lat="35.3156" lon="-82.94975">
        <ele>1592.64</ele>
      </trkpt>
      <trkpt lat="35.31562" lon="-82.95006">
        <ele>1584.98</ele>
      </trkpt>
      <trkpt lat="35.3155" lon="-82.95045">
        <ele>1589.4</ele>
      </trkpt>
      <trkpt lat="35.3154" lon="-82.9507">
        <ele>1589.34</ele>
      </trkpt>
      <trkpt lat="35.31504" lon="-82.95122">
        <ele>1584.92</ele>
      </trkpt>
      <trkpt lat="35.31463" lon="-82.95195">
        <ele>1586.8</ele>
      </trkpt>
      <trkpt lat="35.31429" lon="-82.9525">
        <ele>1589.67</ele>
      </trkpt>
      <trkpt lat="35.31393" lon="-82.95322">
        <ele>1590.77</ele>
      </trkpt>
      <trkpt lat="35.3139" lon="-82.95355">
        <ele>1590.8</ele>
      </trkpt>
    </trkseg>
  </trk>
</gpx>
